0 
2 
5 
8 
10 
14 
18 
20 
23 
26 
29 
32 
35 
38 
41 
44 
48 
50 
52 
54 
56 
58 
60 
62 
64 
66 
68 
70 
72 
74 
78 
80 
83 
86 
89 
92 
95 
98 
101 
104 
107 
110 
113 
116 
119 
122 
125 
128 
131 
134 
137 
140 
142 
144 
146 
148 
150 
152 
156 
158 
160 
164 
168 
170 
172 
176 
180 
182 
184 
188 
190 
194 
196 
200 
202 
204 
208 
212 
214 
216 
220 
222 
226 
228 
230 
232 
234 
236 
238 
240 
244 
247 
250 
253 
256 
259 
262 
265 
268 
271 
274 
277 
280 
283 
286 
289 
292 
295 
298 
301 
304 
307 
310 
313 
316 
319 
322 
325 
328 
331 
334 
337 
340 
343 
346 
349 
352 
355 
358 
361 
364 
367 
370 
373 
376 
379 
382 
385 
388 
391 
394 
397 
400 
403 
406 
409 
412 
415 
418 
421 
424 
427 
430 
434 
436 
438 
440 
444 
448 
450 
452 
456 
458 
462 
464 
466 
468 
470 
472 
474 
476 
480 
484 
486 
488 
490 
492 
494 
496 
498 
500 
502 
504 
506 
508 
512 
516 
518 
520 
522 
524 
526 
528 
530 
532 
534 
536 
538 
540 
544 
546 
550 
552 
554 
556 
558 
560 
562 
566 
568 
570 
572 
574 
576 
580 
582 
584 
586 
588 
590 
592 
594 
598 
600 
604 
606 
608 
610 
612 
614 
616 
618 
620 
622 
624 
626 
628 
632 
634 
638 
640 
642 
644 
646 
648 
650 
654 
656 
658 
660 
662 
666 
668 
672 
674 
676 
680 
682 
686 
690 
692 
694 
698 
700 
702 
704 
706 
708 
710 
713 
716 
719 
722 
725 
728 
731 
734 
737 
740 
743 
746 
749 
752 
755 
758 
761 
764 
767 
770 
773 
776 
779 
782 
785 
788 
791 
794 
797 
800 
803 
806 
809 
812 
815 
818 
821 
824 
827 
830 
833 
836 
839 
842 
845 
848 
851 
854 
857 
860 
863 
866 
869 
872 
875 
878 
881 
884 
887 
890 
893 
896 
899 
902 
905 
908 
911 
914 
917 
920 
923 
926 
929 
932 
935 
938 
941 
944 
947 
950 
953 
956 
959 
962 
965 
968 
971 
974 
977 
980 
983 
986 
989 
992 
995 
998 
1001 
1004 
1007 
1010 
1013 
1016 
1019 
1022 
1025 
1028 
1031 
1034 
1037 
1040 
1043 
1046 
1049 
1052 
1055 
1058 
1061 
1064 
1067 
1070 
1073 
1076 
1079 
1082 
1085 
1088 
1091 
1094 
1097 
1100 
1103 
1106 
1109 
1112 
1115 
1118 
1121 
1124 
1127 
1130 
1133 
1136 
1139 
1142 
1145 
1148 
1151 
1154 
1157 
1160 
1163 
1166 
1168 
1170 
1172 
1174 
1176 
1178 
1182 
1184 
1188 
1190 
1194 
1196 
1198 
1200 
1202 
1204 
1206 
1208 
1210 
1212 
1214 
1216 
1218 
1222 
1224 
1228 
1230 
1232 
1234 
1236 
1238 
1242 
1244 
1246 
1248 
1250 
1252 
1256 
1258 
1262 
1264 
1266 
1270 
1274 
1276 
1278 
1282 
1284 
1288 
1290 
1292 
1294 
1296 
1298 
1300 
1302 
1304 
1306 
1308 
1310 
1312 
1316 
1318 
1320 
1324 
1328 
1330 
1332 
1336 
1338 
1342 
1346 
1348 
1350 
1354 
1356 
1360 
1364 
1366 
1368 
1372 
1374 
1376 
1378 
1380 
1382 
1384 
1386 
1388 
1390 
1392 
1394 
1396 
1400 
1402 
1404 
1408 
1410 
1412 
1416 
1418 
1422 
1426 
1428 
1430 
1434 
1436 
1438 
1442 
1444 
1448 
1450 
1452 
1454 
1456 
1458 
1460 
1464 
1466 
1468 
1470 
1472 
1474 
1476 
1478 
1482 
1484 
1486 
1490 
1492 
1494 
1498 
1502 
1504 
1506 
1508 
1510 
1512 
1514 
1516 
1520 
1522 
1524 
1528 
1530 
1532 
1536 
1538 
1540 
1542 
1544 
1546 
1548 
1550 
1554 
1558 
1560 
1562 
1566 
1568 
1570 
1574 
1576 
1580 
1582 
1584 
1586 
1588 
1590 
1592 
1594 
1598 
1600 
1602 
1604 
1606 
1608 
1610 
1614 
1616 
1618 
1622 
1624 
1628 
1630 
1632 
1636 
1638 
1642 
1644 
1648 
1650 
1654 
1656 
1658 
1662 
1664 
1668 
1670 
1672 
1674 
1676 
1678 
1680 
1684 
1686 
1688 
1690 
1692 
1694 
1696 
1698 
1702 
1704 
1706 
1708 
1712 
1714 
1716 
1720 
1724 
1726 
1728 
1730 
1732 
1734 
1736 
1738 
1740 
1744 
1746 
1750 
1752 
1754 
1758 
1760 
1762 
1764 
1766 
1768 
1770 
1774 
1776 
1778 
1780 
1782 
1784 
1788 
1790 
1794 
1796 
1798 
1800 
1802 
1804 
1806 
1810 
1812 
1814 
1816 
1818 
1820 
1822 
1824 
1826 
1828 
1830 
1834 
1838 
1840 
1842 
1844 
1846 
1848 
1850 
1852 
1856 
1858 
1862 
1864 
1866 
1870 
1874 
1876 
1878 
1882 
1885 
1888 
1891 
1894 
1897 
1900 
1903 
1906 
1909 
1912 
1915 
1918 
1921 
1924 
1927 
1930 
1933 
1936 
1939 
1942 
1945 
1948 
1951 
1954 
1957 
1960 
1963 
1966 
1969 
1972 
1975 
1978 
1981 
1984 
1987 
1990 
1993 
1996 
1999 
2002 
2005 
2008 
2011 
2014 
2017 
2020 
2023 
2026 
2029 
2032 
2035 
2038 
2041 
2044 
2047 
2050 
2053 
2056 
2059 
2062 
2065 
2068 
2071 
2074 
2077 
2080 
2083 
2086 
2089 
2092 
2095 
2098 
2101 
2104 
2107 
2110 
2113 
2116 
2119 
2122 
2125 
2128 
2131 
2134 
2137 
2140 
2143 
2146 
2149 
2152 
2155 
2158 
2161 
2164 
2167 
2170 
2173 
2176 
2179 
2182 
2185 
2188 
2191 
2194 
2197 
2200 
2203 
2206 
2209 
2212 
2215 
2218 
2221 
2224 
2227 
2230 
2233 
2236 
2239 
2242 
2245 
2248 
2251 
2254 
2257 
2260 
2263 
2266 
2269 
2272 
2275 
2278 
2281 
2284 
2287 
2290 
2293 
2296 
2299 
2302 
2305 
2308 
2311 
2314 
2317 
2320 
2323 
2326 
2329 
2332 
2335 
2338 
2341 
2344 
2347 
2350 
2353 
2356 
2359 
2362 
2365 
2368 
2371 
2374 
2377 
2380 
2383 
2386 
2389 
2392 
2395 
2398 
2401 
2404 
2407 
2410 
2413 
2416 
2419 
2422 
2425 
2428 
2431 
2434 
2437 
2440 
2443 
2446 
2449 
2452 
2455 
2458 
2461 
2464 
2467 
2470 
2473 
2476 
2479 
2482 
2485 
2488 
2491 
2494 
2497 
2500 
2503 
2506 
2509 
2512 
2515 
2518 
2521 
2524 
2527 
2530 
2533 
2536 
2539 
2542 
2545 
2548 
2551 
2554 
2557 
2560 
2563 
2566 
2569 
2572 
2575 
2578 
2581 
2584 
2587 
2590 
2593 
2596 
2599 
2602 
2605 
2608 
2611 
2614 
2617 
2620 
2623 
2626 
2629 
2632 
2635 
2638 
2641 
2644 
2647 
2650 
2653 
2656 
2659 
2662 
2665 
2668 
2671 
2674 
2677 
2680 
2683 
2686 
2689 
2692 
2695 
2698 
2701 
2704 
2707 
2710 
2713 
2716 
2719 
2722 
2725 
2728 
2731 
2734 
2737 
2740 
2743 
2746 
2749 
2752 
2755 
2758 
2761 
2764 
2767 
2770 
2773 
2776 
2779 
2782 
2785 
2788 
2791 
2794 
2797 
2800 
2803 
2806 
2809 
2812 
2815 
2818 
2821 
2824 
2827 
2830 
2833 
2836 
2839 
2842 
2845 
2848 
2851 
2854 
2857 
2860 
2863 
2866 
2869 
2872 
2875 
2878 
2881 
2884 
2887 
2890 
2893 
2896 
2899 
2902 
2905 
2908 
2911 
2914 
2917 
2920 
2923 
2926 
2929 
2932 
2935 
2938 
2941 
2944 
2947 
2950 
2953 
2956 
2959 
2962 
2965 
2968 
2971 
2974 
2977 
2980 
2983 
2986 
2989 
2992 
2995 
2998 
3001 
3004 
3007 
3010 
3013 
3016 
3019 
3022 
3025 
3028 
3031 
3034 
3037 
3040 
3043 
3046 
3049 
3052 
3055 
3058 
3061 
3064 
3067 
3070 
3074 
3076 
3078 
3082 
3084 
3086 
3090 
3092 
3096 
3098 
3100 
3102 
3104 
3106 
3108 
3110 
3114 
3116 
3118 
3120 
3122 
3124 
3126 
3128 
3132 
3134 
3136 
3138 
3140 
3142 
3144 
3148 
3150 
3154 
3156 
3158 
3162 
3164 
3166 
3170 
3172 
3176 
3180 
3182 
3184 
3186 
3190 
3194 
3196 
3198 
3202 
3204 
3206 
3208 
3210 
3212 
3214 
3218 
3220 
3222 
3224 
3226 
3228 
3230 
3232 
3236 
3238 
3240 
3244 
3246 
3248 
3252 
3256 
3258 
3260 
3262 
3264 
3266 
3268 
3270 
3272 
3276 
3278 
3280 
3284 
3286 
3288 
3292 
3294 
3296 
3298 
3300 
3304 
3306 
3308 
3310 
3312 
3314 
3316 
3318 
3322 
3324 
3328 
3330 
3332 
3334 
3336 
3338 
3340 
3342 
3344 
3346 
3348 
3352 
3356 
3358 
3360 
3362 
3364 
3366 
3368 
3372 
3374 
3376 
3378 
3380 
3382 
3384 
3386 
3390 
3392 
3396 
3398 
3400 
3404 
3408 
3410 
3412 
3416 
3420 
3422 
3424 
3426 
3430 
3434 
3436 
3438 
3442 
3444 
3448 
3450 
3452 
3454 
3456 
3458 
3460 
3462 
3466 
3470 
3472 
3474 
3476 
3478 
3480 
3482 
3484 
3486 
3490 
3492 
3496 
3498 
3500 
3502 
3504 
3506 
3508 
3512 
3514 
3516 
3518 
3520 
3522 
3524 
3526 
3530 
3532 
3536 
3538 
3540 
3542 
3544 
3546 
3548 
3552 
3554 
3556 
3558 
3560 
3562 
3564 
3566 
3568 
3570 
3574 
3578 
3580 
3582 
3584 
3586 
3588 
3590 
3592 
3596 
3598 
3602 
3604 
3606 
3610 
3614 
3616 
3618 
3622 
3624 
3628 
3630 
3632 
3636 
3640 
3642 
3644 
3648 
3650 
3654 
3656 
3658 
3660 
3662 
3664 
3666 
3668 
3672 
3676 
3678 
3680 
3682 
3684 
3686 
3688 
3692 
3694 
3698 
3700 
3702 
3706 
3708 
3710 
3712 
3714 
3716 
3718 
3720 
3722 
3724 
3726 
3728 
3732 
3734 
3738 
3740 
3742 
3744 
3746 
3748 
3750 
3752 
3756 
3760 
3762 
3764 
3766 
3768 
3770 
3772 
3776 
3778 
3780 
3782 
3784 
3786 
3788 
3790 
3794 
3796 
3800 
3802 
3804 
3808 
3812 
3814 
3816 
3820 
3822 
3824 
3826 
3828 
3830 
3832 
3836 
3838 
3840 
3844 
3846 
3848 
3852 
3856 
3858 
3860 
3864 
3866 
3870 
3872 
3874 
3876 
3878 
3882 
3884 
3888 
3890 
3892 
3894 
3896 
3898 
3900 
3902 
3904 
3908 
3910 
3914 
3916 
3918 
3920 
3922 
3924 
3926 
3928 
3930 
3932 
3934 
3936 
3940 
3942 
3944 
3948 
3952 
3954 
3956 
3960 
3962 
3964 
3968 
3970 
3974 
3976 
3978 
3980 
3982 
3986 
3988 
3992 
3994 
3996 
3998 
4000 
4002 
4004 
4006 
4008 
4012 
4014 
4018 
4020 
4022 
4024 
4026 
4028 
4032 
4034 
4036 
4038 
4042 
4044 
4048 
4052 
4054 
4056 
4060 
4062 
4064 
4066 
4068 
4070 
4072 
4074 
4076 
4078 
4080 
4082 
4084 
4088 
4090 
4094 
4096 
4098 
4100 
4102 
4104 
4106 
4108 
4112 
4114 
4118 
4120 
4122 
4124 
4126 
4130 
4132 
4134 
4136 
4138 
4140 
4144 
4146 
4150 
4152 
4154 
4158 
4162 
4164 
4166 
4170 
4172 
4176 
4178 
4180 
4182 
4184 
4186 
4188 
4190 
4194 
4196 
4198 
4202 
4206 
4208 
4210 
4214 
4216 
4220 
4222 
4224 
4226 
4228 
4230 
4232 
4234 
4238 
4242 
4244 
4246 
4248 
4250 
4252 
4254 
4258 
4260 
4262 
4264 
4266 
4268 
4270 
4272 
4276 
4278 
4282 
4284 
4286 
4288 
4292 
4294 
4296 
4298 
4300 
4302 
4306 
4308 
4310 
4312 
4314 
4316 
4318 
4320 
4324 
4326 
4328 
4330 
4332 
4334 
4336 
4338 
4342 
4346 
4348 
4350 
4352 
4354 
4356 
4358 
4362 
4364 
4366 
4368 
4370 
4372 
4374 
4376 
4380 
4382 
4386 
4388 
4390 
4394 
4398 
4400 
4402 
4406 
4408 
4410 
4412 
4414 
4416 
4418 
4422 
4424 
4426 
4430 
4432 
4434 
4438 
4442 
4444 
4446 
4450 
4452 
4456 
4458 
4460 
4462 
4464 
4468 
4470 
4474 
4476 
4480 
4482 
4484 
4486 
4488 
4490 
4492 
4494 
4496 
4500 
4502 
4506 
4508 
4510 
4512 
4514 
4516 
4518 
4520 
4522 
4524 
4526 
4528 
4532 
4534 
4536 
4540 
4544 
4546 
4548 
4552 
4554 
4556 
4560 
4562 
4566 
4570 
4572 
4574 
4576 
4578 
4580 
4584 
4586 
4588 
4590 
4592 
4594 
4596 
4598 
4600 
4604 
4606 
4610 
4612 
4614 
4616 
4618 
4620 
4624 
4626 
4628 
4632 
4636 
4638 
4640 
4644 
4646 
4648 
4650 
4652 
4654 
4656 
4658 
4660 
4664 
4668 
4670 
4672 
4676 
4678 
4680 
4682 
4684 
4686 
4688 
4690 
4694 
4696 
4698 
4700 
4702 
4704 
4706 
4710 
4712 
4716 
4718 
4720 
4724 
4728 
4730 
4732 
4736 
4738 
4740 
4742 
4744 
4746 
4748 
4750 
4754 
4756 
4758 
4762 
4766 
4768 
4770 
4774 
4776 
4778 
4782 
4784 
4786 
4790 
4792 
4796 
4798 
4800 
4802 
4804 
4806 
4808 
4810 
4812 
4814 
4816 
4818 
4820 
4824 
4826 
4828 
4832 
4836 
4838 
4840 
4844 
4846 
4848 
4852 
4854 
4858 
4860 
4862 
4864 
4866 
4870 
4872 
4874 
4876 
4878 
4880 
4884 
4886 
4890 
4892 
4894 
4896 
4898 
4900 
4902 
4904 
4906 
4908 
4910 
4912 
4916 
4918 
4922 
4924 
4926 
4928 
4930 
4932 
4935 
4938 
4941 
4944 
4947 
4950 
4953 
4956 
4959 
4962 
4965 
4968 
4971 
4974 
4977 
4980 
4983 
4986 
4989 
4992 
4995 
4998 
5001 
5004 
5007 
5010 
5013 
5016 
5019 
5022 
5025 
5028 
5031 
5034 
5037 
5040 
5043 
5046 
5049 
5052 
5055 
5058 
5061 
5064 
5067 
5070 
5073 
5076 
5079 
5082 
5085 
5088 
5091 
5094 
5097 
5100 
5103 
5106 
5109 
5112 
5115 
5118 
5121 
5124 
5127 
5130 
5133 
5136 
5139 
5142 
5145 
5148 
5151 
5154 
5157 
5160 
5163 
5166 
5169 
5172 
5175 
5178 
5181 
5184 
5187 
5190 
5193 
5196 
5199 
5202 
5205 
5208 
5211 
5214 
5217 
5220 
5223 
5226 
5229 
5232 
5235 
5238 
5241 
5244 
5247 
5250 
5253 
5256 
5259 
5262 
5265 
5268 
5271 
5274 
5277 
5280 
5283 
5286 
5289 
5292 
5295 
5298 
5301 
5304 
5307 
5310 
5313 
5316 
5319 
5322 
5325 
5328 
5331 
5334 
5337 
5340 
5343 
5346 
5349 
5352 
5355 
5358 
5361 
5364 
5367 
5370 
5373 
5376 
5379 
5382 
5385 
5388 
5391 
5394 
5397 
5400 
5403 
5406 
5409 
5412 
5415 
5418 
5421 
5424 
5427 
5430 
5433 
5436 
5439 
5442 
5445 
5448 
5451 
5454 
5457 
5460 
5463 
5466 
5469 
5472 
5475 
5478 
5481 
5484 
5487 
5490 
5493 
5496 
5499 
5502 
5505 
5508 
5511 
5514 
5517 
5520 
5523 
5526 
5529 
5532 
5535 
5538 
5541 
5544 
5547 
5550 
5553 
5556 
5559 
5562 
5565 
5568 
5571 
5574 
5577 
5580 
5583 
5586 
5589 
5592 
5595 
5598 
5601 
5604 
5607 
5610 
5613 
5616 
5619 
5622 
5625 
5628 
5631 
5634 
5637 
5640 
5643 
5646 
5649 
5652 
5655 
5658 
5661 
5664 
5667 
5670 
5673 
5676 
5679 
5682 
5685 
5688 
5691 
5694 
5697 
5700 
5703 
5706 
5709 
5712 
5715 
5718 
5721 
5724 
5727 
5730 
5733 
5736 
5739 
5742 
5745 
5748 
5751 
5754 
5757 
5760 
5763 
5766 
5769 
5772 
5775 
5778 
5781 
5784 
5787 
5790 
5793 
5796 
5799 
5802 
5805 
5808 
5811 
5814 
5817 
5820 
5823 
5826 
5829 
5832 
5835 
5838 
5841 
5844 
5847 
5850 
5853 
5856 
5859 
5862 
5865 
5868 
5871 
5874 
5877 
5880 
5883 
5886 
5889 
5892 
5895 
5898 
5901 
5904 
5907 
5910 
5913 
5916 
5919 
5922 
5925 
5928 
5931 
5934 
5937 
5940 
5943 
5946 
5949 
5952 
5955 
5958 
5961 
5964 
5967 
5970 
5973 
5976 
5979 
5982 
5985 
5988 
5991 
5994 
5997 
6000 
6003 
6006 
6009 
6012 
6015 
6018 
6021 
6024 
6027 
6030 
6033 
6036 
6039 
6042 
6045 
6048 
6051 
6054 
6057 
6060 
6063 
6066 
6069 
6072 
6075 
6078 
6081 
6084 
6087 
6090 
6093 
6096 
6099 
6102 
6105 
6108 
6111 
6114 
6117 
6120 
6123 
6126 
6129 
6132 
6135 
6138 
6141 
6144 
6147 
6150 
6153 
6156 
6159 
6162 
6165 
6168 
6171 
6174 
6177 
6180 
6183 
6186 
6189 
6192 
6195 
6198 
6201 
6204 
6207 
6210 
6213 
6216 
6219 
6222 
6225 
6228 
6231 
6234 
6237 
6240 
6243 
6246 
6249 
6252 
6255 
6258 
6261 
6264 
6267 
6270 
6273 
6276 
6279 
6282 
6285 
6288 
6291 
6294 
6297 
6300 
6303 
6306 
6309 
6312 
6315 
6318 
6321 
6324 
6327 
6330 
6333 
6336 
6339 
6342 
6345 
6348 
6351 
6354 
6357 
6360 
6363 
6366 
6369 
6372 
6375 
6378 
6381 
6384 
6387 
6390 
6393 
6396 
6399 
6402 
6405 
6408 
6411 
6414 
6417 
6420 
6423 
6426 
6429 
6432 
6435 
6438 
6441 
6444 
6447 
6450 
6453 
6456 
6459 
6462 
6465 
6468 
6471 
6474 
6477 
6480 
6483 
6486 
6489 
6492 
6495 
6498 
6501 
6504 
6507 
6510 
6513 
6516 
6519 
6522 
6525 
6528 
6531 
6534 
6537 
6540 
6543 
6546 
6549 
6552 
6555 
6558 
6561 
6564 
6567 
6570 
6573 
6576 
6579 
6582 
6585 
6588 
6591 
6594 
6597 
6600 
6603 
6606 
6609 
6612 
6615 
6618 
6621 
6624 
6627 
6630 
6633 
6636 
6639 
6642 
6645 
6648 
6651 
6654 
6657 
6660 
6663 
6666 
6669 
6672 
6675 
6678 
6681 
6684 
6687 
6690 
6693 
6696 
6699 
6702 
6705 
6708 
6711 
6714 
6717 
6720 
6723 
6726 
6729 
6732 
6735 
6738 
6741 
6744 
6747 
6750 
6753 
6756 
6759 
6762 
6765 
6768 
6771 
6774 
6777 
6780 
6783 
6786 
6789 
6792 
6795 
6798 
6801 
6804 
6807 
6810 
6813 
6816 
6819 
6822 
6825 
6828 
6831 
6834 
6837 
6840 
6843 
6846 
6849 
6852 
6855 
6858 
6861 
6864 
6867 
6870 
6873 
6876 
6879 
6882 
6885 
6888 
6891 
6894 
6897 
6900 
6903 
6906 
6909 
6912 
6915 
6918 
6921 
6924 
6927 
6930 
6933 
6936 
6939 
6942 
6945 
6948 
6951 
6954 
6957 
6960 
6963 
6966 
6969 
6972 
6975 
6978 
6981 
6984 
6987 
6990 
6993 
6996 
6999 
7002 
7005 
7008 
7011 
7014 
7017 
7020 
7023 
7026 
7029 
7032 
7035 
7038 
7041 
7044 
7047 
7050 
7053 
7056 
7059 
7062 
7065 
7068 
7071 
7074 
7077 
7080 
7083 
7086 
7089 
7092 
7095 
7098 
7101 
7104 
7107 
7110 
7113 
7116 
7119 
7122 
7125 
7128 
7131 
7134 
7137 
7140 
7143 
7146 
7149 
7152 
7155 
7158 
7161 
7164 
7167 
7170 
7173 
7176 
7179 
7182 
7185 
7188 
7191 
7194 
7197 
7200 
7203 
7206 
7209 
7212 
7215 
7218 
7221 
7224 
7227 
7230 
7233 
7236 
7239 
7242 
7245 
7248 
7251 
7254 
7257 
7260 
7263 
7266 
7269 
7272 
7275 
7278 
7281 
7284 
7287 
7290 
7293 
7296 
7299 
7302 
7305 
7308 
7311 
7314 
7317 
7320 
7323 
7326 
7329 
7332 
7335 
7338 
7341 
7344 
7347 
7350 
7353 
7356 
7359 
7362 
7365 
7368 
7371 
7374 
7377 
7380 
7383 
7386 
7389 
7392 
7395 
7398 
7401 
7404 
7407 
7410 
7413 
7416 
7419 
7422 
7425 
7428 
7431 
7434 
7437 
7440 
7443 
7446 
7449 
7452 
7455 
7458 
7461 
7464 
7467 
7470 
7473 
7476 
7479 
7482 
7485 
7488 
7491 
7494 
7497 
7500 
7503 
7506 
7509 
7512 
7515 
7518 
7521 
7524 
7527 
7530 
7533 
7536 
7539 
7542 
7545 
7548 
7551 
7554 
7557 
7560 
7563 
7566 
7569 
7572 
7575 
7578 
7581 
7584 
7587 
7590 
7593 
7596 
7599 
7602 
7605 
7608 
7611 
7614 
7617 
7620 
7623 
7626 
7629 
7632 
7635 
7638 
7641 
7644 
7647 
7650 
7653 
7656 
7659 
7662 
7665 
7668 
7671 
7674 
7677 
7680 
7683 
7686 
7689 
7692 
7695 
7698 
7701 
7704 
7707 
7710 
7713 
7716 
7719 
7722 
7725 
7728 
7731 
7734 
7737 
7740 
7743 
7746 
7749 
7752 
7755 
7758 
7761 
7764 
7767 
7770 
7773 
7776 
7779 
7782 
7785 
7788 
7791 
7794 
7797 
7800 
7803 
7806 
7809 
7812 
7815 
7818 
7821 
7824 
7827 
7830 
7833 
7836 
7839 
7842 
7845 
7848 
7851 
7854 
7857 
7860 
7863 
7866 
7869 
7872 
7875 
7878 
7881 
7884 
7887 
7890 
7893 
7896 
7899 
7902 
7905 
7908 
7911 
7914 
7917 
7920 
7923 
7926 
7929 
7932 
7935 
7938 
7941 
7944 
7947 
7950 
7953 
7956 
7959 
7962 
7965 
7968 
7971 
7974 
7977 
7980 
7983 
7986 
7989 
7992 
7995 
7998 
8001 
8004 
8006 
8008 
8010 
8012 
8014 
8016 
8020 
8022 
8026 
8028 
8030 
8032 
8034 
8036 
8038 
8042 
8044 
8048 
8050 
8052 
8054 
8056 
8058 
8060 
8064 
8066 
8068 
8070 
8074 
8076 
8080 
8082 
8084 
8088 
8090 
8094 
8096 
8098 
8102 
8104 
8106 
8108 
8110 
8112 
8114 
8116 
8120 
8122 
8124 
8128 
8132 
8134 
8136 
8140 
8142 
8146 
8148 
8150 
8152 
8154 
8156 
8158 
8162 
8164 
8166 
8168 
8172 
8176 
8178 
8180 
8184 
8186 
8190 
8192 
8194 
8196 
8198 
8200 
8202 
8204 
8208 
8210 
8212 
8214 
8216 
8218 
8220 
8222 
8226 
8230 
8232 
8234 
8236 
8238 
8240 
8242 
8246 
8248 
8252 
8254 
8256 
8258 
8260 
8262 
8264 
8268 
8270 
8272 
8274 
8276 
8278 
8280 
8282 
8284 
8288 
8290 
8294 
8296 
8300 
8302 
8304 
8306 
8308 
8310 
8312 
8314 
8316 
8318 
8320 
8322 
8324 
8328 
8332 
8334 
8336 
8338 
8340 
8342 
8344 
8346 
8350 
8352 
8356 
8358 
8360 
8364 
8368 
8370 
8372 
8376 
8378 
8380 
8382 
8384 
8386 
8388 
8392 
8394 
8396 
8400 
8402 
8404 
8408 
8412 
8414 
8416 
8420 
8422 
8426 
8428 
8430 
8432 
8434 
8438 
8440 
8444 
8446 
8448 
8450 
8452 
8454 
8456 
8458 
8462 
8464 
8468 
8470 
8472 
8474 
8476 
8478 
8480 
8482 
8484 
8486 
8488 
8490 
8494 
8496 
8500 
8504 
8506 
8508 
8512 
8514 
8516 
8520 
8522 
8526 
8530 
8532 
8534 
8536 
8538 
8540 
8544 
8546 
8550 
8552 
8554 
8556 
8558 
8560 
8562 
8564 
8566 
8570 
8572 
8576 
8578 
8580 
8582 
8584 
8586 
8590 
8592 
8594 
8598 
8600 
8602 
8604 
8606 
8608 
8610 
8612 
8616 
8620 
8622 
8624 
8628 
8632 
8634 
8636 
8638 
8642 
8644 
8646 
8648 
8650 
8652 
8654 
8656 
8660 
8662 
8664 
8666 
8668 
8670 
8672 
8676 
8678 
8682 
8684 
8686 
8690 
8694 
8696 
8698 
8700 
8704 
8706 
8710 
8714 
8716 
8718 
8722 
8724 
8726 
8728 
8730 
8732 
8734 
8736 
8738 
8740 
8742 
8744 
8748 
8750 
8752 
8756 
8758 
8762 
8764 
8766 
8768 
8770 
8772 
8774 
8776 
8778 
8780 
8784 
8786 
8788 
8790 
8794 
8798 
8800 
8802 
8806 
8808 
8812 
8814 
8816 
8818 
8820 
8824 
8826 
8828 
8830 
8832 
8834 
8838 
8840 
8844 
8846 
8848 
8850 
8852 
8854 
8856 
8858 
8860 
8862 
8864 
8866 
8870 
8872 
8874 
8876 
8878 
8880 
8882 
8884 
8886 
8888 
8890 
8892 
8896 
8898 
8902 
8904 
8908 
8910 
8912 
8914 
8916 
8918 
8920 
8922 
8924 
8926 
8928 
8930 
8934 
8936 
8940 
8942 
8944 
8946 
8948 
8950 
8954 
8956 
8958 
8960 
8962 
8964 
8968 
8970 
8974 
8976 
8978 
8982 
8986 
8988 
8990 
8994 
8996 
8998 
9000 
9002 
9004 
9006 
9008 
9010 
9012 
9014 
9016 
9018 
9020 
9024 
9026 
9028 
9032 
9034 
9036 
9040 
9042 
9046 
9048 
9052 
9054 
9058 
9060 
9062 
9064 
9066 
9068 
9070 
9074 
9076 
9078 
9080 
9082 
9084 
9086 
9088 
9092 
9094 
9096 
9100 
9102 
9104 
9108 
9112 
9114 
9116 
9118 
9120 
9122 
9124 
9126 
9128 
9132 
9136 
9138 
9140 
9144 
9148 
9150 
9154 
9156 
9158 
9160 
9162 
9164 
9166 
9168 
9172 
9174 
9176 
9178 
9180 
9182 
9184 
9188 
9190 
9194 
9196 
9198 
9202 
9206 
9208 
9210 
9214 
9216 
9218 
9220 
9222 
9224 
9226 
9228 
9232 
9234 
9236 
9240 
9242 
9246 
9248 
9250 
9254 
9256 
9258 
9262 
9264 
9268 
9270 
9272 
9274 
9276 
9278 
9280 
9282 
9284 
9286 
9288 
9290 
9292 
9296 
9298 
9300 
9304 
9308 
9310 
9312 
9316 
9318 
9320 
9324 
9326 
9330 
9332 
9334 
9336 
9338 
9342 
9344 
9346 
9348 
9350 
9352 
9356 
9360 
9362 
9364 
9366 
9368 
9370 
9372 
9374 
9376 
9378 
9380 
9382 
9386 
9388 
9392 
9394 
9396 
9398 
9400 
9402 
9406 
9408 
9410 
9412 
9414 
9416 
9418 
9420 
9424 
9426 
9430 
9432 
9434 
9436 
9438 
9440 
9442 
9444 
9446 
9448 
9450 
9452 
9456 
9458 
9462 
9464 
9466 
9468 
9470 
9472 
9474 
9478 
9480 
9482 
9484 
9486 
9490 
9492 
9496 
9498 
9500 
9504 
9506 
9510 
9514 
9516 
9518 
9520 
9522 
9524 
9526 
9528 
9530 
9532 
9534 
9536 
9538 
9540 
9542 
9546 
9548 
9550 
9554 
9556 
9558 
9562 
9564 
9568 
9570 
9574 
9576 
9578 
9580 
9582 
9584 
9586 
9590 
9592 
9594 
9596 
9598 
9600 
9602 
9604 
9606 
9610 
9614 
9616 
9618 
9620 
9622 
9624 
9626 
9628 
9632 
9634 
9636 
9640 
9642 
9644 
9648 
9652 
9654 
9656 
9660 
9664 
9666 
9670 
9672 
9674 
9676 
9678 
9680 
9682 
9684 
9688 
9690 
9692 
9694 
9696 
9698 
9700 
9704 
9706 
9710 
9712 
9714 
9716 
9720 
9722 
9726 
9730 
9732 
9734 
9738 
9740 
9742 
9744 
9746 
9748 
9750 
9752 
9754 
9756 
9758 
9760 
9762 
9766 
9768 
9770 
9774 
9776 
9780 
9782 
9784 
9786 
9790 
9792 
9794 
9796 
9798 
9800 
9802 
9806 
9808 
9810 
9814 
9816 
9818 
9822 
9826 
9828 
9830 
9834 
9836 
9840 
9842 
9844 
9846 
9848 
9852 
9854 
9856 
9858 
9860 
9864 
9866 
9870 
9872 
9874 
9876 
9878 
9880 
9882 
9884 
9886 
9888 
9890 
9892 
9896 
9898 
9902 
9904 
9906 
9908 
9910 
9912 
9916 
9918 
9920 
9922 
9926 
9930 
9932 
9934 
9938 
9940 
9944 
9946 
9948 
9950 
9952 
9954 
9956 
9958 
9962 
9966 
9968 
9970 
9972 
9974 
9976 
9978 
9980 
9982 
9986 
9990 
9992 
9994 
9996 
9998 
10000 
10002 
10004 
10006 
10008 
10010 
10012 
10016 
10018 
10022 
10024 
10026 
10028 
10030 
10032 
10034 
10038 
10040 
10042 
10044 
10046 
10048 
10052 
10056 
10058 
10060 
10064 
10066 
10070 
10072 
10074 
10076 
10078 
10080 
10082 
10086 
10088 
10090 
10092 
10094 
10096 
10100 
10102 
10104 
10108 
10110 
10114 
10116 
10118 
10122 
10124 
10128 
10130 
10132 
10134 
10136 
10138 
10140 
10144 
10146 
10148 
10150 
10152 
10154 
10156 
10158 
10160 
10164 
10166 
10170 
10172 
10174 
10178 
10180 
10184 
10186 
10188 
10192 
10196 
10198 
10200 
10204 
10206 
10210 
10212 
10214 
10216 
10218 
10220 
10222 
10224 
10228 
10232 
10234 
10236 
10238 
10240 
10242 
10244 
10246 
10248 
10250 
10252 
10254 
10258 
10262 
10264 
10266 
10268 
10270 
10272 
10274 
10276 
10278 
10282 
10284 
10288 
10290 
10292 
10294 
10296 
10298 
10302 
10304 
10306 
10308 
10310 
10312 
10314 
10318 
10322 
10324 
10326 
10330 
10332 
10336 
10338 
10340 
10342 
10344 
10346 
10348 
10352 
10354 
10356 
10358 
10360 
10362 
10366 
10368 
10372 
10374 
10376 
10378 
10382 
10386 
10388 
10390 
10394 
10396 
10398 
10400 
10402 
10404 
10406 
10410 
10412 
10414 
10416 
10418 
10420 
10422 
10424 
10428 
10430 
10432 
10436 
10438 
10440 
10444 
10446 
10448 
10450 
10452 
10454 
10456 
10460 
10462 
10466 
10468 
10472 
10474 
10476 
10478 
10480 
10482 
10484 
10488 
10490 
10492 
10494 
10496 
10498 
10500 
10502 
10504 
10506 
10508 
10512 
10516 
10518 
10520 
10522 
10524 
10526 
10528 
10530 
10534 
10536 
10540 
10542 
10544 
10548 
10552 
10554 
10556 
10560 
10564 
10566 
10570 
10572 
10574 
10578 
10580 
10584 
10586 
10588 
10590 
10592 
10594 
10596 
10598 
10602 
10604 
10606 
10608 
10610 
10612 
10616 
10618 
10622 
10624 
10626 
10630 
10632 
10636 
10638 
10642 
10644 
10648 
10650 
10652 
10654 
10656 
10658 
10662 
10664 
10666 
10668 
10670 
10672 
10674 
10676 
10680 
10682 
10684 
10688 
10692 
10694 
10696 
10698 
10700 
10702 
10704 
10706 
10708 
10712 
10714 
10716 
10720 
10722 
10724 
10728 
10730 
10732 
10734 
10736 
10740 
10742 
10744 
10746 
10748 
10750 
10752 
10754 
10758 
10760 
10764 
10766 
10768 
10770 
10772 
10774 
10776 
10778 
10780 
10782 
10784 
10788 
10792 
10794 
10796 
10798 
10800 
10802 
10804 
10808 
10810 
10812 
10814 
10816 
10818 
10820 
10822 
10826 
10828 
10832 
10834 
10836 
10840 
10844 
10846 
10848 
10852 
10856 
10858 
10860 
10862 
10864 
10866 
10868 
10872 
10874 
10878 
10880 
10882 
10884 
10886 
10888 
10890 
10892 
10894 
10896 
10898 
10900 
10902 
10906 
10908 
10912 
10914 
10916 
10918 
10920 
10922 
10924 
10928 
10930 
10932 
10934 
10936 
10940 
10942 
10946 
10948 
10950 
10954 
10956 
10960 
10964 
10966 
10968 
10972 
10974 
10976 
10978 
10980 
10982 
10984 
10986 
10988 
10990 
10992 
10994 
10996 
11000 
11004 
11006 
11008 
11012 
11014 
11018 
11020 
11024 
11026 
11028 
11030 
11032 
11036 
11038 
11040 
11044 
11046 
11048 
11052 
11054 
11058 
11060 
11062 
11064 
11066 
11068 
11070 
11074 
11076 
11078 
11080 
11082 
11084 
11086 
11088 
11092 
11094 
11096 
11100 
11104 
11106 
11108 
11110 
11112 
11114 
11116 
11118 
11122 
11124 
11126 
11130 
11132 
11134 
11138 
11140 
11142 
11144 
11146 
11148 
11150 
11154 
11158 
11160 
11162 
11166 
11170 
11172 
11174 
11176 
11180 
11182 
11184 
11186 
11188 
11190 
11192 
11194 
11198 
11202 
11204 
11206 
11208 
11212 
11214 
11218 
11222 
11224 
11226 
11230 
11232 
11234 
11236 
11238 
11240 
11242 
11244 
11246 
11248 
11250 
11252 
11254 
11258 
11260 
11262 
11266 
11268 
11272 
11274 
11276 
11278 
11282 
11284 
11286 
11288 
11290 
11292 
11294 
11298 
11300 
11302 
11306 
11308 
11310 
11314 
11318 
11320 
11322 
11326 
11328 
11332 
11334 
11336 
11338 
11340 
11344 
11346 
11348 
11350 
11352 
11354 
11358 
11360 
11364 
11366 
11368 
11370 
11372 
11374 
11376 
11378 
11380 
11382 
11384 
11386 
11390 
11392 
11396 
11398 
11400 
11402 
11404 
11406 
11410 
11412 
11414 
11416 
11420 
11424 
11426 
11428 
11432 
11434 
11438 
11440 
11442 
11444 
11446 
11448 
11450 
11454 
11456 
11458 
11460 
11462 
11464 
11466 
11468 
11470 
11474 
11478 
11480 
11482 
11484 
11486 
11488 
11490 
11492 
11494 
11496 
11498 
11500 
11504 
11506 
11510 
11512 
11514 
11516 
11518 
11520 
11524 
11526 
11528 
11530 
11532 
11534 
11538 
11542 
11544 
11546 
11550 
11552 
11556 
11558 
11560 
11562 
11564 
11566 
11568 
11572 
11574 
11576 
11578 
11580 
11582 
11584 
11586 
11590 
11592 
11594 
11596 
11598 
11600 
11604 
11606 
11608 
11612 
11614 
11618 
11620 
11622 
11626 
11628 
11632 
11634 
11636 
11638 
11640 
11642 
11644 
11648 
11650 
11652 
11654 
11656 
11658 
11660 
11662 
11664 
11668 
11670 
11674 
11676 
11678 
11682 
11684 
11688 
11690 
11692 
11696 
11700 
11702 
11704 
11708 
11710 
11714 
11716 
11718 
11720 
11722 
11724 
11726 
11728 
11732 
11734 
11736 
11738 
11740 
11742 
11744 
11746 
11748 
11750 
11752 
11756 
11760 
11762 
11764 
11766 
11768 
11770 
11772 
11774 
11776 
11780 
11782 
11786 
11788 
11790 
11792 
11794 
11796 
11800 
11802 
11804 
11806 
11808 
11810 
11812 
11814 
11816 
11818 
11820 
11822 
11824 
11828 
11830 
11834 
11838 
11840 
11842 
11846 
11848 
11852 
11854 
11856 
11858 
11860 
11862 
11864 
11866 
11870 
11874 
11876 
11878 
11880 
11884 
11886 
11890 
11892 
11894 
11896 
11898 
11900 
11902 
11906 
11908 
11910 
11912 
11914 
11916 
11918 
11920 
11924 
11926 
11928 
11932 
11934 
11936 
11940 
11942 
11944 
11946 
11948 
11950 
11952 
11956 
11958 
11962 
11964 
11966 
11968 
11970 
11972 
11974 
11976 
11978 
11980 
11982 
11986 
11990 
11992 
11994 
11996 
11998 
12000 
12004 
12006 
12010 
12012 
12014 
12018 
12020 
12024 
12028 
12030 
12032 
12036 
12038 
12040 
12042 
12044 
12046 
12048 
12050 
12052 
12054 
12056 
12058 
12060 
12064 
12066 
12070 
12072 
12074 
12076 
12078 
12080 
12082 
12086 
12088 
12092 
12094 
12096 
12100 
12104 
12106 
12108 
12112 
12114 
12118 
12120 
12122 
12124 
12126 
12128 
12130 
12134 
12136 
12138 
12140 
12144 
12148 
12150 
12152 
12156 
12158 
12160 
12162 
12164 
12166 
12168 
12170 
12174 
12176 
12178 
12180 
12182 
12184 
12186 
12190 
12194 
12196 
12198 
12200 
12202 
12204 
12206 
12208 
12210 
12214 
12216 
12220 
12222 
12224 
12226 
12228 
12232 
12234 
12238 
12240 
12242 
12246 
12250 
12252 
12256 
12258 
12262 
12264 
12266 
12268 
12270 
12272 
12274 
12276 
12280 
12284 
12286 
12288 
12290 
12292 
12294 
12296 
12298 
12300 
12302 
12304 
12306 
12310 
12314 
12316 
12318 
12320 
12322 
12324 
12326 
12328 
12332 
12334 
12338 
12340 
12342 
12344 
12346 
12348 
12350 
12352 
12356 
12360 
12362 
12364 
12366 
12368 
12370 
12372 
12374 
12376 
12378 
12380 
12382 
12384 
12388 
12390 
12394 
12396 
12398 
12402 
12406 
12408 
12410 
12414 
12416 
12418 
12422 
12426 
12428 
12430 
12434 
12436 
12440 
12442 
12444 
12446 
12448 
12450 
12452 
12456 
12460 
12462 
12464 
12466 
12468 
12470 
12472 
12474 
12476 
12478 
12480 
12482 
12486 
12490 
12492 
12494 
12496 
12498 
12500 
12502 
12506 
12508 
12510 
12512 
12514 
12516 
12520 
12522 
12524 
12526 
12528 
12530 
12534 
12536 
12538 
12542 
12544 
12546 
12548 
12550 
12552 
12554 
12556 
12560 
12562 
12566 
12570 
12572 
12574 
12578 
12580 
12584 
12586 
12588 
12590 
12592 
12594 
12596 
12600 
12602 
12604 
12606 
12608 
12610 
12612 
12616 
12618 
12622 
12624 
12626 
12630 
12634 
12636 
12638 
12640 
12644 
12648 
12650 
12652 
12656 
12658 
12660 
12662 
12664 
12666 
12668 
12672 
12674 
12676 
12678 
12680 
12682 
12686 
12688 
12690 
12692 
12696 
12699 
12702 
12705 
12708 
12711 
12714 
12717 
12720 
12723 
12726 
12729 
12732 
12735 
12738 
12741 
12744 
12747 
12750 
12753 
12756 
12759 
12762 
12765 
12768 
12771 
12774 
12777 
12780 
12783 
12786 
12789 
12792 
12795 
12798 
12801 
12804 
12807 
12810 
12813 
12816 
12819 
12822 
12825 
12828 
12831 
12834 
12837 
12840 
12843 
12846 
12849 
12852 
12855 
12858 
12861 
12864 
12867 
12870 
12873 
12876 
12879 
12882 
12885 
12888 
12891 
12894 
12897 
12900 
12903 
12906 
12909 
12912 
12915 
12918 
12921 
12924 
12927 
12930 
12933 
12936 
12939 
12942 
12945 
12948 
12951 
12954 
12957 
12960 
12963 
12966 
12969 
12972 
12975 
12978 
12981 
12984 
12987 
12990 
12993 
12996 
12999 
13002 
13005 
13008 
13011 
13014 
13017 
13020 
13023 
13026 
13029 
13032 
13035 
13038 
13041 
13044 
13047 
13050 
13053 
13056 
13059 
13062 
13065 
13068 
13071 
13074 
13077 
13080 
13083 
13086 
13089 
13092 
13095 
13098 
13101 
13104 
13107 
13110 
13113 
13116 
13119 
13122 
13125 
13128 
13131 
13134 
13137 
13140 
13143 
13146 
13149 
13152 
13155 
13158 
13161 
13164 
13167 
13170 
13173 
13176 
13179 
13182 
13185 
13188 
13191 
13194 
13197 
13200 
13203 
13206 
13209 
13212 
13215 
13218 
13221 
13224 
13227 
13230 
13233 
13236 
13239 
13242 
13245 
13248 
13251 
13254 
13257 
13260 
13263 
13266 
13269 
13272 
13275 
13278 
13281 
13284 
13287 
13290 
13293 
13296 
13299 
13302 
13305 
13308 
13311 
13314 
13317 
13320 
13323 
13326 
13329 
13332 
13335 
13338 
13341 
13344 
13347 
13350 
13353 
13356 
13359 
13362 
13365 
13368 
13371 
13374 
13377 
13380 
13383 
13386 
13389 
13392 
13395 
13398 
13401 
13404 
13407 
13410 
13413 
13416 
13419 
13422 
13425 
13428 
13431 
13434 
13437 
13440 
13443 
13446 
13449 
13452 
13455 
13458 
13461 
13464 
13467 
13470 
13473 
13476 
13479 
13482 
13485 
13488 
13491 
13494 
13497 
13500 
13503 
13506 
13509 
13512 
13515 
13518 
13521 
13524 
13527 
13530 
13533 
13536 
13539 
13542 
13545 
13548 
13551 
13554 
13557 
13560 
13563 
13566 
13569 
13572 
13575 
13578 
13581 
13584 
13587 
13590 
13593 
13596 
13599 
13602 
13605 
13608 
13611 
13614 
13617 
13620 
13623 
13626 
13629 
13632 
13635 
13638 
13641 
13644 
13647 
13650 
13653 
13656 
13659 
13662 
13665 
13668 
13671 
13674 
13677 
13680 
13683 
13686 
13689 
13692 
13695 
13698 
13701 
13704 
13707 
13710 
13713 
13716 
13719 
13722 
13725 
13728 
13731 
13734 
13737 
13740 
13743 
13746 
13749 
13752 
13755 
13758 
13761 
13764 
13767 
13770 
13773 
13776 
13779 
13782 
13785 
13788 
13791 
13794 
13797 
13800 
13803 
13806 
13809 
13812 
13815 
13818 
13821 
13824 
13827 
13830 
13833 
13836 
13839 
13842 
13845 
13848 
13851 
13854 
13857 
13860 
13863 
13866 
13869 
13872 
13875 
13878 
13881 
13884 
13887 
13890 
13893 
13896 
13899 
13902 
13905 
13908 
13911 
13914 
13917 
13920 
13923 
13926 
13929 
13932 
13935 
13938 
13941 
13944 
13947 
13950 
13953 
13956 
13959 
13962 
13965 
13968 
13971 
13974 
13977 
13980 
13983 
13986 
13989 
13992 
13995 
13998 
14001 
14004 
14007 
14010 
14013 
14016 
14019 
14022 
14025 
14028 
14031 
14034 
14037 
14040 
14043 
14046 
14049 
14052 
14055 
14058 
14061 
14064 
14067 
14070 
14073 
14076 
14079 
14082 
14085 
14088 
14091 
14094 
14097 
14100 
14103 
14106 
14109 
14112 
14115 
14118 
14121 
14124 
14127 
14130 
14133 
14136 
14139 
14142 
14145 
14148 
14151 
14154 
14157 
14160 
14163 
14166 
14169 
14172 
14175 
14178 
14181 
14184 
14187 
14190 
14193 
14196 
14199 
14202 
14205 
14208 
14211 
14214 
14217 
14220 
14223 
14226 
14229 
14232 
14235 
14238 
14241 
14244 
14247 
14250 
14253 
14256 
14259 
14262 
14265 
14268 
14271 
14274 
14277 
14280 
14283 
14286 
14289 
14292 
14295 
14298 
14301 
14304 
14307 
14310 
14313 
14316 
14319 
14322 
14325 
14328 
14331 
14334 
14337 
14340 
14343 
14346 
14349 
14352 
14355 
14358 
14361 
14364 
14367 
14370 
14373 
14376 
14379 
14382 
14385 
14388 
14391 
14394 
14397 
14400 
14403 
14406 
14409 
14412 
14415 
14418 
14421 
14424 
14427 
14430 
14433 
14436 
14439 
14442 
14445 
14448 
14451 
14454 
14457 
14460 
14463 
14466 
14469 
14472 
14475 
14478 
14481 
14484 
14487 
14490 
14493 
14496 
14499 
14502 
14505 
14508 
14511 
14514 
14517 
14520 
14523 
14526 
14529 
14532 
14535 
14538 
14541 
14544 
14547 
14550 
14553 
14556 
14559 
14562 
14565 
14568 
14571 
14574 
14577 
14580 
14583 
14586 
14589 
14592 
14595 
14598 
14601 
14604 
14607 
14610 
14613 
14616 
14619 
14622 
14625 
14628 
14631 
14634 
14637 
14640 
14643 
14646 
14649 
14652 
14655 
14658 
14661 
14664 
14667 
14670 
14673 
14676 
14679 
14682 
14685 
14688 
14691 
14694 
14697 
14700 
14703 
14706 
14709 
14712 
14715 
14718 
14721 
14724 
14727 
14730 
14733 
14736 
14739 
14742 
14745 
14748 
14751 
14754 
14757 
14760 
14763 
14766 
14769 
14772 
14775 
14778 
14781 
14784 
14787 
14790 
14793 
14796 
14799 
14802 
14805 
14808 
14811 
14814 
14817 
14820 
14823 
14826 
14829 
14832 
14835 
14838 
14841 
14844 
14847 
14850 
14853 
14856 
14859 
14862 
14865 
14868 
14871 
14874 
14877 
14880 
14883 
14886 
14889 
14892 
14895 
14898 
14901 
14904 
14907 
14910 
14913 
14916 
14919 
14922 
14925 
14928 
14931 
14934 
14937 
14940 
14943 
14946 
14949 
14952 
14955 
14958 
14961 
14964 
14967 
14970 
14973 
14976 
14979 
14982 
14985 
14988 
14991 
14994 
14997 
15000 
15003 
15006 
15009 
15012 
15015 
15018 
15021 
15024 
15027 
15030 
15033 
15036 
15039 
15042 
15045 
15048 
15051 
15054 
15057 
15060 
15063 
15066 
15069 
15072 
15075 
15078 
15081 
15084 
15087 
15090 
15093 
15096 
15099 
15102 
15105 
15108 
15111 
15114 
15117 
15120 
15123 
15126 
15129 
15132 
15135 
15138 
15141 
15144 
15147 
15150 
15153 
15156 
15159 
15162 
15165 
15168 
15171 
15174 
15177 
15180 
15183 
15186 
15189 
15192 
15195 
15198 
15201 
15204 
15207 
15210 
15213 
15216 
15219 
15222 
15225 
15228 
15231 
15234 
15237 
15240 
15243 
15246 
15249 
15252 
15255 
15258 
15261 
15264 
15267 
15270 
15273 
15276 
15279 
15282 
15285 
15288 
15291 
15294 
15297 
15300 
15303 
15306 
15309 
15312 
15315 
15318 
15321 
15324 
15327 
15330 
15333 
15336 
15339 
15342 
15345 
15348 
15351 
15354 
15357 
15360 
15363 
15366 
15369 
15372 
15375 
15378 
15381 
15384 
15387 
15390 
15393 
15396 
15399 
15402 
15405 
15408 
15411 
15414 
15417 
15420 
15423 
15426 
15429 
15432 
15435 
15438 
15441 
15444 
15447 
15450 
15453 
15456 
15459 
15462 
15465 
15468 
15471 
15474 
15477 
15480 
15483 
15486 
15489 
15492 
15495 
15498 
15501 
15504 
15507 
15510 
15513 
15516 
15519 
15522 
15525 
15528 
15531 
15534 
15537 
15540 
15543 
15546 
15549 
15552 
15555 
15558 
15561 
15564 
15567 
15570 
15573 
15576 
15579 
15582 
15585 
15588 
15591 
15594 
15597 
15600 
15603 
15606 
15609 
15612 
15615 
15618 
15621 
15624 
15627 
15630 
15633 
15636 
15639 
15642 
15645 
15648 
15651 
15654 
15657 
15660 
15663 
15666 
15669 
15672 
15675 
15678 
15681 
15684 
15687 
15690 
15693 
15696 
15699 
15702 
15705 
15708 
15711 
15714 
15717 
15720 
15723 
15726 
15729 
15732 
15735 
15738 
15741 
15744 
15747 
15750 
15753 
15756 
15759 
15762 
15765 
15768 
15771 
15774 
15777 
15780 
15783 
15786 
15789 
15792 
15795 
15798 
15801 
15804 
15807 
15810 
15813 
15816 
15819 
15822 
15825 
15828 
15831 
15834 
15837 
15840 
15843 
15846 
15849 
15852 
15855 
15858 
15861 
15864 
15867 
15870 
15873 
15876 
15879 
15882 
15885 
15888 
15891 
15894 
15897 
15900 
15903 
15906 
15909 
15912 
15915 
15918 
15921 
15924 
15927 
15930 
15933 
15936 
15939 
15942 
15945 
15948 
15951 
15954 
15957 
15960 
15963 
15966 
15969 
15972 
15975 
15978 
15981 
15984 
15987 
15990 
15993 
15996 
15999 
16002 
16005 
16008 
16011 
16014 
16017 
16020 
16023 
16026 
16029 
16032 
16035 
16038 
16041 
16044 
16047 
16050 
16053 
16056 
16059 
16062 
16065 
16068 
16071 
16074 
16077 
16080 
16083 
16086 
16089 
16092 
16095 
16098 
16101 
16104 
16107 
16110 
16113 
16116 
16119 
16122 
16125 
16128 
16131 
16134 
16137 
16140 
16143 
16146 
16149 
16152 
16155 
16158 
16161 
16164 
16167 
16170 
16173 
16176 
16179 
16182 
16185 
16188 
16191 
16194 
16197 
16200 
16203 
16206 
16209 
16212 
16215 
16218 
16221 
16224 
16227 
16230 
16233 
16236 
16239 
16242 
16245 
16248 
16251 
16254 
16257 
16260 
16263 
16266 
16269 
16272 
16275 
16278 
16281 
16284 
16287 
16290 
16293 
16296 
16299 
16302 
16305 
16308 
16311 
16314 
16317 
16320 
16323 
16326 
16329 
16332 
16335 
16338 
16341 
16344 
16347 
16350 
16353 
16356 
16359 
16362 
16365 
16368 
16371 
16374 
16377 
16380 
16383 
16386 
16389 
16392 
16395 
16398 
16401 
16404 
16407 
16410 
16413 
16416 
16419 
16422 
16425 
16428 
16431 
16434 
16437 
16440 
16443 
16446 
16449 
16452 
16455 
16458 
16461 
16464 
16467 
16470 
16473 
16476 
16479 
16482 
16485 
16488 
16491 
16494 
16497 
16500 
16503 
16506 
16509 
16512 
16515 
16518 
16521 
16524 
16527 
16530 
16533 
16536 
16539 
16542 
16545 
16548 
16551 
16554 
16557 
16560 
16563 
16566 
16569 
16572 
16575 
16578 
16581 
16584 
16587 
16590 
16593 
16596 
16599 
16602 
16605 
16608 
16611 
16614 
16617 
16620 
16623 
16626 
16629 
16632 
16635 
16638 
16641 
16644 
16647 
16650 
16653 
16656 
16659 
16662 
16665 
16668 
16671 
16674 
16677 
16680 
16683 
16686 
16689 
16692 
16695 
16698 
16701 
16704 
16707 
16710 
16713 
16716 
16719 
16722 
16725 
16728 
16731 
16734 
16737 
16740 
16743 
16746 
16749 
16752 
16755 
16758 
16761 
16764 
16767 
16770 
16773 
16776 
16779 
16782 
16785 
16788 
16791 
16794 
16797 
16800 
16803 
16806 
16809 
16812 
16815 
16818 
16821 
16824 
16827 
16830 
16833 
16836 
16839 
16842 
16845 
16848 
16851 
16854 
16857 
16860 
16863 
16866 
16869 
16872 
16875 
16878 
16881 
16884 
16887 
16890 
16893 
16896 
16899 
16902 
16905 
16908 
16911 
16914 
16917 
16920 
16923 
16926 
16929 
16932 
16935 
16938 
16941 
16944 
16947 
16950 
16953 
16956 
16959 
16962 
16965 
16968 
16971 
16974 
16977 
16980 
16983 
16986 
16989 
16992 
16995 
16998 
17001 
17004 
17007 
17010 
17013 
17016 
17019 
17022 
17025 
17028 
17031 
17034 
17037 
17040 
17043 
17046 
17049 
17052 
17055 
17058 
17061 
17064 
17067 
17070 
17073 
17076 
17079 
17082 
17085 
17088 
17091 
17094 
17097 
17100 
17103 
17106 
17109 
17112 
17115 
17118 
17121 
17124 
17127 
17130 
17133 
17136 
17139 
17142 
17145 
17148 
17151 
17154 
17157 
17160 
17163 
17166 
17169 
17172 
17175 
17178 
17181 
17184 
17187 
17190 
17193 
17196 
17199 
17202 
17205 
17208 
17211 
17214 
17217 
17220 
17223 
17226 
17229 
17232 
17235 
17238 
17241 
17244 
17247 
17250 
17253 
17256 
17259 
17262 
17265 
17268 
17271 
17274 
17277 
17280 
17283 
17286 
17289 
17292 
17295 
17298 
17301 
17304 
17307 
17310 
17313 
17316 
17319 
17322 
17325 
17328 
17331 
17334 
17337 
17340 
17343 
17346 
17349 
17352 
17355 
17358 
17361 
17364 
17367 
17370 
17373 
17376 
17379 
17382 
17385 
17388 
17391 
17394 
17397 
17400 
17403 
17406 
17409 
17412 
17415 
17418 
17421 
17424 
17427 
17430 
17433 
17436 
17439 
17442 
17445 
17448 
17451 
17454 
17457 
17460 
17463 
17466 
17469 
17472 
17475 
17478 
17481 
17484 
17487 
17490 
17493 
17496 
17499 
17502 
17505 
17508 
17511 
17514 
17517 
17520 
17523 
17526 
17529 
17532 
17535 
17538 
17541 
17544 
17547 
17550 
17553 
17556 
17559 
17562 
17565 
17568 
17571 
17574 
17577 
17580 
17583 
17586 
17589 
17592 
17595 
17598 
17601 
17604 
17607 
17610 
17613 
17616 
17619 
17622 
17625 
17628 
17631 
17634 
17637 
17640 
17643 
17646 
17649 
17652 
17655 
17658 
17661 
17664 
17667 
17670 
17673 
17676 
17679 
17682 
17685 
17688 
17691 
17694 
17697 
17700 
17703 
17706 
17709 
17712 
17715 
17718 
17721 
17724 
17727 
17730 
17733 
17736 
17739 
17742 
17745 
17748 
17751 
17754 
17757 
17760 
17763 
17766 
17769 
17772 
17775 
17778 
17781 
17784 
17787 
17790 
17793 
17796 
17799 
17802 
17805 
17808 
17811 
17814 
17817 
17820 
17823 
17826 
17829 
17832 
17835 
17838 
17841 
17844 
17847 
17850 
17853 
17856 
17859 
17862 
17865 
17868 
17871 
17874 
17877 
17880 
17883 
17886 
17889 
17892 
17895 
17898 
17901 
17904 
17907 
17910 
17913 
17916 
17919 
17922 
17925 
17928 
17931 
17934 
17937 
17940 
17943 
17946 
17949 
17952 
17955 
17958 
17961 
17964 
17967 
17970 
17973 
17976 
17979 
17982 
17985 
17988 
17991 
17994 
17997 
18000 
18003 
18006 
18009 
18012 
18015 
18018 
18021 
18024 
18027 
18030 
18033 
18036 
18039 
18042 
18045 
18048 
18051 
18054 
18057 
18060 
18063 
18066 
18069 
18072 
18075 
18078 
18081 
18084 
18087 
18090 
18093 
18096 
18099 
18102 
18105 
18108 
18111 
18114 
18117 
18120 
18123 
18126 
18129 
18132 
18135 
18138 
18141 
18144 
18147 
18150 
18153 
18156 
18159 
18162 
18165 
18168 
18171 
18174 
18177 
18180 
18183 
18186 
18189 
18192 
18195 
18198 
18201 
18204 
18207 
18210 
18213 
18216 
18219 
18222 
18225 
18228 
18231 
18234 
18237 
18240 
18243 
18246 
18249 
18252 
18255 
18258 
18261 
18264 
18267 
18270 
18273 
18276 
18279 
18282 
18285 
18288 
18291 
18294 
18297 
18300 
18303 
18306 
18309 
18312 
18315 
18318 
18321 
18324 
18327 
18330 
18333 
18336 
18339 
18342 
18345 
18348 
18351 
18354 
18357 
18360 
18363 
18366 
18369 
18372 
18375 
18378 
18381 
18384 
18387 
18390 
18393 
18396 
18399 
18402 
18405 
18408 
18411 
18414 
18417 
18420 
18423 
18426 
18429 
18432 
18435 
18438 
18441 
18444 
18447 
18450 
18453 
18456 
18459 
18462 
18465 
18468 
18471 
18474 
18477 
18480 
18483 
18486 
18489 
18492 
18495 
18498 
18501 
18504 
18507 
18510 
18513 
18516 
18519 
18522 
18525 
18528 
18531 
18534 
18537 
18540 
18543 
18546 
18549 
18552 
18555 
18558 
18561 
18564 
18567 
18570 
18573 
18576 
18579 
18582 
18585 
18588 
18591 
18594 
18597 
18600 
18603 
18606 
18609 
18612 
18615 
18618 
18621 
18624 
18627 
18630 
18633 
18636 
18639 
18642 
18645 
18648 
18651 
18654 
18657 
18660 
18663 
18666 
18669 
18672 
18675 
18678 
18681 
18684 
18687 
18690 
18693 
18696 
18699 
18702 
18705 
18708 
18711 
18714 
18717 
18720 
18723 
18726 
18729 
18732 
18735 
18738 
18741 
18744 
18747 
18750 
18753 
18756 
18759 
18762 
18765 
18768 
18771 
18774 
18777 
18780 
18783 
18786 
18789 
18792 
18795 
18798 
18801 
18804 
18807 
18810 
18813 
18816 
18819 
18822 
18825 
18828 
18831 
18834 
18837 
18840 
18843 
18846 
18849 
18852 
18855 
18858 
18861 
18864 
18867 
18870 
18873 
18876 
18879 
18882 
18885 
18888 
18891 
18894 
18897 
18900 
18903 
18906 
18909 
18912 
18915 
18918 
18921 
18924 
18927 
18930 
18933 
18936 
18939 
18942 
18945 
18948 
18951 
18954 
18957 
18960 
18963 
18966 
18969 
18972 
18975 
18978 
18981 
18984 
18987 
18990 
18993 
18996 
18999 
19002 
19005 
19008 
19011 
19014 
19017 
19020 
19023 
19026 
19029 
19032 
19035 
19038 
19041 
19044 
19047 
19050 
19053 
19056 
19059 
19062 
19065 
19068 
19071 
19074 
19077 
19080 
19083 
19086 
19089 
19092 
19095 
19098 
19101 
19104 
19107 
19110 
19113 
19116 
19119 
19122 
19125 
19128 
19131 
19134 
19137 
19140 
19143 
19146 
19149 
19152 
19155 
19158 
19161 
19164 
19167 
19170 
19173 
19176 
19179 
19182 
19185 
19188 
19191 
19194 
19197 
19200 
19203 
19206 
19209 
19212 
19215 
19218 
19221 
19224 
19227 
19230 
19233 
19236 
19239 
19242 
19245 
19248 
19251 
19254 
19257 
19260 
19263 
19266 
19269 
19272 
19275 
19278 
19281 
19284 
19287 
19290 
19293 
19296 
19299 
19302 
19305 
19308 
19311 
19314 
19317 
19320 
19323 
19326 
19329 
19332 
19335 
19338 
19341 
19344 
19347 
19350 
19353 
19356 
19359 
19362 
19365 
19368 
19371 
19374 
19377 
19380 
19383 
19386 
19389 
19392 
19395 
19398 
19401 
19404 
19407 
19410 
19413 
19416 
19419 
19422 
19425 
19428 
19431 
19434 
19437 
19440 
19443 
19446 
19449 
19452 
19455 
19458 
19461 
19464 
19467 
19470 
19473 
19476 
19479 
19482 
19485 
19488 
19491 
19494 
19497 
19500 
19503 
19506 
19509 
19512 
19515 
19518 
19521 
19524 
19527 
19530 
19533 
19536 
19539 
19542 
19545 
19548 
19551 
19554 
19557 
19560 
19563 
19566 
19569 
19572 
19575 
19578 
19581 
19584 
19587 
19590 
19593 
19596 
19599 
19602 
19605 
19608 
19611 
19614 
19617 
19620 
19623 
19626 
19629 
19632 
19635 
19638 
19641 
19644 
19647 
19650 
19653 
19656 
19659 
19662 
19665 
19668 
19671 
19674 
19677 
19680 
19683 
19686 
19689 
19692 
19695 
19698 
19701 
19704 
19707 
19710 
19713 
19716 
19719 
19722 
19725 
19728 
19731 
19734 
19737 
19740 
19743 
19746 
19749 
19752 
19755 
19758 
19761 
19764 
19767 
19770 
19773 
19776 
19779 
19782 
19785 
19788 
19791 
19794 
19797 
19800 
19803 
19806 
19809 
19812 
19815 
19818 
19821 
19824 
19827 
19830 
19833 
19836 
19839 
19842 
19845 
19848 
19851 
19854 
19857 
19860 
19863 
19866 
19869 
19872 
19875 
19878 
19881 
19884 
19887 
19890 
19893 
19896 
19899 
19902 
19905 
19908 
19911 
19914 
19917 
19920 
19923 
19926 
19929 
19932 
19935 
19938 
19941 
19944 
19947 
19950 
19953 
19956 
19959 
19962 
19965 
19968 
19971 
19974 
19977 
19980 
19983 
19986 
19989 
19992 
19995 
19998 
20001 
20004 
20007 
20010 
20013 
20016 
20019 
20022 
20025 
20028 
20031 
20034 
20037 
20040 
20043 
20046 
20049 
20052 
20055 
20058 
20061 
20064 
20067 
20070 
20073 
20076 
20079 
20082 
20085 
20088 
20091 
20094 
20097 
20100 
20103 
20106 
20109 
20112 
20115 
20118 
20121 
20124 
20127 
20130 
20133 
20136 
20139 
20142 
20145 
20148 
20151 
20154 
20157 
20160 
20163 
20166 
20169 
20172 
20175 
20178 
20181 
20184 
20187 
20190 
20193 
20196 
20199 
20202 
20205 
20208 
20211 
20214 
20217 
20220 
20223 
20226 
20229 
20232 
20236 
20238 
20240 
20242 
20246 
20248 
20252 
20254 
20256 
20258 
20260 
20262 
20264 
20266 
20270 
20272 
20274 
20276 
20278 
20280 
20284 
20286 
20288 
20292 
20296 
20298 
20300 
20304 
20306 
20310 
20312 
20316 
20318 
20320 
20322 
20324 
20326 
20330 
20332 
20334 
20336 
20338 
20340 
20342 
20344 
20348 
20350 
20352 
20354 
20358 
20360 
20362 
20366 
20370 
20372 
20374 
20376 
20378 
20380 
20382 
20384 
20388 
20390 
20392 
20396 
20398 
20400 
20402 
20404 
20406 
20408 
20412 
20414 
20416 
20418 
20420 
20424 
20426 
20430 
20432 
20434 
20436 
20438 
20440 
20442 
20444 
20446 
20448 
20450 
20452 
20454 
20456 
20460 
20464 
20466 
20468 
20470 
20472 
20474 
20476 
20478 
20482 
20484 
20488 
20490 
20492 
20496 
20500 
20502 
20504 
20508 
20512 
20514 
20516 
20518 
20520 
20522 
20524 
20526 
20530 
20532 
20536 
20538 
20540 
20542 
20544 
20546 
20548 
20550 
20552 
20554 
20556 
20560 
20564 
20566 
20568 
20570 
20572 
20574 
20576 
20580 
20582 
20584 
20586 
20588 
20590 
20592 
20594 
20598 
20600 
20604 
20606 
20608 
20612 
20616 
20618 
20620 
20624 
20626 
20628 
20630 
20632 
20634 
20638 
20640 
20644 
20646 
20648 
20650 
20652 
20654 
20656 
20658 
20660 
20662 
20664 
20666 
20668 
20670 
20674 
20676 
20680 
20682 
20684 
20686 
20688 
20690 
20694 
20696 
20698 
20700 
20702 
20704 
20708 
20710 
20714 
20716 
20718 
20722 
20726 
20728 
20730 
20734 
20736 
20740 
20742 
20744 
20746 
20748 
20750 
20752 
20756 
20758 
20760 
20764 
20766 
20770 
20774 
20776 
20778 
20782 
20784 
20786 
20788 
20790 
20792 
20794 
20796 
20798 
20800 
20802 
20804 
20806 
20808 
20810 
20814 
20816 
20820 
20822 
20826 
20828 
20830 
20832 
20834 
20838 
20840 
20842 
20844 
20846 
20848 
20850 
20852 
20856 
20858 
20860 
20864 
20866 
20868 
20872 
20876 
20878 
20880 
20882 
20884 
20886 
20888 
20890 
20894 
20896 
20898 
20902 
20906 
20908 
20910 
20914 
20918 
20920 
20922 
20926 
20928 
20930 
20932 
20934 
20936 
20938 
20940 
20942 
20946 
20948 
20950 
20952 
20954 
20956 
20958 
20962 
20964 
20966 
20968 
20970 
20972 
20974 
20978 
20980 
20984 
20986 
20988 
20992 
20996 
20998 
21000 
21004 
21006 
21008 
21012 
21014 
21016 
21020 
21022 
21024 
21028 
21030 
21034 
21036 
21038 
21040 
21042 
21044 
21046 
21048 
21050 
21052 
21054 
21056 
21058 
21062 
21064 
21066 
21070 
21074 
21076 
21078 
21082 
21084 
21086 
21090 
21092 
21096 
21098 
21100 
21102 
21104 
21108 
21110 
21112 
21114 
21116 
21118 
21122 
21124 
21128 
21130 
21132 
21134 
21136 
21138 
21140 
21142 
21144 
21146 
21148 
21150 
21154 
21156 
21160 
21162 
21164 
21166 
21168 
21170 
21174 
21176 
21178 
21180 
21184 
21188 
21190 
21192 
21196 
21198 
21202 
21204 
21206 
21208 
21210 
21212 
21214 
21216 
21220 
21224 
21226 
21228 
21230 
21232 
21234 
21236 
21238 
21240 
21244 
21246 
21248 
21250 
21252 
21254 
21256 
21258 
21260 
21262 
21264 
21268 
21270 
21274 
21276 
21278 
21280 
21282 
21284 
21286 
21290 
21292 
21294 
21296 
21298 
21300 
21304 
21308 
21310 
21312 
21316 
21318 
21322 
21324 
21326 
21328 
21330 
21332 
21334 
21336 
21340 
21342 
21344 
21346 
21348 
21350 
21352 
21354 
21358 
21360 
21364 
21366 
21368 
21372 
21374 
21378 
21380 
21382 
21384 
21386 
21388 
21392 
21394 
21396 
21398 
21400 
21402 
21404 
21406 
21408 
21412 
21414 
21418 
21420 
21422 
21426 
21428 
21432 
21434 
21436 
21440 
21444 
21446 
21448 
21452 
21454 
21458 
21460 
21462 
21464 
21466 
21468 
21472 
21474 
21476 
21478 
21480 
21482 
21484 
21486 
21488 
21490 
21492 
21494 
21498 
21502 
21504 
21506 
21508 
21510 
21512 
21514 
21516 
21518 
21522 
21524 
21528 
21530 
21532 
21534 
21536 
21538 
21542 
21544 
21546 
21548 
21550 
21552 
21554 
21556 
21558 
21560 
21562 
21564 
21568 
21570 
21574 
21578 
21580 
21582 
21586 
21588 
21592 
21594 
21596 
21598 
21600 
21602 
21604 
21608 
21610 
21612 
21614 
21616 
21618 
21622 
21624 
21628 
21630 
21632 
21634 
21638 
21642 
21644 
21646 
21650 
21652 
21654 
21656 
21658 
21660 
21662 
21666 
21668 
21670 
21672 
21674 
21676 
21678 
21680 
21684 
21686 
21688 
21692 
21694 
21696 
21700 
21702 
21704 
21706 
21708 
21710 
21712 
21716 
21718 
21722 
21724 
21726 
21728 
21730 
21732 
21734 
21738 
21740 
21744 
21746 
21748 
21752 
21754 
21758 
21762 
21764 
21766 
21770 
21772 
21774 
21776 
21778 
21780 
21782 
21784 
21786 
21788 
21790 
21792 
21794 
21798 
21800 
21804 
21806 
21808 
21810 
21812 
21814 
21816 
21818 
21820 
21822 
21824 
21828 
21830 
21834 
21836 
21838 
21840 
21842 
21846 
21848 
21852 
21854 
21856 
21860 
21864 
21866 
21868 
21872 
21874 
21878 
21880 
21882 
21884 
21886 
21888 
21890 
21894 
21896 
21898 
21900 
21904 
21908 
21910 
21912 
21916 
21920 
21922 
21924 
21926 
21928 
21930 
21932 
21934 
21938 
21940 
21942 
21944 
21946 
21948 
21950 
21954 
21958 
21960 
21962 
21964 
21966 
21968 
21970 
21972 
21974 
21976 
21978 
21980 
21984 
21986 
21990 
21992 
21996 
21998 
22000 
22002 
22004 
22006 
22008 
22012 
22014 
22016 
22018 
22020 
22022 
22024 
22026 
22028 
22030 
22034 
22036 
22038 
22040 
22042 
22044 
22046 
22050 
22052 
22056 
22058 
22060 
22064 
22068 
22070 
22072 
22076 
22078 
22082 
22084 
22086 
22090 
22092 
22094 
22098 
22100 
22102 
22104 
22106 
22108 
22110 
22112 
22116 
22120 
22122 
22124 
22126 
22128 
22130 
22132 
22136 
22138 
22140 
22142 
22144 
22146 
22150 
22152 
22156 
22158 
22162 
22164 
22166 
22170 
22172 
22174 
22178 
22180 
22184 
22186 
22188 
22190 
22192 
22194 
22196 
22200 
22204 
22206 
22210 
22212 
22214 
22216 
22218 
22220 
22222 
22224 
22226 
22228 
22230 
22232 
22236 
22238 
22242 
22244 
22246 
22248 
22250 
22252 
22254 
22258 
22260 
22262 
22264 
22266 
22268 
22272 
22276 
22278 
22280 
22284 
22286 
22290 
22292 
22294 
22296 
22298 
22300 
22302 
22306 
22310 
22312 
22314 
22318 
22320 
22322 
22324 
22326 
22328 
22330 
22332 
22336 
22338 
22340 
22342 
22344 
22346 
22348 
22352 
22354 
22358 
22360 
22362 
22366 
22368 
22372 
22374 
22378 
22380 
22382 
22386 
22388 
22392 
22394 
22396 
22398 
22400 
22402 
22404 
22408 
22410 
22412 
22416 
22418 
22420 
22424 
22426 
22428 
22432 
22434 
22436 
22440 
22442 
22446 
22448 
22450 
22452 
22454 
22456 
22458 
22460 
22464 
22466 
22468 
22470 
22472 
22474 
22476 
22478 
22482 
22484 
22486 
22488 
22490 
22494 
22496 
22500 
22502 
22504 
22508 
22510 
22514 
22518 
22520 
22522 
22526 
22528 
22532 
22534 
22536 
22538 
22540 
22542 
22544 
22548 
22550 
22552 
22554 
22556 
22558 
22560 
22562 
22566 
22568 
22570 
22572 
22574 
22578 
22582 
22584 
22586 
22588 
22590 
22592 
22594 
22596 
22600 
22602 
22604 
22608 
22610 
22612 
22616 
22618 
22620 
22622 
22624 
22628 
22630 
22632 
22634 
22636 
22638 
22640 
22642 
22646 
22648 
22652 
22654 
22656 
22658 
22660 
22662 
22664 
22666 
22668 
22670 
22672 
22676 
22680 
22682 
22684 
22686 
22688 
22690 
22692 
22694 
22696 
22700 
22702 
22704 
22708 
22712 
22714 
22716 
22720 
22722 
22726 
22728 
22732 
22734 
22736 
22740 
22742 
22746 
22748 
22750 
22752 
22754 
22756 
22758 
22762 
22766 
22768 
22770 
22772 
22774 
22776 
22778 
22782 
22784 
22786 
22790 
22792 
22794 
22796 
22798 
22800 
22804 
22806 
22808 
22810 
22812 
22814 
22816 
22820 
22822 
22824 
22826 
22828 
22830 
22832 
22834 
22838 
22842 
22844 
22846 
22850 
22854 
22856 
22858 
22862 
22864 
22866 
22868 
22870 
22872 
22874 
22878 
22880 
22884 
22886 
22888 
22892 
22896 
22898 
22900 
22902 
22906 
22908 
22910 
22912 
22914 
22918 
22922 
22924 
22926 
22928 
22930 
22932 
22934 
22936 
22938 
22942 
22944 
22948 
22950 
22952 
22954 
22956 
22958 
22960 
22962 
22964 
22966 
22968 
22970 
22974 
22976 
22980 
22984 
22986 
22990 
22992 
22994 
22998 
23000 
23004 
23006 
23010 
23012 
23014 
23016 
23018 
23020 
23022 
23024 
23026 
23028 
23030 
23032 
23036 
23038 
23042 
23044 
23046 
23048 
23050 
23052 
23054 
23056 
23058 
23060 
23062 
23066 
23068 
23070 
23072 
23074 
23076 
23078 
23082 
23084 
23086 
23090 
23094 
23096 
23098 
23102 
23104 
23106 
23108 
23110 
23112 
23114 
23118 
23120 
23122 
23124 
23128 
23132 
23134 
23136 
23138 
23142 
23144 
23146 
23148 
23150 
23152 
23154 
23156 
23160 
23162 
23164 
23166 
23168 
23170 
23172 
23174 
23178 
23182 
23184 
23186 
23188 
23190 
23192 
23194 
23196 
23198 
23202 
23204 
23206 
23208 
23210 
23212 
23216 
23218 
23222 
23224 
23226 
23230 
23234 
23236 
23240 
23242 
23246 
23248 
23250 
23252 
23254 
23256 
23258 
23260 
23264 
23268 
23270 
23272 
23274 
23276 
23278 
23282 
23284 
23286 
23288 
23290 
23292 
23294 
23296 
23300 
23302 
23306 
23308 
23310 
23312 
23314 
23316 
23318 
23320 
23324 
23328 
23330 
23332 
23334 
23336 
23338 
23340 
23344 
23346 
23348 
23350 
23352 
23354 
23356 
23360 
23362 
23366 
23368 
23370 
23374 
23378 
23380 
23382 
23386 
23388 
23390 
23394 
23398 
23400 
23402 
23406 
23408 
23412 
23414 
23416 
23418 
23420 
23422 
23424 
23428 
23432 
23434 
23436 
23438 
23440 
23442 
23444 
23446 
23448 
23450 
23452 
23454 
23458 
23462 
23464 
23466 
23468 
23470 
23472 
23474 
23476 
23478 
23482 
23484 
23486 
23488 
23490 
23492 
23496 
23498 
23500 
23502 
23504 
23506 
23508 
23510 
23514 
23516 
23518 
23520 
23522 
23524 
23528 
23530 
23534 
23538 
23540 
23542 
23546 
23548 
23552 
23554 
23556 
23558 
23560 
23562 
23564 
23566 
23568 
23570 
23572 
23574 
23576 
23580 
23582 
23586 
23588 
23590 
23594 
23598 
23600 
23602 
23604 
23608 
23612 
23614 
23616 
23620 
23622 
23624 
23626 
23628 
23630 
23632 
23636 
23638 
23640 
23642 
23644 
23646 
23648 
23652 
23654 
23656 
23658 
23660 
23664 
23666 
23668 
23670 
23672 
23674 
23676 
23678 
23682 
23684 
23686 
23690 
23692 
23694 
23698 
23700 
23704 
23706 
23708 
23710 
23712 
23714 
23716 
23718 
23722 
23724 
23726 
23728 
23730 
23734 
23736 
23740 
23742 
23744 
23748 
23750 
23754 
23758 
23760 
23762 
23766 
23768 
23772 
23774 
23776 
23778 
23780 
23782 
23784 
23788 
23790 
23792 
23794 
23796 
23798 
23800 
23804 
23806 
23808 
23810 
23814 
23816 
23818 
23822 
23826 
23828 
23830 
23832 
23834 
23836 
23838 
23840 
23842 
23846 
23848 
23850 
23852 
23856 
23858 
23860 
23862 
23864 
23866 
23868 
23872 
23874 
23876 
23878 
23880 
23882 
23886 
23888 
23892 
23894 
23896 
23898 
23900 
23902 
23904 
23908 
23910 
23912 
23914 
23916 
23918 
23920 
23922 
23924 
23926 
23928 
23932 
23934 
23938 
23940 
23942 
23944 
23948 
23952 
23954 
23956 
23960 
23964 
23966 
23968 
23972 
23974 
23976 
23980 
23982 
23986 
23988 
23990 
23992 
23994 
23996 
23998 
24000 
24002 
24004 
24006 
24008 
24010 
24014 
24016 
24018 
24020 
24022 
24024 
24026 
24030 
24032 
24036 
24038 
24040 
24042 
24044 
24046 
24048 
24050 
24052 
24054 
24058 
24062 
24064 
24066 
24070 
24072 
24074 
24076 
24078 
24080 
24082 
24086 
24088 
24092 
24094 
24098 
24102 
24104 
24106 
24110 
24112 
24116 
24118 
24122 
24124 
24126 
24128 
24130 
24132 
24134 
24136 
24138 
24140 
24142 
24144 
24148 
24150 
24154 
24158 
24160 
24162 
24166 
24168 
24170 
24174 
24176 
24178 
24180 
24182 
24184 
24188 
24192 
24194 
24196 
24198 
24200 
24202 
24204 
24206 
24208 
24212 
24214 
24218 
24220 
24222 
24224 
24226 
24228 
24230 
24232 
24234 
24236 
24238 
24240 
24244 
24246 
24250 
24252 
24254 
24256 
24258 
24260 
24262 
24264 
24266 
24268 
24270 
24274 
24276 
24278 
24280 
24282 
24284 
24288 
24290 
24292 
24294 
24298 
24302 
24304 
24306 
24310 
24312 
24314 
24316 
24318 
24320 
24322 
24326 
24328 
24330 
24334 
24338 
24340 
24342 
24344 
24346 
24348 
24350 
24352 
24354 
24356 
24360 
24362 
24364 
24366 
24368 
24370 
24372 
24376 
24378 
24382 
24384 
24388 
24390 
24392 
24394 
24396 
24398 
24400 
24404 
24406 
24408 
24410 
24412 
24414 
24416 
24418 
24420 
24422 
24424 
24426 
24428 
24430 
24432 
24434 
24438 
24440 
24444 
24446 
24448 
24452 
24456 
24458 
24460 
24464 
24466 
24470 
24472 
24474 
24478 
24482 
24484 
24486 
24490 
24492 
24494 
24496 
24498 
24500 
24502 
24504 
24506 
24510 
24514 
24516 
24518 
24520 
24522 
24524 
24526 
24530 
24532 
24534 
24536 
24538 
24540 
24542 
24544 
24548 
24550 
24554 
24556 
24558 
24560 
24562 
24564 
24566 
24570 
24574 
24576 
24578 
24582 
24584 
24588 
24590 
24592 
24594 
24596 
24598 
24600 
24604 
24608 
24610 
24612 
24614 
24616 
24618 
24620 
24622 
24626 
24628 
24630 
24632 
24634 
24636 
24638 
24640 
24642 
24644 
24646 
24648 
24652 
24654 
24658 
24660 
24662 
24664 
24666 
24668 
24670 
24674 
24676 
24678 
24680 
24682 
24684 
24688 
24692 
24694 
24696 
24700 
24702 
24706 
24708 
24710 
24712 
24714 
24716 
24718 
24720 
24722 
24726 
24728 
24730 
24732 
24734 
24736 
24740 
24742 
24744 
24746 
24748 
24750 
24752 
24756 
24758 
24762 
24764 
24766 
24770 
24772 
24776 
24778 
24782 
24784 
24786 
24790 
24792 
24796 
24798 
24800 
24802 
24804 
24806 
24808 
24812 
24814 
24816 
24818 
24820 
24822 
24824 
24826 
24830 
24832 
24834 
24836 
24838 
24840 
24842 
24844 
24846 
24848 
24852 
24854 
24858 
24860 
24864 
24866 
24868 
24870 
24872 
24874 
24876 
24878 
24880 
24882 
24884 
24886 
24888 
24892 
24894 
24898 
24900 
24902 
24904 
24906 
24908 
24912 
24914 
24916 
24918 
24920 
24922 
24926 
24928 
24932 
24934 
24936 
24940 
24944 
24946 
24948 
24952 
24954 
24956 
24958 
24960 
24962 
24964 
24966 
24968 
24970 
24972 
24974 
24978 
24980 
24984 
24986 
24988 
24992 
24996 
24998 
25000 
25004 
25006 
25008 
25010 
25012 
25014 
25016 
25018 
25020 
25022 
25024 
25026 
25028 
25030 
25034 
25036 
25038 
25042 
25044 
25048 
25050 
25054 
25056 
25058 
25062 
25064 
25068 
25070 
25072 
25074 
25076 
25078 
25080 
25084 
25086 
25088 
25090 
25092 
25094 
25096 
25098 
25100 
25104 
25106 
25108 
25112 
25116 
25118 
25120 
25122 
25124 
25126 
25128 
25130 
25134 
25136 
25138 
25142 
25144 
25146 
25150 
25154 
25156 
25158 
25160 
25162 
25164 
25166 
25168 
25170 
25172 
25176 
25178 
25180 
25182 
25184 
25186 
25188 
25192 
25194 
25196 
25200 
25202 
25204 
25208 
25210 
25214 
25218 
25220 
25222 
25224 
25226 
25228 
25230 
25232 
25236 
25238 
25240 
25244 
25248 
25250 
25252 
25256 
25258 
25262 
25264 
25266 
25268 
25270 
25272 
25274 
25276 
25280 
25284 
25286 
25288 
25290 
25292 
25294 
25296 
25298 
25302 
25304 
25306 
25308 
25310 
25312 
25314 
25318 
25320 
25322 
25324 
25326 
25328 
25330 
25334 
25336 
25338 
25340 
25342 
25344 
25346 
25348 
25352 
25354 
25358 
25360 
25362 
25366 
25370 
25372 
25374 
25376 
25378 
25380 
25382 
25384 
25386 
25390 
25392 
25394 
25398 
25402 
25404 
25406 
25410 
25412 
25414 
25418 
25420 
25424 
25428 
25430 
25432 
25434 
25436 
25438 
25442 
25444 
25446 
25448 
25450 
25452 
25454 
25456 
25458 
25460 
25464 
25466 
25468 
25470 
25472 
25474 
25478 
25480 
25482 
25484 
25486 
25488 
25490 
25492 
25496 
25498 
25500 
25502 
25504 
25506 
25508 
25510 
25512 
25514 
25516 
25518 
25520 
25524 
25526 
25530 
25532 
25534 
25536 
25538 
25540 
25542 
25546 
25548 
25550 
25552 
25554 
25558 
25560 
25564 
25566 
25568 
25572 
25576 
25578 
25580 
25582 
25584 
25586 
25588 
25590 
25592 
25594 
25596 
25598 
25600 
25602 
25606 
25610 
25612 
25614 
25618 
25620 
25624 
25626 
25630 
25632 
25636 
25638 
25640 
25644 
25646 
25648 
25650 
25652 
25654 
25656 
25658 
25660 
25662 
25664 
25666 
25668 
25672 
25674 
25676 
25678 
25682 
25684 
25686 
25690 
25692 
25694 
25696 
25698 
25700 
25704 
25706 
25708 
25710 
25712 
25714 
25716 
25718 
25722 
25724 
25726 
25730 
25732 
25734 
25738 
25742 
25744 
25746 
25748 
25750 
25752 
25754 
25756 
25758 
25762 
25764 
25766 
25770 
25774 
25776 
25778 
25780 
25782 
25784 
25786 
25788 
25790 
25792 
25796 
25798 
25802 
25804 
25806 
25808 
25810 
25812 
25814 
25818 
25820 
25822 
25824 
25828 
25832 
25834 
25836 
25840 
25842 
25844 
25846 
25848 
25850 
25852 
25856 
25858 
25860 
25864 
25868 
25870 
25872 
25876 
25878 
25882 
25884 
25886 
25888 
25890 
25892 
25894 
25896 
25900 
25902 
25904 
25906 
25908 
25910 
25912 
25916 
25918 
25922 
25924 
25928 
25930 
25932 
25934 
25936 
25938 
25940 
25942 
25944 
25946 
25948 
25950 
25954 
25956 
25958 
25960 
25962 
25964 
25966 
25968 
25972 
25974 
25978 
25980 
25982 
25986 
25990 
25992 
25994 
25996 
25998 
26000 
26002 
26004 
26006 
26010 
26012 
26014 
26018 
26020 
26022 
26026 
26028 
26030 
26034 
26036 
26040 
26042 
26044 
26046 
26048 
26052 
26054 
26058 
26060 
26062 
26064 
26066 
26068 
26070 
26072 
26074 
26078 
26080 
26082 
26084 
26086 
26088 
26090 
26092 
26096 
26100 
26102 
26104 
26106 
26108 
26110 
26112 
26116 
26118 
26120 
26122 
26124 
26126 
26128 
26132 
26134 
26136 
26138 
26140 
26142 
26144 
26148 
26150 
26154 
26156 
26158 
26162 
26166 
26168 
26172 
26174 
26176 
26178 
26180 
26182 
26184 
26186 
26190 
26192 
26194 
26198 
26202 
26204 
26206 
26210 
26212 
26214 
26218 
26220 
26222 
26226 
26230 
26232 
26234 
26236 
26238 
26240 
26242 
26244 
26246 
26248 
26250 
26254 
26256 
26258 
26262 
26266 
26268 
26270 
26274 
26276 
26278 
26282 
26284 
26288 
26290 
26292 
26294 
26296 
26300 
26302 
26304 
26306 
26308 
26310 
26314 
26316 
26320 
26322 
26324 
26326 
26328 
26330 
26332 
26334 
26336 
26338 
26340 
26342 
26346 
26348 
26352 
26354 
26356 
26358 
26360 
26362 
26364 
26366 
26368 
26370 
26372 
26374 
26378 
26380 
26382 
26384 
26386 
26390 
26392 
26396 
26398 
26400 
26402 
26404 
26406 
26408 
26412 
26414 
26416 
26418 
26422 
26424 
26428 
26430 
26432 
26436 
26438 
26442 
26444 
26446 
26450 
26452 
26454 
26456 
26458 
26460 
26462 
26464 
26468 
26470 
26472 
26476 
26478 
26482 
26484 
26486 
26488 
26490 
26492 
26494 
26496 
26500 
26502 
26504 
26506 
26508 
26510 
26512 
26516 
26518 
26520 
26522 
26524 
26528 
26530 
26532 
26534 
26536 
26538 
26542 
26544 
26546 
26550 
26552 
26554 
26556 
26558 
26560 
26562 
26566 
26568 
26572 
26574 
26578 
26582 
26584 
26586 
26590 
26592 
26594 
26596 
26598 
26600 
26602 
26606 
26608 
26610 
26614 
26616 
26620 
26624 
26626 
26630 
26632 
26636 
26638 
26640 
26642 
26644 
26648 
26650 
26652 
26656 
26658 
26660 
26662 
26664 
26666 
26668 
26670 
26672 
26674 
26676 
26678 
26682 
26684 
26688 
26692 
26694 
26696 
26700 
26702 
26704 
26708 
26710 
26714 
26718 
26720 
26722 
26724 
26726 
26728 
26732 
26734 
26738 
26740 
26742 
26744 
26746 
26748 
26750 
26752 
26754 
26758 
26760 
26764 
26766 
26768 
26770 
26772 
26774 
26778 
26780 
26782 
26786 
26788 
26790 
26792 
26794 
26796 
26798 
26800 
26804 
26808 
26810 
26812 
26816 
26820 
26822 
26824 
26826 
26830 
26832 
26834 
26836 
26838 
26840 
26842 
26844 
26848 
26850 
26852 
26854 
26856 
26860 
26862 
26864 
26868 
26872 
26874 
26876 
26878 
26882 
26884 
26888 
26892 
26894 
26896 
26898 
26900 
26902 
26904 
26906 
26908 
26910 
26912 
26914 
26916 
26920 
26922 
26924 
26928 
26930 
26934 
26936 
26938 
26940 
26942 
26944 
26946 
26948 
26950 
26954 
26956 
26958 
26962 
26966 
26968 
26970 
26974 
26976 
26980 
26982 
26984 
26986 
26988 
26992 
26994 
26996 
26998 
27000 
27002 
27006 
27008 
27012 
27014 
27016 
27018 
27020 
27022 
27024 
27026 
27028 
27030 
27032 
27034 
27038 
27040 
27042 
27044 
27046 
27048 
27050 
27052 
27054 
27056 
27058 
27062 
27064 
27066 
27070 
27072 
27076 
27078 
27080 
27082 
27084 
27086 
27088 
27092 
27094 
27096 
27100 
27102 
27104 
27108 
27110 
27112 
27116 
27118 
27122 
27124 
27128 
27130 
27134 
27136 
27138 
27142 
27144 
27148 
27150 
27152 
27154 
27156 
27158 
27160 
27164 
27166 
27168 
27170 
27172 
27174 
27176 
27180 
27182 
27184 
27186 
27190 
27192 
27194 
27198 
27202 
27204 
27206 
27208 
27210 
27212 
27214 
27216 
27218 
27222 
27224 
27226 
27228 
27232 
27234 
27236 
27238 
27240 
27242 
27244 
27248 
27250 
27252 
27254 
27256 
27258 
27262 
27264 
27268 
27270 
27272 
27274 
27276 
27278 
27280 
27284 
27286 
27288 
27290 
27292 
27294 
27296 
27298 
27300 
27302 
27304 
27308 
27312 
27314 
27316 
27318 
27320 
27322 
27326 
27328 
27332 
27334 
27336 
27340 
27344 
27346 
27348 
27352 
27356 
27358 
27360 
27364 
27366 
27368 
27372 
27374 
27378 
27380 
27382 
27384 
27386 
27388 
27390 
27392 
27396 
27398 
27400 
27402 
27404 
27406 
27408 
27412 
27414 
27418 
27420 
27422 
27424 
27426 
27428 
27430 
27434 
27438 
27440 
27442 
27446 
27448 
27450 
27452 
27454 
27456 
27460 
27462 
27466 
27468 
27470 
27472 
27474 
27476 
27478 
27480 
27484 
27488 
27490 
27492 
27494 
27496 
27498 
27500 
27504 
27506 
27508 
27510 
27512 
27514 
27516 
27518 
27522 
27524 
27528 
27530 
27532 
27536 
27540 
27542 
27544 
27548 
27550 
27552 
27554 
27556 
27558 
27560 
27564 
27566 
27570 
27572 
27574 
27578 
27582 
27584 
27586 
27590 
27592 
27596 
27598 
27600 
27602 
27604 
27606 
27608 
27610 
27614 
27616 
27620 
27622 
27624 
27626 
27628 
27630 
27632 
27634 
27636 
27638 
27640 
27642 
27646 
27648 
27650 
27654 
27658 
27660 
27662 
27666 
27668 
27670 
27674 
27676 
27680 
27682 
27684 
27686 
27690 
27694 
27696 
27698 
27700 
27702 
27704 
27706 
27708 
27710 
27714 
27716 
27720 
27722 
27724 
27726 
27728 
27730 
27734 
27736 
27738 
27740 
27744 
27746 
27750 
27754 
27756 
27758 
27762 
27764 
27766 
27768 
27770 
27772 
27774 
27776 
27778 
27780 
27782 
27784 
27786 
27790 
27792 
27796 
27798 
27800 
27802 
27804 
27806 
27808 
27810 
27812 
27814 
27816 
27820 
27822 
27824 
27826 
27828 
27830 
27834 
27836 
27840 
27842 
27844 
27848 
27852 
27854 
27856 
27858 
27862 
27864 
27866 
27868 
27870 
27872 
27874 
27876 
27878 
27880 
27882 
27884 
27886 
27890 
27892 
27896 
27898 
27902 
27904 
27906 
27908 
27910 
27912 
27914 
27918 
27920 
27922 
27924 
27926 
27928 
27930 
27932 
27934 
27936 
27938 
27940 
27942 
27944 
27946 
27950 
27952 
27956 
27958 
27960 
27964 
27968 
27970 
27972 
27976 
27978 
27980 
27984 
27988 
27990 
27992 
27996 
27998 
28000 
28002 
28004 
28006 
28008 
28010 
28012 
28016 
28020 
28022 
28024 
28026 
28028 
28030 
28034 
28036 
28038 
28040 
28042 
28044 
28046 
28048 
28052 
28054 
28058 
28060 
28062 
28064 
28066 
28068 
28070 
28072 
28076 
28080 
28082 
28084 
28088 
28090 
28094 
28096 
28098 
28100 
28102 
28104 
28108 
28110 
28112 
28114 
28116 
28118 
28120 
28124 
28126 
28128 
28130 
28132 
28134 
28136 
28138 
28140 
28142 
28144 
28146 
28150 
28152 
28156 
28158 
28160 
28162 
28164 
28166 
28170 
28172 
28174 
28176 
28178 
28180 
28184 
28188 
28190 
28192 
28196 
28198 
28202 
28204 
28206 
28208 
28210 
28214 
28216 
28218 
28222 
28224 
28226 
28228 
28230 
28232 
28234 
28236 
28240 
28242 
28244 
28246 
28248 
28250 
28252 
28256 
28258 
28262 
28264 
28266 
28270 
28272 
28276 
28278 
28282 
28284 
28286 
28290 
28292 
28296 
28298 
28300 
28302 
28304 
28306 
28308 
28312 
28314 
28316 
28318 
28320 
28322 
28324 
28326 
28330 
28332 
28334 
28336 
28338 
28340 
28342 
28344 
28346 
28348 
28352 
28354 
28358 
28360 
28364 
28366 
28368 
28370 
28372 
28374 
28376 
28378 
28380 
28382 
28384 
28386 
28390 
28392 
28396 
28398 
28400 
28402 
28404 
28408 
28410 
28412 
28414 
28416 
28418 
28422 
28424 
28428 
28430 
28432 
28436 
28438 
28442 
28444 
28446 
28448 
28450 
28452 
28454 
28458 
28460 
28464 
28466 
28468 
28470 
28474 
28478 
28480 
28482 
28486 
28488 
28490 
28492 
28494 
28496 
28498 
28500 
28502 
28504 
28506 
28508 
28510 
28514 
28516 
28518 
28522 
28524 
28528 
28530 
28534 
28536 
28538 
28542 
28544 
28548 
28550 
28552 
28554 
28556 
28558 
28562 
28564 
28566 
28568 
28570 
28572 
28576 
28578 
28580 
28584 
28588 
28590 
28592 
28594 
28596 
28598 
28600 
28602 
28606 
28608 
28610 
28614 
28616 
28618 
28622 
28626 
28628 
28630 
28632 
28634 
28636 
28638 
28640 
28642 
28644 
28648 
28650 
28652 
28654 
28656 
28658 
28660 
28662 
28666 
28668 
28672 
28674 
28676 
28678 
28682 
28686 
28688 
28690 
28692 
28694 
28696 
28700 
28702 
28706 
28708 
28710 
28712 
28716 
28718 
28722 
28724 
28726 
28728 
28730 
28732 
28734 
28738 
28740 
28742 
28746 
28750 
28752 
28754 
28758 
28760 
28764 
28766 
28768 
28770 
28772 
28774 
28776 
28778 
28782 
28786 
28788 
28790 
28792 
28794 
28796 
28798 
28800 
28804 
28806 
28808 
28810 
28812 
28814 
28818 
28820 
28822 
28824 
28826 
28828 
28830 
28834 
28836 
28838 
28840 
28842 
28844 
28846 
28848 
28852 
28854 
28858 
28860 
28862 
28866 
28870 
28872 
28874 
28876 
28878 
28880 
28882 
28884 
28886 
28890 
28892 
28894 
28898 
28902 
28904 
28906 
28910 
28912 
28914 
28918 
28920 
28924 
28928 
28930 
28932 
28934 
28936 
28938 
28942 
28944 
28946 
28948 
28950 
28952 
28954 
28956 
28958 
28962 
28964 
28966 
28968 
28970 
28972 
28976 
28978 
28980 
28982 
28984 
28986 
28988 
28992 
28994 
28996 
28998 
29000 
29002 
29004 
29006 
29008 
29010 
29012 
29014 
29016 
29020 
29022 
29026 
29028 
29030 
29032 
29034 
29036 
29038 
29042 
29044 
29046 
29048 
29050 
29054 
29056 
29060 
29062 
29064 
29068 
29072 
29074 
29076 
29080 
29082 
29084 
29086 
29088 
29090 
29094 
29098 
29100 
29102 
29106 
29108 
29112 
29114 
29118 
29120 
29124 
29126 
29130 
29132 
29134 
29136 
29138 
29140 
29142 
29144 
29146 
29148 
29152 
29154 
29156 
29160 
29162 
29164 
29166 
29170 
29172 
29174 
29176 
29178 
29180 
29184 
29186 
29188 
29190 
29192 
29194 
29196 
29198 
29202 
29204 
29206 
29210 
29212 
29214 
29218 
29222 
29224 
29226 
29228 
29230 
29232 
29234 
29236 
29238 
29240 
29244 
29246 
29248 
29252 
29256 
29258 
29260 
29262 
29266 
29268 
29270 
29274 
29276 
29278 
29280 
29282 
29284 
29286 
29290 
29292 
29294 
29296 
29298 
29300 
29302 
29304 
29306 
29308 
29312 
29314 
29318 
29320 
29322 
29324 
29326 
29328 
29330 
29332 
29336 
29338 
29340 
29344 
29348 
29350 
29352 
29356 
29358 
29360 
29362 
29364 
29366 
29368 
29370 
29372 
29374 
29376 
29378 
29380 
29384 
29386 
29390 
29392 
29396 
29398 
29400 
29402 
29404 
29406 
29408 
29412 
29414 
29416 
29418 
29420 
29422 
29424 
29426 
29430 
29432 
29436 
29438 
29440 
29444 
29448 
29450 
29452 
29454 
29456 
29458 
29460 
29462 
29464 
29468 
29470 
29472 
29476 
29478 
29480 
29484 
29486 
29488 
29492 
29494 
29498 
29500 
29502 
29504 
29506 
29510 
29512 
29516 
29518 
29520 
29522 
29524 
29526 
29528 
29530 
29532 
29536 
29538 
29540 
29542 
29544 
29546 
29550 
29552 
29554 
29556 
29558 
29562 
29564 
29568 
29570 
29572 
29574 
29576 
29578 
29580 
29582 
29586 
29588 
29590 
29592 
29594 
29596 
29598 
29602 
29604 
29606 
29610 
29612 
29616 
29618 
29620 
29624 
29626 
29630 
29634 
29636 
29638 
29642 
29644 
29648 
29650 
29652 
29654 
29656 
29658 
29660 
29662 
29664 
29666 
29668 
29670 
29672 
29676 
29678 
29680 
29684 
29686 
29688 
29690 
29692 
29694 
29696 
29698 
29700 
29702 
29706 
29708 
29712 
29714 
29716 
29718 
29720 
29724 
29726 
29728 
29730 
29732 
29734 
29736 
29738 
29740 
29742 
29744 
29748 
29750 
29752 
29754 
29756 
29758 
29760 
29762 
29766 
29768 
29772 
29774 
29776 
29780 
29784 
29786 
29788 
29792 
29796 
29798 
29800 
29804 
29806 
29808 
29812 
29814 
29816 
29818 
29820 
29822 
29824 
29826 
29828 
29832 
29834 
29836 
29838 
29840 
29842 
29844 
29848 
29850 
29854 
29856 
29858 
29862 
29864 
29866 
29870 
29872 
29874 
29876 
29878 
29880 
29884 
29886 
29888 
29890 
29892 
29894 
29896 
29898 
29902 
29904 
29908 
29910 
29912 
29914 
29916 
29918 
29920 
29922 
29924 
29926 
29930 
29934 
29936 
29938 
29940 
29942 
29944 
29946 
29950 
29952 
29954 
29956 
29958 
29960 
29962 
29966 
29968 
29972 
29974 
29978 
29982 
29984 
29986 
29990 
29992 
29994 
29996 
29998 
30000 
30002 
30006 
30008 
30012 
30014 
30018 
30020 
30022 
30024 
30026 
30028 
30030 
30032 
30034 
30036 
30040 
30042 
30046 
30048 
30050 
30052 
30054 
30056 
30060 
30062 
30066 
30068 
30070 
30074 
30078 
30080 
30084 
30088 
30090 
30092 
30094 
30096 
30098 
30100 
30104 
30106 
30110 
30114 
30116 
30118 
30122 
30124 
30126 
30128 
30130 
30132 
30134 
30136 
30138 
30140 
30142 
30144 
30146 
30150 
30152 
30154 
30158 
30160 
30162 
30164 
30168 
30172 
30174 
30176 
30180 
30182 
30186 
30188 
30190 
30192 
30194 
30196 
30200 
30202 
30204 
30206 
30208 
30210 
30214 
30216 
30218 
30222 
30226 
30228 
30230 
30232 
30234 
30236 
30240 
30242 
30244 
30246 
30248 
30250 
30252 
30256 
30258 
30262 
30264 
30266 
30268 
30270 
30272 
30274 
30276 
30278 
30280 
30282 
30284 
30286 
30290 
30292 
30294 
30296 
30298 
30300 
30302 
30304 
30306 
30310 
30312 
30316 
30318 
30320 
30324 
30326 
30330 
30334 
30336 
30338 
30342 
30344 
30346 
30348 
30350 
30352 
30354 
30356 
30358 
30360 
30362 
30364 
30368 
30370 
30372 
30376 
30380 
30382 
30384 
30388 
30390 
30394 
30396 
30398 
30402 
30404 
30406 
30410 
30412 
30416 
30418 
30420 
30422 
30424 
30426 
30428 
30430 
30432 
30434 
30436 
30438 
30440 
30444 
30448 
30450 
30452 
30456 
30460 
30462 
30464 
30466 
30470 
30472 
30474 
30476 
30478 
30480 
30482 
30484 
30488 
30490 
30492 
30494 
30496 
30498 
30502 
30504 
30508 
30510 
30512 
30514 
30518 
30520 
30524 
30528 
30530 
30534 
30536 
30538 
30540 
30542 
30544 
30546 
30548 
30550 
30552 
30554 
30558 
30560 
30562 
30566 
30568 
30572 
30574 
30576 
30578 
30582 
30584 
30588 
30590 
30594 
30598 
30600 
30602 
30606 
30608 
30610 
30612 
30614 
30616 
30620 
30622 
30624 
30626 
30628 
30630 
30634 
30636 
30640 
30642 
30644 
30646 
30648 
30650 
30652 
30654 
30656 
30658 
30660 
30664 
30666 
30668 
30670 
30672 
30676 
30678 
30682 
30684 
30686 
30688 
30690 
30692 
30694 
30696 
30698 
30700 
30704 
30708 
30710 
30712 
30714 
30716 
30718 
30720 
30724 
30726 
30728 
30730 
30732 
30734 
30736 
30740 
30744 
30746 
30750 
30752 
30754 
30756 
30758 
30760 
30762 
30764 
30766 
30768 
30772 
30774 
30778 
30782 
30784 
30786 
30790 
30792 
30796 
30798 
30800 
30804 
30806 
30810 
30812 
30814 
30818 
30820 
30822 
30824 
30826 
30828 
30830 
30832 
30834 
30836 
30838 
30840 
30842 
30846 
30848 
30850 
30852 
30856 
30858 
30860 
30862 
30864 
30866 
30868 
30872 
30874 
30876 
30880 
30882 
30884 
30888 
30892 
30894 
30896 
30898 
30900 
30902 
30904 
30906 
30910 
30912 
30914 
30918 
30920 
30922 
30926 
30928 
30930 
30932 
30934 
30936 
30940 
30942 
30944 
30948 
30950 
30952 
30954 
30956 
30958 
30962 
30964 
30968 
30970 
30972 
30976 
30978 
30982 
30984 
30988 
30990 
30992 
30994 
30996 
30998 
31000 
31004 
31006 
31008 
31010 
31012 
31014 
31016 
31018 
31020 
31022 
31026 
31028 
31032 
31034 
31036 
31040 
31042 
31044 
31046 
31048 
31050 
31054 
31056 
31060 
31062 
31064 
31068 
31072 
31074 
31076 
31080 
31082 
31084 
31086 
31088 
31090 
31094 
31096 
31098 
31102 
31106 
31108 
31110 
31114 
31116 
31120 
31122 
31124 
31126 
31128 
31130 
31134 
31136 
31138 
31140 
31142 
31144 
31146 
31148 
31152 
31154 
31158 
31160 
31162 
31164 
31166 
31168 
31170 
31172 
31174 
31176 
31178 
31180 
31184 
31186 
31190 
31192 
31196 
31198 
31200 
31202 
31204 
31206 
31208 
31210 
31212 
31214 
31218 
31222 
31224 
31226 
31228 
31230 
31232 
31234 
31236 
31240 
31242 
31246 
31248 
31250 
31254 
31258 
31260 
31262 
31264 
31266 
31268 
31270 
31274 
31276 
31280 
31282 
31284 
31288 
31290 
31292 
31294 
31298 
31300 
31304 
31306 
31308 
31312 
31314 
31316 
31319 
31322 
31325 
31328 
31331 
31334 
31337 
31340 
31343 
31346 
31349 
31352 
31355 
31358 
31361 
31364 
31367 
31370 
31373 
31376 
31379 
31382 
31385 
31388 
31391 
31394 
31397 
31400 
31403 
31406 
31409 
31412 
31415 
31418 
31421 
31424 
31427 
31430 
31433 
31436 
31439 
31442 
31445 
31448 
31451 
31454 
31457 
31460 
31463 
31466 
31469 
31472 
31475 
31478 
31481 
31484 
31487 
31490 
31493 
31496 
31499 
31502 
31505 
31508 
31511 
31514 
31517 
31520 
31523 
31526 
31529 
31532 
31535 
31538 
31541 
31544 
31547 
31550 
31553 
31556 
31559 
31562 
31565 
31568 
31571 
31574 
31577 
31580 
31583 
31586 
31589 
31592 
31595 
31598 
31601 
31604 
31607 
31610 
31613 
31616 
31619 
31622 
31625 
31628 
31631 
31634 
31637 
31640 
31643 
31646 
31649 
31652 
31655 
31658 
31661 
31664 
31667 
31670 
31673 
31676 
31679 
31682 
31685 
31688 
31691 
31694 
31697 
31700 
31703 
31706 
31709 
31712 
31715 
31718 
31721 
31724 
31727 
31730 
31733 
31736 
31739 
31742 
31745 
31748 
31751 
31754 
31757 
31760 
31763 
31766 
31769 
31772 
31775 
31778 
31781 
31784 
31787 
31790 
31793 
31796 
31799 
31802 
31805 
31808 
31811 
31814 
31817 
31820 
31823 
31826 
31829 
31832 
31835 
31838 
31841 
31844 
31847 
31850 
31853 
31856 
31859 
31862 
31865 
31868 
31871 
31874 
31877 
31880 
31883 
31886 
31889 
31892 
31895 
31898 
31901 
31904 
31907 
31910 
31913 
31916 
31919 
31922 
31925 
31928 
31931 
31934 
31937 
31940 
31943 
31946 
31949 
31952 
31955 
31958 
31961 
31964 
31967 
31970 
31973 
31976 
31979 
31982 
31985 
31988 
31991 
31994 
31997 
32000 
32003 
32006 
32009 
32012 
32015 
32018 
32021 
32024 
32027 
32030 
32033 
32036 
32039 
32042 
32045 
32048 
32051 
32054 
32057 
32060 
32063 
32066 
32069 
32072 
32075 
32078 
32081 
32084 
32087 
32090 
32093 
32096 
32099 
32102 
32105 
32108 
32111 
32114 
32117 
32120 
32123 
32126 
32129 
32132 
32135 
32138 
32141 
32144 
32147 
32150 
32153 
32156 
32159 
32162 
32165 
32168 
32171 
32174 
32177 
32180 
32183 
32186 
32189 
32192 
32195 
32198 
32201 
32204 
32207 
32210 
32213 
32216 
32219 
32222 
32225 
32228 
32231 
32234 
32237 
32240 
32243 
32246 
32249 
32252 
32255 
32258 
32261 
32264 
32267 
32270 
32273 
32276 
32279 
32282 
32285 
32288 
32291 
32294 
32297 
32300 
32303 
32306 
32309 
32312 
32315 
32318 
32321 
32324 
32327 
32330 
32333 
32336 
32339 
32342 
32345 
32348 
32351 
32354 
32357 
32360 
32363 
32366 
32369 
32372 
32375 
32378 
32381 
32384 
32387 
32390 
32393 
32396 
32399 
32402 
32405 
32408 
32411 
32414 
32417 
32420 
32423 
32426 
32429 
32432 
32435 
32438 
32441 
32444 
32447 
32450 
32453 
32456 
32459 
32462 
32465 
32468 
32471 
32474 
32477 
32480 
32483 
32486 
32489 
32492 
32495 
32498 
32501 
32504 
32507 
32510 
32513 
32516 
32519 
32522 
32525 
32528 
32531 
32534 
32537 
32540 
32543 
32546 
32549 
32552 
32555 
32558 
32561 
32564 
32567 
32570 
32573 
32576 
32579 
32582 
32585 
32588 
32591 
32594 
32597 
32600 
32603 
32606 
32609 
32612 
32615 
32618 
32621 
32624 
32627 
32630 
32633 
32636 
32639 
32642 
32645 
32648 
32651 
32654 
32657 
32660 
32663 
32666 
32669 
32672 
32675 
32678 
32681 
32684 
32687 
32690 
32693 
32696 
32699 
32702 
32705 
32708 
32711 
32714 
32717 
32720 
32723 
32726 
32729 
32732 
32735 
32738 
32741 
32744 
32747 
32750 
32753 
32756 
32759 
32762 
32765 
32768 
32771 
32774 
32777 
32780 
32783 
32786 
32789 
32792 
32795 
32798 
32801 
32804 
32807 
32810 
32813 
32816 
32819 
32822 
32825 
32828 
32831 
32834 
32837 
32840 
32843 
32846 
32849 
32852 
32855 
32858 
32861 
32864 
32867 
32870 
32873 
32876 
32879 
32882 
32885 
32888 
32891 
32894 
32897 
32900 
32903 
32906 
32909 
32912 
32915 
32918 
32921 
32924 
32927 
32930 
32933 
32936 
32939 
32942 
32945 
32948 
32951 
32954 
32957 
32960 
32963 
32966 
32969 
32972 
32975 
32978 
32981 
32984 
32987 
32990 
32993 
32996 
32999 
33002 
33005 
33008 
33011 
33014 
33017 
33020 
33023 
33026 
33029 
33032 
33035 
33038 
33041 
33044 
33047 
33050 
33053 
33056 
33059 
33062 
33065 
33068 
33071 
33074 
33077 
33080 
33083 
33086 
33089 
33092 
33095 
33098 
33101 
33104 
33107 
33110 
33113 
33116 
33119 
33122 
33125 
33128 
33131 
33134 
33137 
33140 
33143 
33146 
33149 
33152 
33155 
33158 
33161 
33164 
33167 
33170 
33173 
33176 
33179 
33182 
33185 
33188 
33191 
33194 
33197 
33200 
33203 
33206 
33209 
33212 
33215 
33218 
33221 
33224 
33227 
33230 
33233 
33236 
33239 
33242 
33245 
33248 
33251 
33254 
33257 
33260 
33263 
33266 
33269 
33272 
33275 
33278 
33281 
33284 
33287 
33290 
33293 
33296 
33299 
33302 
33305 
33308 
33311 
33314 
33317 
33320 
33323 
33326 
33329 
33332 
33335 
33338 
33341 
33344 
33347 
33350 
33353 
33356 
33359 
33362 
33365 
33368 
33371 
33374 
33377 
33380 
33383 
33386 
33389 
33392 
33395 
33398 
33401 
33404 
33407 
33410 
33413 
33416 
33419 
33422 
33425 
33428 
33431 
33434 
33437 
33440 
33443 
33446 
33449 
33452 
33455 
33458 
33461 
33464 
33467 
33470 
33473 
33476 
33479 
33482 
33485 
33488 
33491 
33494 
33497 
33500 
33503 
33506 
33509 
33512 
33515 
33518 
33521 
33524 
33527 
33530 
33533 
33536 
33539 
33542 
33545 
33548 
33551 
33554 
33557 
33560 
33563 
33566 
33569 
33572 
33575 
33578 
33581 
33584 
33587 
33590 
33593 
33596 
33599 
33602 
33605 
33608 
33611 
33614 
33617 
33620 
33623 
33626 
33629 
33632 
33635 
33638 
33641 
33644 
33647 
33650 
33653 
33656 
33659 
33662 
33665 
33668 
33671 
33674 
33677 
33680 
33683 
33686 
33689 
33692 
33695 
33698 
33701 
33704 
33707 
33710 
33713 
33716 
33719 
33722 
33725 
33728 
33731 
33734 
33737 
33740 
33743 
33746 
33749 
33752 
33755 
33758 
33761 
33764 
33767 
33770 
33773 
33776 
33779 
33782 
33785 
33788 
33791 
33794 
33797 
33800 
33803 
33806 
33809 
33812 
33815 
33818 
33821 
33824 
33827 
33830 
33833 
33836 
33839 
33842 
33845 
33848 
33851 
33854 
33857 
33860 
33863 
33866 
33869 
33872 
33875 
33878 
33881 
33884 
33887 
33890 
33893 
33896 
33899 
33902 
33905 
33908 
33911 
33914 
33917 
33920 
33923 
33926 
33929 
33932 
33935 
33938 
33941 
33944 
33947 
33950 
33953 
33956 
33959 
33962 
33965 
33968 
33971 
33974 
33977 
33980 
33983 
33986 
33989 
33992 
33995 
33998 
34001 
34004 
34007 
34010 
34013 
34016 
34019 
34022 
34025 
34028 
34031 
34034 
34037 
34040 
34043 
34046 
34049 
34052 
34055 
34058 
34061 
34064 
34067 
34070 
34073 
34076 
34079 
34082 
34085 
34088 
34091 
34094 
34097 
34100 
34103 
34106 
34109 
34112 
34115 
34118 
34121 
34124 
34127 
34130 
34133 
34136 
34139 
34142 
34145 
34148 
34151 
34154 
34157 
34160 
34163 
34166 
34169 
34172 
34175 
34178 
34181 
34184 
34187 
34190 
34193 
34196 
34199 
34202 
34205 
34208 
34211 
34214 
34217 
34220 
34223 
34226 
34229 
34232 
34235 
34238 
34241 
34244 
34247 
34250 
34253 
34256 
34259 
34262 
34265 
34268 
34271 
34274 
34277 
34280 
34283 
34286 
34289 
34292 
34295 
34298 
34301 
34304 
34307 
34310 
34313 
34316 
34319 
34322 
34325 
34328 
34331 
34334 
34337 
34340 
34343 
34346 
34349 
34352 
34355 
34358 
34361 
34364 
34367 
34370 
34373 
34376 
34379 
34382 
34385 
34388 
34391 
34394 
34397 
34400 
34403 
34406 
34409 
34412 
34415 
34418 
34421 
34424 
34427 
34430 
34433 
34436 
34439 
34442 
34445 
34448 
34451 
34454 
34457 
34460 
34463 
34466 
34469 
34472 
34475 
34478 
34481 
34484 
34487 
34490 
34493 
34496 
34499 
34502 
34505 
34508 
34511 
34514 
34517 
34520 
34523 
34526 
34529 
34532 
34535 
34538 
34541 
34544 
34547 
34550 
34553 
34556 
34559 
34562 
34565 
34568 
34571 
34574 
34577 
34580 
34583 
34586 
34589 
34592 
34595 
34598 
34601 
34604 
34607 
34610 
34613 
34616 
34619 
34622 
34625 
34628 
34631 
34634 
34637 
34640 
34643 
34646 
34649 
34652 
34655 
34658 
34661 
34664 
34667 
34670 
34673 
34676 
34679 
34682 
34685 
34688 
34691 
34694 
34697 
34700 
34703 
34706 
34709 
34712 
34715 
34718 
34721 
34724 
34727 
34730 
34733 
34736 
34739 
34742 
34745 
34748 
34751 
34754 
34757 
34760 
34763 
34766 
34769 
34772 
34775 
34778 
34781 
34784 
34787 
34790 
34793 
34796 
34799 
34802 
34805 
34808 
34811 
34814 
34817 
34820 
34823 
34826 
34829 
34832 
34835 
34838 
34841 
34844 
34847 
34850 
34853 
34856 
34859 
34862 
34865 
34868 
34871 
34874 
34877 
34880 
34883 
34886 
34889 
34892 
34895 
34898 
34901 
34904 
34907 
34910 
34913 
34916 
34919 
34922 
34925 
34928 
34931 
34934 
34937 
34940 
34943 
34946 
34949 
34952 
34955 
34958 
34961 
34964 
34967 
34970 
34973 
34976 
34979 
34982 
34985 
34988 
34991 
34994 
34997 
35000 
35003 
35006 
35009 
35012 
35015 
35018 
35021 
35024 
35027 
35030 
35033 
35036 
35039 
35042 
35045 
35048 
35051 
35054 
35057 
35060 
35063 
35066 
35069 
35072 
35075 
35078 
35081 
35084 
35087 
35090 
35093 
35096 
35099 
35102 
35105 
35108 
35111 
35114 
35117 
35120 
35123 
35126 
35129 
35132 
35135 
35138 
35141 
35144 
35147 
35150 
35153 
35156 
35159 
35162 
35165 
35168 
35171 
35174 
35177 
35180 
35183 
35186 
35189 
35192 
35195 
35198 
35201 
35204 
35207 
35210 
35213 
35216 
35219 
35222 
35225 
35228 
35231 
35234 
35237 
35240 
35243 
35246 
35249 
35252 
35255 
35258 
35261 
35264 
35267 
35270 
35273 
35276 
35279 
35282 
35285 
35288 
35291 
35294 
35297 
35300 
35303 
35306 
35309 
35312 
35315 
35318 
35321 
35324 
35327 
35330 
35333 
35336 
35339 
35342 
35345 
35348 
35351 
35354 
35357 
35360 
35363 
35366 
35369 
35372 
35375 
35378 
35381 
35384 
35387 
35390 
35393 
35396 
35399 
35402 
35405 
35408 
35411 
35414 
35417 
35420 
35423 
35426 
35429 
35432 
35435 
35438 
35441 
35444 
35447 
35450 
35453 
35456 
35459 
35462 
35465 
35468 
35471 
35474 
35477 
35480 
35483 
35486 
35489 
35492 
35495 
35498 
35501 
35504 
35507 
35510 
35513 
35516 
35519 
35522 
35525 
35528 
35531 
35534 
35537 
35540 
35543 
35546 
35549 
35552 
35555 
35558 
35561 
35564 
35567 
35570 
35573 
35576 
35579 
35582 
35585 
35588 
35591 
35594 
35597 
35600 
35603 
35606 
35609 
35612 
35615 
35618 
35621 
35624 
35627 
35630 
35633 
35636 
35639 
35642 
35645 
35648 
35651 
35654 
35657 
35660 
35663 
35666 
35669 
35672 
35675 
35678 
35681 
35684 
35687 
35690 
35693 
35696 
35699 
35702 
35705 
35708 
35711 
35714 
35717 
35720 
35723 
35726 
35729 
35732 
35735 
35738 
35741 
35744 
35747 
35750 
35753 
35756 
35759 
35762 
35765 
35768 
35771 
35774 
35777 
35780 
35783 
35786 
35789 
35792 
35795 
35798 
35801 
35804 
35807 
35810 
35813 
35816 
35819 
35822 
35825 
35828 
35831 
35834 
35837 
35840 
35843 
35846 
35849 
35852 
35855 
35858 
35861 
35864 
35867 
35870 
35873 
35876 
35879 
35882 
35885 
35888 
35891 
35894 
35897 
35900 
35903 
35906 
35909 
35912 
35915 
35918 
35921 
35924 
35927 
35930 
35933 
35936 
35939 
35942 
35945 
35948 
35951 
35954 
35957 
35960 
35963 
35966 
35969 
35972 
35975 
35978 
35981 
35984 
35987 
35990 
35993 
35996 
35999 
36002 
36005 
36008 
36011 
36014 
36017 
36020 
36023 
36026 
36029 
36032 
36035 
36038 
36041 
36044 
36047 
36050 
36053 
36056 
36059 
36062 
36065 
36068 
36071 
36074 
36077 
36080 
36083 
36086 
36089 
36092 
36095 
36098 
36101 
36104 
36107 
36110 
36113 
36116 
36119 
36122 
36125 
36128 
36131 
36134 
36137 
36140 
36143 
36146 
36149 
36152 
36155 
36158 
36161 
36164 
36167 
36170 
36173 
36176 
36179 
36182 
36185 
36188 
36191 
36194 
36197 
36200 
36203 
36206 
36209 
36212 
36215 
36218 
36221 
36224 
36227 
36230 
36233 
36236 
36239 
36242 
36245 
36248 
36251 
36254 
36257 
36260 
36263 
36266 
36269 
36272 
36275 
36278 
36281 
36284 
36287 
36290 
36293 
36296 
36299 
36302 
36305 
36308 
36311 
36314 
36317 
36320 
36323 
36326 
36329 
36332 
36335 
36338 
36341 
36344 
36347 
36350 
36353 
36356 
36359 
36362 
36365 
36368 
36371 
36374 
36377 
36380 
36383 
36386 
36389 
36392 
36395 
36398 
36401 
36404 
36407 
36410 
36413 
36416 
36419 
36422 
36425 
36428 
36431 
36434 
36437 
36440 
36443 
36446 
36449 
36452 
36455 
36458 
36461 
36464 
36467 
36470 
36473 
36476 
36479 
36482 
36485 
36488 
36491 
36494 
36497 
36500 
36503 
36506 
36509 
36512 
36515 
36518 
36521 
36524 
36527 
36530 
36533 
36536 
36539 
36542 
36545 
36548 
36551 
36554 
36557 
36560 
36563 
36566 
36569 
36572 
36575 
36578 
36581 
36584 
36587 
36590 
36593 
36596 
36599 
36602 
36605 
36608 
36611 
36614 
36617 
36620 
36623 
36626 
36629 
36632 
36635 
36638 
36641 
36644 
36647 
36650 
36653 
36656 
36659 
36662 
36665 
36668 
36671 
36674 
36677 
36680 
36683 
36686 
36689 
36692 
36695 
36698 
36701 
36704 
36707 
36710 
36713 
36716 
36719 
36722 
36725 
36728 
36731 
36734 
36737 
36740 
36743 
36746 
36749 
36752 
36755 
36758 
36761 
36764 
36767 
36770 
36773 
36776 
36779 
36782 
36785 
36788 
36791 
36794 
36797 
36800 
36803 
36806 
36809 
36812 
36815 
36818 
36821 
36824 
36827 
36830 
36833 
36836 
36839 
36842 
36845 
36848 
36851 
36854 
36857 
36860 
36863 
36866 
36869 
36872 
36875 
36878 
36881 
36884 
36887 
36890 
36893 
36896 
36899 
36902 
36905 
36908 
36911 
36914 
36917 
36920 
36923 
36926 
36929 
36932 
36935 
36938 
36941 
36944 
36947 
36950 
36953 
36956 
36959 
36962 
36965 
36968 
36971 
36974 
36977 
36980 
36983 
36986 
36989 
36992 
36995 
36998 
37001 
37004 
37007 
37010 
37013 
37016 
37019 
37022 
37025 
37028 
37031 
37034 
37037 
37040 
37043 
37046 
37049 
37052 
37055 
37058 
37061 
37064 
37067 
37070 
37073 
37076 
37079 
37082 
37085 
37088 
37091 
37094 
37097 
37100 
37103 
37106 
37109 
37112 
37115 
37118 
37121 
37124 
37127 
37130 
37133 
37136 
37139 
37142 
37145 
37148 
37151 
37154 
37157 
37160 
37163 
37166 
37169 
37172 
37175 
37178 
37181 
37184 
37187 
37190 
37193 
37196 
37199 
37202 
37205 
37208 
37211 
37214 
37217 
37220 
37223 
37226 
37229 
37232 
37235 
37238 
37241 
37244 
37247 
37250 
37253 
37256 
37259 
37262 
37265 
37268 
37271 
37274 
37277 
37280 
37283 
37286 
37289 
37292 
37295 
37298 
37301 
37304 
37307 
37310 
37313 
37316 
37319 
37322 
37325 
37328 
37331 
37334 
37337 
37340 
37343 
37346 
37349 
37352 
37355 
37358 
37361 
37364 
37367 
37370 
37373 
37376 
37379 
37382 
37385 
37388 
37391 
37394 
37397 
37400 
37403 
37406 
37409 
37412 
37415 
37418 
37421 
37424 
37427 
37430 
37433 
37436 
37439 
37442 
37445 
37448 
37451 
37454 
37457 
37460 
37463 
37466 
37469 
37472 
37475 
37478 
37481 
37484 
37487 
37490 
37493 
37496 
37499 
37502 
37505 
37508 
37511 
37514 
37517 
37520 
37523 
37526 
37529 
37532 
37535 
37538 
37541 
37544 
37547 
37550 
37553 
37556 
37559 
37562 
37565 
37568 
37571 
37574 
37577 
37580 
37583 
37586 
37589 
37592 
37595 
37598 
37601 
37604 
37607 
37610 
37613 
37616 
37619 
37622 
37625 
37628 
37631 
37634 
37637 
37640 
37643 
37646 
37649 
37652 
37655 
37658 
37661 
37664 
37667 
37670 
37673 
37676 
37679 
37682 
37685 
37688 
37691 
37694 
37697 
37700 
37703 
37706 
37709 
37712 
37715 
37718 
37721 
37724 
37727 
37730 
37733 
37736 
37739 
37742 
37745 
37748 
37751 
37754 
37757 
37760 
37763 
37766 
37769 
37772 
37775 
37778 
37781 
37784 
37787 
37790 
37793 
37796 
37799 
37802 
37805 
37808 
37811 
37814 
37817 
37820 
37823 
37826 
37829 
37832 
37835 
37838 
37841 
37844 
37847 
37850 
37853 
37856 
37859 
37862 
37865 
37868 
37871 
37874 
37877 
37880 
37883 
37886 
37889 
37892 
37895 
37898 
37901 
37904 
37907 
37910 
37913 
37916 
37919 
37922 
37925 
37928 
37931 
37934 
37937 
37940 
37943 
37946 
37949 
37952 
37955 
37958 
37961 
37964 
37967 
37970 
37973 
37976 
37979 
37982 
37985 
37988 
37991 
37994 
37997 
38000 
38003 
38006 
38009 
38012 
38015 
38018 
38021 
38024 
38027 
38030 
38033 
38036 
38039 
38042 
38045 
38048 
38051 
38054 
38057 
38060 
38063 
38066 
38069 
38072 
38075 
38078 
38081 
38084 
38087 
38090 
38093 
38096 
38099 
38102 
38105 
38108 
38111 
38114 
38117 
38120 
38123 
38126 
38129 
38132 
38135 
38138 
38141 
38144 
38147 
38150 
38153 
38156 
38159 
38162 
38165 
38168 
38171 
38174 
38177 
38180 
38183 
38186 
38189 
38192 
38195 
38198 
38201 
38204 
38207 
38210 
38213 
38216 
38219 
38222 
38225 
38228 
38231 
38234 
38237 
38240 
38243 
38246 
38249 
38252 
38255 
38258 
38261 
38264 
38267 
38270 
38273 
38276 
38279 
38282 
38285 
38288 
38291 
38294 
38297 
38300 
38303 
38306 
38309 
38312 
38315 
38318 
38321 
38324 
38327 
38330 
38333 
38336 
38339 
38342 
38345 
38348 
38351 
38354 
38357 
38360 
38363 
38366 
38369 
38372 
38375 
38378 
38381 
38384 
38387 
38390 
38393 
38396 
38399 
38402 
38405 
38408 
38411 
38414 
38417 
38420 
38423 
38426 
38429 
38432 
38435 
38438 
38441 
38444 
38447 
38450 
38453 
38456 
38459 
38462 
38465 
38468 
38471 
38474 
38477 
38480 
38483 
38486 
38489 
38492 
38495 
38498 
38501 
38504 
38507 
38510 
38513 
38516 
38519 
38522 
38525 
38528 
38531 
38534 
38537 
38540 
38543 
38546 
38549 
38552 
38555 
38558 
38561 
38564 
38567 
38570 
38573 
38576 
38579 
38582 
38585 
38588 
38591 
38594 
38597 
38600 
38603 
38606 
38609 
38612 
38615 
38618 
38621 
38624 
38627 
38630 
38633 
38636 
38639 
38642 
38645 
38648 
38651 
38654 
38657 
38660 
38663 
38666 
38669 
38672 
38675 
38678 
38681 
38684 
38687 
38690 
38693 
38696 
38699 
38702 
38705 
38708 
38711 
38714 
38717 
38720 
38723 
38726 
38729 
38732 
38735 
38738 
38741 
38744 
38747 
38750 
38753 
38756 
38759 
38762 
38765 
38768 
38771 
38774 
38777 
38780 
38783 
38786 
38789 
38792 
38795 
38798 
38801 
38804 
38807 
38810 
38813 
38816 
38819 
38822 
38825 
38828 
38831 
38834 
38837 
38840 
38843 
38846 
38849 
38852 
38855 
38858 
38861 
38864 
38867 
38870 
38873 
38876 
38879 
38882 
38885 
38888 
38891 
38894 
38897 
38900 
38903 
38906 
38909 
38912 
38915 
38918 
38921 
38924 
38927 
38930 
38933 
38936 
38939 
38942 
38945 
38948 
38951 
38954 
38957 
38960 
38963 
38966 
38969 
38972 
38975 
38978 
38981 
38984 
38987 
38990 
38993 
38996 
38999 
39002 
39005 
39008 
39011 
39014 
39017 
39020 
39023 
39026 
39029 
39032 
39035 
39038 
39041 
39044 
39047 
39050 
39053 
39056 
39059 
39062 
39065 
39068 
39071 
39074 
39077 
39080 
39083 
39086 
39089 
39092 
39095 
39098 
39101 
39104 
39107 
39110 
39113 
39116 
39119 
39122 
39125 
39128 
39131 
39134 
39137 
39140 
39143 
39146 
39149 
39152 
39155 
39158 
39161 
39164 
39167 
39170 
39173 
39176 
39179 
39182 
39185 
39188 
39191 
39194 
39197 
39200 
39203 
39206 
39209 
39212 
39215 
39218 
39221 
39224 
39227 
39230 
39233 
39236 
39239 
39242 
39245 
39248 
39251 
39254 
39257 
39260 
39263 
39266 
39269 
39272 
39275 
39278 
39281 
39284 
39287 
39290 
39293 
39296 
39299 
39302 
39305 
39308 
39311 
39314 
39317 
39320 
39323 
39326 
39329 
39332 
39335 
39338 
39341 
39344 
39347 
39350 
39353 
39356 
39359 
39362 
39365 
39368 
39371 
39374 
39377 
39380 
39383 
39386 
39389 
39392 
39395 
39398 
39401 
39404 
39407 
39410 
39413 
39416 
39419 
39422 
39425 
39428 
39431 
39434 
39437 
39440 
39443 
39446 
39449 
39452 
39455 
39458 
39461 
39464 
39467 
39470 
39473 
39476 
39479 
39482 
39485 
39488 
39491 
39494 
39497 
39500 
39503 
39506 
39509 
39512 
39515 
39518 
39521 
39524 
39527 
39530 
39533 
39536 
39539 
39542 
39545 
39548 
39551 
39554 
39557 
39560 
39563 
39566 
39569 
39572 
39575 
39578 
39581 
39584 
39587 
39590 
39593 
39596 
39599 
39602 
39605 
39608 
39611 
39614 
39617 
39620 
39623 
39626 
39629 
39632 
39635 
39638 
39641 
39644 
39647 
39650 
39653 
39656 
39659 
39662 
39665 
39668 
39671 
39674 
39677 
39680 
39683 
39686 
39689 
39692 
39695 
39698 
39701 
39704 
39707 
39710 
39713 
39716 
39719 
39722 
39725 
39728 
39731 
39734 
39737 
39740 
39743 
39746 
39749 
39752 
39755 
39758 
39761 
39764 
39767 
39770 
39773 
39776 
39779 
39782 
39785 
39788 
39791 
39794 
39797 
39800 
39803 
39806 
39809 
39812 
39815 
39818 
39821 
39824 
39827 
39830 
39833 
39836 
39839 
39842 
39845 
39848 
39851 
39854 
39857 
39860 
39863 
39866 
39869 
39872 
39875 
39878 
39881 
39884 
39887 
39890 
39893 
39896 
39899 
39902 
39905 
39908 
39911 
39914 
39917 
39920 
39923 
39926 
39929 
39932 
39935 
39938 
39941 
39944 
39947 
39950 
39953 
39956 
39959 
39962 
39965 
39968 
39971 
39974 
39977 
39980 
39983 
39986 
39989 
39992 
39995 
39998 
40001 
40004 
40007 
40010 
40013 
40016 
40019 
40022 
40025 
40028 
40031 
40034 
40037 
40040 
40043 
40046 
40049 
40052 
40055 
40058 
40061 
40064 
40067 
40070 
40073 
40076 
40079 
40082 
40085 
40088 
40091 
40094 
40097 
40100 
40103 
40106 
40109 
40112 
40115 
40118 
40121 
40124 
40127 
40130 
40133 
40136 
40139 
40142 
40145 
40148 
40151 
40154 
40157 
40160 
40163 
40166 
40169 
40172 
40175 
40178 
40181 
40184 
40187 
40190 
40193 
40196 
40199 
40202 
40205 
40208 
40211 
40214 
40217 
40220 
40223 
40226 
40229 
40232 
40235 
40238 
40241 
40244 
40247 
40250 
40253 
40256 
40259 
40262 
40265 
40268 
40271 
40274 
40277 
40280 
40283 
40286 
40289 
40292 
40295 
40298 
40301 
40304 
40307 
40310 
40313 
40316 
40319 
40322 
40325 
40328 
40331 
40334 
40337 
40340 
40343 
40346 
40349 
40352 
40355 
40358 
40361 
40364 
40367 
40370 
40373 
40376 
40379 
40382 
40385 
40388 
40391 
40394 
40397 
40400 
40403 
40406 
40409 
40412 
40415 
40418 
40421 
40424 
40427 
40430 
40433 
40436 
40439 
40442 
40445 
40448 
40451 
40454 
40457 
40460 
40463 
40466 
40469 
40472 
40475 
40478 
40481 
40484 
40487 
40490 
40493 
40496 
40499 
40502 
40505 
40508 
40511 
40514 
40517 
40520 
40523 
40526 
40529 
40532 
40535 
40538 
40541 
40544 
40547 
40550 
40553 
40556 
40559 
40562 
40565 
40568 
40571 
40574 
40577 
40580 
40583 
40586 
40589 
40592 
40595 
40598 
40601 
40604 
40607 
40610 
40613 
40616 
40619 
40622 
40625 
40628 
40631 
40634 
40637 
40640 
40643 
40646 
40649 
40652 
40655 
40658 
40661 
40664 
40667 
40670 
40673 
40676 
40679 
40682 
40685 
40688 
40691 
40694 
40697 
40700 
40703 
40706 
40709 
40712 
40715 
40718 
40721 
40724 
40727 
40730 
40733 
40736 
40739 
40742 
40745 
40748 
40751 
40754 
40757 
40760 
40763 
40766 
40769 
40772 
40775 
40778 
40781 
40784 
40787 
40790 
40793 
40796 
40799 
40802 
40805 
40808 
40811 
40814 
40817 
40820 
40823 
40826 
40829 
40832 
40835 
40838 
40841 
40844 
40847 
40850 
40853 
40856 
40859 
40862 
40865 
40868 
40871 
40874 
40877 
40880 
40883 
40886 
40889 
40892 
40895 
40898 
40901 
40904 
40907 
40910 
40913 
40916 
40919 
40922 
40925 
40928 
40931 
40934 
40937 
40940 
40943 
40946 
40949 
40952 
40955 
40958 
40961 
40964 
40967 
40970 
40973 
40976 
40979 
40982 
40985 
40988 
40991 
40994 
40997 
41000 
41003 
41006 
41009 
41012 
41015 
41018 
41021 
41024 
41027 
41030 
41033 
41036 
41039 
41042 
41045 
41048 
41051 
41054 
41057 
41060 
41063 
41066 
41069 
41072 
41075 
41078 
41081 
41084 
41087 
41090 
41093 
41096 
41099 
41102 
41105 
41108 
41111 
41114 
41117 
41120 
41123 
41126 
41129 
41132 
41135 
41138 
41141 
41144 
41147 
41150 
41153 
41156 
41159 
41162 
41165 
41168 
41171 
41174 
41177 
41180 
41183 
41186 
41189 
41192 
41195 
41198 
41201 
41204 
41207 
41210 
41213 
41216 
41219 
41222 
41225 
41228 
41231 
41234 
41237 
41240 
41243 
41246 
41249 
41252 
41255 
41258 
41261 
41264 
41267 
41270 
41273 
41276 
41279 
41282 
41285 
41288 
41291 
41294 
41297 
41300 
41303 
41306 
41309 
41312 
41315 
41318 
41321 
41324 
41327 
41330 
41333 
41336 
41339 
41342 
41345 
41348 
41351 
41354 
41357 
41360 
41363 
41366 
41369 
41372 
41375 
41378 
41381 
41384 
41387 
41390 
41393 
41396 
41399 
41402 
41405 
41408 
41411 
41414 
41417 
41420 
41423 
41426 
41429 
41432 
41435 
41438 
41441 
41444 
41447 
41450 
41453 
41456 
41459 
41462 
41465 
41468 
41471 
41474 
41477 
41480 
41483 
41486 
41489 
41492 
41495 
41498 
41501 
41504 
41507 
41510 
41513 
41516 
41519 
41522 
41525 
41528 
41531 
41534 
41537 
41540 
41543 
41546 
41549 
41552 
41555 
41558 
41561 
41564 
41567 
41570 
41573 
41576 
41579 
41582 
41585 
41588 
41591 
41594 
41597 
41600 
41603 
41606 
41609 
41612 
41615 
41618 
41621 
41624 
41627 
41630 
41633 
41636 
41639 
41642 
41645 
41648 
41651 
41654 
41657 
41660 
41663 
41666 
41669 
41672 
41675 
41678 
41681 
41684 
41687 
41690 
41693 
41696 
41699 
41702 
41705 
41708 
41711 
41714 
41717 
41720 
41723 
41726 
41729 
41732 
41735 
41738 
41741 
41744 
41747 
41750 
41753 
41756 
41759 
41762 
41765 
41768 
41771 
41774 
41777 
41780 
41783 
41786 
41789 
41792 
41795 
41798 
41801 
41804 
41807 
41810 
41813 
41816 
41819 
41822 
41825 
41828 
41831 
41834 
41837 
41840 
41843 
41846 
41849 
41852 
41855 
41858 
41861 
41864 
41867 
41870 
41873 
41876 
41879 
41882 
41885 
41888 
41891 
41894 
41897 
41900 
41903 
41906 
41909 
41912 
41915 
41918 
41921 
41924 
41927 
41930 
41933 
41936 
41939 
41942 
41945 
41948 
41951 
41954 
41957 
41960 
41963 
41966 
41969 
41972 
41975 
41978 
41981 
41984 
41987 
41990 
41993 
41996 
41999 
42002 
42005 
42008 
42011 
42014 
42017 
42020 
42023 
42026 
42029 
42032 
42035 
42038 
42041 
42044 
42047 
42050 
42053 
42056 
42059 
42062 
42065 
42068 
42071 
42074 
42077 
42080 
42083 
42086 
42089 
42092 
42095 
42098 
42101 
42104 
42107 
42110 
42113 
42116 
42119 
42122 
42125 
42128 
42131 
42134 
42137 
42140 
42143 
42146 
42149 
42152 
42155 
42158 
42161 
42164 
42167 
42170 
42173 
42176 
42179 
42182 
42185 
42188 
42191 
42194 
42197 
42200 
42203 
42206 
42209 
42212 
42215 
42218 
42221 
42224 
42227 
42230 
42233 
42236 
42239 
42242 
42245 
42248 
42251 
42254 
42257 
42260 
42263 
42266 
42269 
42272 
42275 
42278 
42281 
42284 
42287 
42290 
42293 
42296 
42299 
42302 
42305 
42308 
42311 
42314 
42317 
42320 
42323 
42326 
42329 
42332 
42335 
42338 
42341 
42344 
42347 
42350 
42353 
42356 
42359 
42362 
42365 
42368 
42371 
42374 
42377 
42380 
42383 
42386 
42389 
42392 
42395 
42398 
42401 
42404 
42407 
42410 
42413 
42416 
42419 
42422 
42425 
42428 
42431 
42434 
42437 
42440 
42443 
42446 
42449 
42452 
42455 
42458 
42461 
42464 
42467 
42470 
42473 
42476 
42479 
42482 
42485 
42488 
42491 
42494 
42497 
42500 
42503 
42506 
42509 
42512 
42515 
42518 
42521 
42524 
42527 
42530 
42533 
42536 
42539 
42542 
42545 
42548 
42551 
42554 
42557 
42560 
42563 
42566 
42569 
42572 
42575 
42578 
42581 
42584 
42587 
42590 
42593 
42596 
42599 
42602 
42605 
42608 
42611 
42614 
42617 
42620 
42623 
42626 
42629 
42632 
42635 
42638 
42641 
42644 
42647 
42650 
42653 
42656 
42659 
42662 
42665 
42668 
42671 
42674 
42677 
42680 
42683 
42686 
42689 
42692 
42695 
42698 
42701 
42704 
42707 
42710 
42713 
42716 
42719 
42722 
42725 
42728 
42731 
42734 
42737 
42740 
42743 
42746 
42749 
42752 
42755 
42758 
42761 
42764 
42767 
42770 
42773 
42776 
42779 
42782 
42785 
42788 
42791 
42794 
42797 
42800 
42803 
42806 
42809 
42812 
42815 
42818 
42821 
42824 
42827 
42830 
42833 
42836 
42839 
42842 
42845 
42848 
42851 
42854 
42857 
42860 
42863 
42866 
42869 
42872 
42875 
42878 
42881 
42884 
42887 
42890 
42893 
42896 
42899 
42902 
42905 
42908 
42911 
42914 
42917 
42920 
42923 
42926 
42929 
42932 
42935 
42938 
42941 
42944 
42947 
42950 
42953 
42956 
42959 
42962 
42965 
42968 
42971 
42974 
42977 
42980 
42983 
42986 
42989 
42992 
42995 
42998 
43001 
43004 
43007 
43010 
43013 
43016 
43019 
43022 
43025 
43028 
43031 
43034 
43037 
43040 
43043 
43046 
43049 
43052 
43055 
43058 
43061 
43064 
43067 
43070 
43073 
43076 
43079 
43082 
43085 
43088 
43091 
43094 
43097 
43100 
43103 
43106 
43109 
43112 
43115 
43118 
43121 
43124 
43127 
43130 
43133 
43136 
43139 
43142 
43145 
43148 
43151 
43154 
43157 
43160 
43163 
43166 
43169 
43172 
43175 
43178 
43181 
43184 
43187 
43190 
43193 
43196 
43199 
43202 
43205 
43208 
43211 
43214 
43217 
43220 
43223 
43226 
43229 
43232 
43235 
43238 
43241 
43244 
43247 
43250 
43253 
43256 
43259 
43262 
43265 
43268 
43271 
43274 
43277 
43280 
43283 
43286 
43289 
43292 
43295 
43298 
43301 
43304 
43307 
43310 
43313 
43316 
43319 
43322 
43325 
43328 
43331 
43334 
43337 
43340 
43343 
43346 
43349 
43352 
43355 
43358 
43361 
43364 
43367 
43370 
43373 
43376 
43379 
43382 
43385 
43388 
43391 
43394 
43397 
43400 
43403 
43406 
43409 
43412 
43415 
43418 
43421 
43424 
43427 
43430 
43433 
43436 
43439 
43442 
43445 
43448 
43451 
43454 
43457 
43460 
43463 
43466 
43469 
43472 
43475 
43478 
43481 
43484 
43487 
43490 
43493 
43496 
43499 
43502 
43505 
43508 
43511 
43514 
43517 
43520 
43523 
43526 
43529 
43532 
43535 
43538 
43541 
43544 
43547 
43550 
43553 
43556 
43559 
43562 
43565 
43568 
43571 
43574 
43577 
43580 
43583 
43586 
43589 
43592 
43595 
43598 
43601 
43604 
43607 
43610 
43613 
43616 
43619 
43622 
43625 
43628 
43631 
43634 
43637 
43640 
43643 
43646 
43649 
43652 
43655 
43658 
43661 
43664 
43667 
43670 
43673 
43676 
43679 
43682 
43685 
43688 
43691 
43694 
43697 
43700 
43703 
43706 
43709 
43712 
43715 
43718 
43721 
43724 
43727 
43730 
43733 
43736 
43739 
43742 
43745 
43748 
43751 
43754 
43757 
43760 
43763 
43766 
43769 
43772 
43775 
43778 
43781 
43784 
43787 
43790 
43793 
43796 
43799 
43802 
43805 
43808 
43811 
43814 
43817 
43820 
43823 
43826 
43829 
43832 
43835 
43838 
43841 
43844 
43847 
43850 
43853 
43856 
43859 
43862 
43865 
43868 
43871 
43874 
43877 
43880 
43883 
43886 
43889 
43892 
43895 
43898 
43901 
43904 
43907 
43910 
43913 
43916 
43919 
43922 
43925 
43928 
43931 
43934 
43937 
43940 
43943 
43946 
43949 
43952 
43955 
43958 
43961 
43964 
43967 
43970 
43973 
43976 
43979 
43982 
43985 
43988 
43991 
43994 
43997 
44000 
44003 
44006 
44009 
44012 
44015 
44018 
44021 
44024 
44027 
44030 
44033 
44036 
44039 
44042 
44045 
44048 
44051 
44054 
44057 
44060 
44063 
44066 
44069 
44072 
44075 
44078 
44081 
44084 
44087 
44090 
44093 
44096 
44099 
44102 
44105 
44108 
44111 
44114 
44117 
44120 
44123 
44126 
44129 
44132 
44135 
44138 
44141 
44144 
44147 
44150 
44153 
44156 
44159 
44162 
44165 
44168 
44171 
44174 
44177 
44180 
44183 
44186 
44189 
44192 
44195 
44198 
44201 
44204 
44207 
44210 
44213 
44216 
44219 
44222 
44225 
44228 
44231 
44234 
44237 
44240 
44243 
44246 
44249 
44252 
44255 
44258 
44261 
44264 
44267 
44270 
44273 
44276 
44279 
44282 
44285 
44288 
44291 
44294 
44297 
44300 
44303 
44306 
44309 
44312 
44315 
44318 
44321 
44324 
44327 
44330 
44333 
44336 
44339 
44342 
44345 
44348 
44351 
44354 
44357 
44360 
44363 
44366 
44369 
44372 
44375 
44378 
44381 
44384 
44387 
44390 
44393 
44396 
44399 
44402 
44405 
44408 
44411 
44414 
44417 
44420 
44423 
44426 
44429 
44432 
44435 
44438 
44441 
44444 
44447 
44450 
44453 
44456 
44459 
44462 
44465 
44468 
44471 
44474 
44477 
44480 
44483 
44486 
44489 
44492 
44495 
44498 
44501 
44504 
44507 
44510 
44513 
44516 
44519 
44522 
44525 
44528 
44531 
44534 
44537 
44540 
44543 
44546 
44549 
44552 
44555 
44558 
44561 
44564 
44567 
44570 
44573 
44576 
44579 
44582 
44585 
44588 
44591 
44594 
44597 
44600 
44603 
44606 
44609 
44612 
44615 
44618 
44621 
44624 
44627 
44630 
44633 
44636 
44639 
44642 
44645 
44648 
44651 
44654 
44657 
44660 
44663 
44666 
44669 
44672 
44675 
44678 
44681 
44684 
44687 
44690 
44693 
44696 
44699 
44702 
44705 
44708 
44711 
44714 
44717 
44720 
44723 
44726 
44729 
44732 
44735 
44738 
44741 
44744 
44747 
44750 
44753 
44756 
44759 
44762 
44765 
44768 
44771 
44774 
44777 
44780 
44783 
44786 
44789 
44792 
44795 
44798 
44801 
44804 
44807 
44810 
44813 
44816 
44819 
44822 
44825 
44828 
44831 
44834 
44837 
44840 
44843 
44846 
44849 
44852 
44855 
44858 
44861 
44864 
44867 
44870 
44873 
44876 
44879 
44882 
44885 
44888 
44891 
44894 
44897 
44900 
44903 
44906 
44909 
44912 
44915 
44918 
44921 
44924 
44927 
44930 
44933 
44936 
44939 
44942 
44945 
44948 
44951 
44954 
44957 
44960 
44963 
44966 
44969 
44972 
44975 
44978 
44981 
44984 
44987 
44990 
44993 
44996 
44999 
45002 
45005 
45008 
45011 
45014 
45017 
45020 
45023 
45026 
45029 
45032 
45035 
45038 
45041 
45044 
45047 
45050 
45053 
45056 
45059 
45062 
45065 
45068 
45071 
45074 
45077 
45080 
45083 
45086 
45089 
45092 
45095 
45098 
45101 
45104 
45107 
45110 
45113 
45116 
45119 
45122 
45125 
45128 
45131 
45134 
45137 
45140 
45143 
45146 
45149 
45152 
45155 
45158 
45161 
45164 
45167 
45170 
45173 
45176 
45179 
45182 
45185 
45188 
45191 
45194 
45197 
45200 
45203 
45206 
45209 
45212 
45215 
45218 
45221 
45224 
45227 
45230 
45233 
45236 
45239 
45242 
45245 
45248 
45251 
45254 
45257 
45260 
45263 
45266 
45269 
45272 
45275 
45278 
45281 
45284 
45287 
45290 
45293 
45296 
45299 
45302 
45305 
45308 
45311 
45314 
45317 
45320 
45323 
45326 
45329 
45332 
45335 
45338 
45341 
45344 
45347 
45350 
45353 
45356 
45359 
45362 
45365 
45368 
45371 
45374 
45377 
45380 
45383 
45386 
45389 
45392 
45395 
45398 
45401 
45404 
45407 
45410 
45413 
45416 
45419 
45422 
45425 
45428 
45431 
45434 
45437 
45440 
45443 
45446 
45449 
45452 
45455 
45458 
45461 
45464 
45467 
45470 
45473 
45476 
45479 
45482 
45485 
45488 
45491 
45494 
45497 
45500 
45503 
45506 
45509 
45512 
45515 
45518 
45521 
45524 
45527 
45530 
45533 
45536 
45539 
45542 
45545 
45548 
45551 
45554 
45557 
45560 
45563 
45566 
45569 
45572 
45575 
45578 
45581 
45584 
45587 
45590 
45593 
45596 
45599 
45602 
45605 
45608 
45611 
45614 
45617 
45620 
45623 
45626 
45629 
45632 
45635 
45638 
45641 
45644 
45647 
45650 
45653 
45656 
45659 
45662 
45665 
45668 
45671 
45674 
45677 
45680 
45683 
45686 
45689 
45692 
45695 
45698 
45701 
45704 
45707 
45710 
45713 
45716 
45719 
45722 
45725 
45728 
45731 
45734 
45737 
45740 
45743 
45746 
45749 
45752 
45755 
45758 
45761 
45764 
45767 
45770 
45773 
45776 
45779 
45782 
45785 
45788 
45791 
45794 
45797 
45800 
45803 
45806 
45809 
45812 
45815 
45818 
45821 
45824 
45827 
45830 
45833 
45836 
45839 
45842 
45845 
45848 
45851 
45854 
45857 
45860 
45863 
45866 
45869 
45872 
45875 
45878 
45881 
45884 
45887 
45890 
45893 
45896 
45899 
45902 
45905 
45908 
45911 
45914 
45917 
45920 
45923 
45926 
45929 
45932 
45935 
45938 
45941 
45944 
45947 
45950 
45953 
45956 
45959 
45962 
45965 
45968 
45971 
45974 
45977 
45980 
45983 
45986 
45989 
45992 
45995 
45998 
46001 
46004 
46007 
46010 
46013 
46016 
46019 
46022 
46025 
46028 
46031 
46034 
46037 
46040 
46043 
46046 
46049 
46052 
46055 
46058 
46061 
46064 
46067 
46070 
46073 
46076 
46079 
46082 
46085 
46088 
46091 
46094 
46097 
46100 
46103 
46106 
46109 
46112 
46115 
46118 
46121 
46124 
46127 
46130 
46133 
46136 
46139 
46142 
46145 
46148 
46151 
46154 
46157 
46160 
46163 
46166 
46169 
46172 
46175 
46178 
46181 
46184 
46187 
46190 
46193 
46196 
46199 
46202 
46205 
46208 
46211 
46214 
46217 
46220 
46223 
46226 
46229 
46232 
46235 
46238 
46241 
46244 
46247 
46250 
46253 
46256 
46259 
46262 
46265 
46268 
46271 
46274 
46277 
46280 
46283 
46286 
46289 
46292 
46295 
46298 
46301 
46304 
46307 
46310 
46313 
46316 
46319 
46322 
46325 
46328 
46331 
46334 
46337 
46340 
46343 
46346 
46349 
46352 
46355 
46358 
46361 
46364 
46367 
46370 
46373 
46376 
46379 
46382 
46385 
46388 
46391 
46394 
46397 
46400 
46403 
46406 
46409 
46412 
46415 
46418 
46421 
46424 
46427 
46430 
46433 
46436 
46439 
46442 
46445 
46448 
46451 
46454 
46457 
46460 
46463 
46466 
46469 
46472 
46475 
46478 
46481 
46484 
46487 
46490 
46493 
46496 
46499 
46502 
46505 
46508 
46511 
46514 
46517 
46520 
46523 
46526 
46529 
46532 
46535 
46538 
46541 
46544 
46547 
46550 
46553 
46556 
46559 
46562 
46565 
46568 
46571 
46574 
46577 
46580 
46583 
46586 
46589 
46592 
46595 
46598 
46601 
46604 
46607 
46610 
46613 
46616 
46619 
46622 
46625 
46628 
46631 
46634 
46637 
46640 
46643 
46646 
46649 
46652 
46655 
46658 
46661 
46664 
46667 
46670 
46673 
46676 
46679 
46682 
46685 
46688 
46691 
46694 
46697 
46700 
46703 
46706 
46709 
46712 
46715 
46718 
46721 
46724 
46727 
46730 
46733 
46736 
46739 
46742 
46745 
46748 
46751 
46754 
46757 
46760 
46763 
46766 
46769 
46772 
46775 
46778 
46781 
46784 
46787 
46790 
46793 
46796 
46799 
46802 
46805 
46808 
46811 
46814 
46817 
46820 
46823 
46826 
46829 
46832 
46835 
46838 
46841 
46844 
46847 
46850 
46853 
46856 
46859 
46862 
46865 
46868 
46871 
46874 
46877 
46880 
46883 
46886 
46889 
46892 
46895 
46898 
46901 
46904 
46907 
46910 
46913 
46916 
46919 
46922 
46925 
46928 
46931 
46934 
46937 
46940 
46943 
46946 
46949 
46952 
46955 
46958 
46961 
46964 
46967 
46970 
46973 
46976 
46979 
46982 
46985 
46988 
46991 
46994 
46997 
47000 
47003 
47006 
47009 
47012 
47015 
47018 
47021 
47024 
47027 
47030 
47033 
47036 
47039 
47042 
47045 
47048 
47051 
47054 
47057 
47060 
47063 
47066 
47069 
47072 
47075 
47078 
47081 
47084 
47087 
47090 
47093 
47096 
47099 
47102 
47105 
47108 
47111 
47114 
47117 
47120 
47123 
47126 
47129 
47132 
47135 
47138 
47141 
47144 
47147 
47150 
47153 
47156 
47159 
47162 
47165 
47168 
47171 
47174 
47177 
47180 
47183 
47186 
47189 
47192 
47195 
47198 
47201 
47204 
47207 
47210 
47213 
47216 
47219 
47222 
47225 
47228 
47231 
47234 
47237 
47240 
47243 
47246 
47249 
47252 
47255 
47258 
47261 
47264 
47267 
47270 
47273 
47276 
47279 
47282 
47285 
47288 
47291 
47294 
47297 
47300 
47303 
47306 
47309 
47312 
47315 
47318 
47321 
47324 
47327 
47330 
47333 
47336 
47339 
47342 
47345 
47348 
47351 
47354 
47357 
47360 
47363 
47366 
47369 
47372 
47375 
47378 
47381 
47384 
47387 
47390 
47393 
47396 
47399 
47402 
47405 
47408 
47411 
47414 
47417 
47420 
47423 
47426 
47429 
47432 
47435 
47438 
47441 
47444 
47447 
47450 
47453 
47456 
47459 
47462 
47465 
47468 
47471 
47474 
47477 
47480 
47483 
47486 
47489 
47492 
47495 
47498 
47501 
47504 
47507 
47510 
47513 
47516 
47519 
47522 
47525 
47528 
47531 
47534 
47537 
47540 
47543 
47546 
47549 
47552 
47555 
47558 
47561 
47564 
47567 
47570 
47573 
47576 
47579 
47582 
47585 
47588 
47591 
47594 
47597 
47600 
47603 
47606 
47609 
47612 
47615 
47618 
47621 
47624 
47627 
47630 
47633 
47636 
47639 
47642 
47645 
47648 
47651 
47654 
47657 
47660 
47663 
47666 
47669 
47672 
47675 
47678 
47681 
47684 
47687 
47690 
47693 
47696 
47699 
47702 
47705 
47708 
47711 
47714 
47717 
47720 
47723 
47726 
47729 
47732 
47735 
47738 
47741 
47744 
47747 
47750 
47753 
47756 
47759 
47762 
47765 
47768 
47771 
47774 
47777 
47780 
47783 
47786 
47789 
47792 
47795 
47798 
47801 
47804 
47807 
47810 
47813 
47816 
47819 
47822 
47825 
47828 
47831 
47834 
47837 
47840 
47843 
47846 
47849 
47852 
47855 
47858 
47861 
47864 
47867 
47870 
47873 
47876 
47879 
47882 
47885 
47888 
47891 
47894 
47897 
47900 
47903 
47906 
47909 
47912 
47915 
47918 
47921 
47924 
47927 
47930 
47933 
47936 
47939 
47942 
47945 
47948 
47951 
47954 
47957 
47960 
47963 
47966 
47969 
47972 
47975 
47978 
47981 
47984 
47987 
47990 
47993 
47996 
47999 
48002 
48005 
48008 
48011 
48014 
48017 
48020 
48023 
48026 
48029 
48032 
48035 
48038 
48041 
48044 
48047 
48050 
48053 
48056 
48059 
48062 
48065 
48068 
48071 
48074 
48077 
48080 
48083 
48086 
48089 
48092 
48095 
48098 
48101 
48104 
48107 
48110 
48113 
48116 
48119 
48122 
48125 
48128 
48131 
48134 
48137 
48140 
48143 
48146 
48149 
48152 
48155 
48158 
48161 
48164 
48167 
48170 
48173 
48176 
48179 
48182 
48185 
48188 
48191 
48194 
48197 
48200 
48203 
48206 
48209 
48212 
48215 
48218 
48221 
48224 
48227 
48230 
48232 
48234 
48236 
48238 
48240 
48244 
48246 
48248 
48252 
48254 
48256 
48258 
48260 
48264 
48266 
48268 
48270 
48272 
48274 
48278 
48280 
48284 
48286 
48288 
48292 
48296 
48298 
48300 
48304 
48306 
48310 
48312 
48314 
48316 
48318 
48320 
48322 
48326 
48330 
48332 
48336 
48338 
48340 
48342 
48344 
48346 
48348 
48350 
48354 
48356 
48358 
48360 
48362 
48364 
48366 
48368 
48370 
48372 
48376 
48378 
48382 
48384 
48386 
48390 
48392 
48394 
48396 
48398 
48402 
48404 
48406 
48408 
48410 
48412 
48414 
48418 
48420 
48422 
48426 
48430 
48432 
48434 
48438 
48440 
48442 
48444 
48446 
48448 
48450 
48454 
48456 
48460 
48462 
48464 
48468 
48472 
48474 
48476 
48480 
48482 
48486 
48488 
48490 
48492 
48494 
48498 
48500 
48504 
48506 
48510 
48512 
48514 
48516 
48518 
48520 
48522 
48524 
48526 
48530 
48532 
48536 
48538 
48540 
48542 
48544 
48546 
48548 
48550 
48552 
48554 
48556 
48558 
48562 
48564 
48568 
48570 
48574 
48576 
48578 
48582 
48584 
48588 
48590 
48592 
48594 
48596 
48600 
48602 
48604 
48608 
48610 
48612 
48614 
48616 
48618 
48622 
48624 
48626 
48630 
48634 
48636 
48640 
48642 
48644 
48646 
48648 
48650 
48652 
48654 
48656 
48660 
48664 
48666 
48668 
48672 
48674 
48676 
48678 
48680 
48682 
48684 
48686 
48690 
48692 
48694 
48696 
48698 
48700 
48702 
48706 
48708 
48712 
48714 
48716 
48720 
48724 
48726 
48728 
48732 
48734 
48738 
48740 
48742 
48746 
48748 
48752 
48754 
48756 
48758 
48760 
48762 
48764 
48766 
48768 
48770 
48772 
48774 
48778 
48782 
48784 
48786 
48788 
48792 
48794 
48798 
48800 
48802 
48804 
48806 
48810 
48812 
48814 
48816 
48818 
48820 
48824 
48826 
48828 
48830 
48832 
48834 
48836 
48838 
48840 
48842 
48844 
48846 
48850 
48852 
48854 
48856 
48858 
48860 
48862 
48864 
48866 
48868 
48870 
48872 
48876 
48878 
48882 
48886 
48888 
48890 
48892 
48894 
48896 
48900 
48902 
48904 
48906 
48908 
48910 
48912 
48916 
48918 
48922 
48924 
48926 
48930 
48934 
48936 
48938 
48940 
48944 
48946 
48950 
48954 
48956 
48960 
48962 
48964 
48966 
48968 
48970 
48972 
48974 
48976 
48978 
48980 
48982 
48986 
48988 
48990 
48994 
48996 
49000 
49002 
49004 
49006 
49008 
49010 
49012 
49016 
49018 
49020 
49022 
49026 
49030 
49032 
49034 
49038 
49040 
49044 
49046 
49048 
49050 
49052 
49056 
49058 
49060 
49062 
49064 
49068 
49070 
49074 
49076 
49078 
49080 
49082 
49084 
49086 
49088 
49090 
49092 
49094 
49096 
49100 
49102 
49104 
49106 
49108 
49110 
49112 
49114 
49118 
49120 
49124 
49126 
49128 
49130 
49132 
49134 
49136 
49140 
49142 
49144 
49146 
49148 
49150 
49152 
49156 
49160 
49162 
49166 
49168 
49170 
49172 
49176 
49178 
49182 
49186 
49188 
49190 
49192 
49196 
49200 
49202 
49204 
49208 
49210 
49212 
49214 
49216 
49218 
49220 
49224 
49226 
49228 
49230 
49232 
49234 
49236 
49238 
49242 
49244 
49246 
49248 
49250 
49254 
49258 
49260 
49262 
49264 
49266 
49268 
49270 
49272 
49276 
49278 
49280 
49284 
49286 
49288 
49292 
49294 
49296 
49298 
49300 
49304 
49306 
49308 
49310 
49312 
49314 
49316 
49318 
49322 
49324 
49328 
49330 
49332 
49334 
49336 
49338 
49340 
49342 
49344 
49346 
49348 
49352 
49356 
49358 
49360 
49362 
49364 
49366 
49368 
49372 
49374 
49376 
49378 
49380 
49382 
49386 
49388 
49392 
49394 
49396 
49400 
49404 
49406 
49408 
49412 
49414 
49416 
49418 
49420 
49424 
49426 
49430 
49432 
49434 
49436 
49438 
49440 
49442 
49446 
49448 
49450 
49452 
49454 
49456 
49458 
49460 
49462 
49464 
49468 
49472 
49474 
49476 
49478 
49480 
49482 
49484 
49486 
49490 
49492 
49496 
49498 
49502 
49506 
49508 
49510 
49514 
49518 
49522 
49524 
49526 
49530 
49534 
49536 
49540 
49542 
49546 
49548 
49550 
49552 
49554 
49556 
49558 
49562 
49564 
49566 
49568 
49570 
49572 
49574 
49578 
49582 
49584 
49586 
49590 
49592 
49594 
49596 
49598 
49600 
49602 
49606 
49608 
49610 
49614 
49616 
49618 
49622 
49626 
49628 
49630 
49634 
49636 
49640 
49642 
49644 
49646 
49650 
49654 
49656 
49658 
49660 
49662 
49664 
49666 
49668 
49670 
49674 
49676 
49680 
49682 
49684 
49686 
49688 
49690 
49692 
49694 
49696 
49698 
49700 
49702 
49706 
49708 
49710 
49714 
49718 
49720 
49724 
49726 
49728 
49732 
49734 
49738 
49740 
49742 
49744 
49746 
49748 
49750 
49752 
49756 
49758 
49762 
49764 
49766 
49768 
49770 
49772 
49774 
49776 
49778 
49780 
49782 
49784 
49788 
49790 
49794 
49796 
49798 
49800 
49802 
49804 
49806 
49808 
49810 
49812 
49814 
49818 
49820 
49822 
49824 
49826 
49828 
49832 
49834 
49838 
49840 
49842 
49844 
49848 
49852 
49854 
49856 
49860 
49862 
49864 
49866 
49868 
49870 
49872 
49874 
49878 
49880 
49882 
49886 
49890 
49892 
49894 
49898 
49900 
49904 
49906 
49908 
49910 
49912 
49914 
49916 
49920 
49922 
49924 
49926 
49930 
49934 
49936 
49938 
49940 
49944 
49946 
49948 
49950 
49952 
49954 
49956 
49958 
49962 
49964 
49966 
49968 
49970 
49972 
49974 
49976 
49980 
49984 
49986 
49988 
49990 
49992 
49994 
49996 
49998 
50002 
50004 
50006 
50008 
50010 
50012 
50016 
50020 
50022 
50024 
50026 
50028 
50030 
50032 
50034 
50038 
50040 
50044 
50046 
50048 
50050 
50052 
50054 
50056 
50060 
50062 
50064 
50066 
50068 
50070 
50072 
50074 
50076 
50078 
50080 
50082 
50084 
50088 
50090 
50094 
50096 
50098 
50102 
50104 
50106 
50108 
50112 
50116 
50118 
50120 
50124 
50126 
50130 
50132 
50134 
50136 
50138 
50140 
50144 
50146 
50148 
50150 
50152 
50154 
50156 
50158 
50160 
50162 
50164 
50166 
50170 
50174 
50176 
50178 
50180 
50182 
50184 
50186 
50188 
50190 
50192 
50194 
50196 
50200 
50202 
50204 
50206 
50208 
50210 
50214 
50216 
50218 
50222 
50224 
50226 
50228 
50230 
50232 
50234 
50236 
50240 
50242 
50246 
50250 
50252 
50254 
50258 
50260 
50264 
50266 
50268 
50270 
50272 
50274 
50276 
50278 
50280 
50282 
50284 
50288 
50290 
50294 
50296 
50298 
50302 
50306 
50308 
50310 
50312 
50316 
50320 
50322 
50326 
50328 
50330 
50332 
50334 
50336 
50338 
50342 
50344 
50346 
50348 
50350 
50352 
50354 
50358 
50360 
50362 
50364 
50366 
50368 
50370 
50372 
50374 
50376 
50380 
50382 
50386 
50388 
50392 
50394 
50396 
50398 
50400 
50402 
50404 
50406 
50408 
50410 
50412 
50414 
50416 
50420 
50422 
50426 
50428 
50430 
50432 
50434 
50436 
50440 
50442 
50444 
50446 
50448 
50450 
50454 
50456 
50460 
50462 
50464 
50468 
50472 
50474 
50476 
50480 
50482 
50486 
50488 
50490 
50492 
50494 
50496 
50498 
50500 
50502 
50504 
50506 
50510 
50512 
50516 
50518 
50522 
50524 
50526 
50530 
50532 
50534 
50536 
50538 
50540 
50542 
50546 
50548 
50552 
50554 
50558 
50560 
50562 
50566 
50568 
50572 
50574 
50576 
50578 
50582 
50584 
50586 
50588 
50590 
50592 
50594 
50596 
50598 
50600 
50604 
50606 
50608 
50612 
50616 
50618 
50620 
50622 
50624 
50626 
50628 
50630 
50634 
50636 
50638 
50642 
50644 
50646 
50650 
50654 
50656 
50658 
50660 
50662 
50664 
50666 
50668 
50670 
50674 
50676 
50678 
50680 
50682 
50684 
50686 
50688 
50692 
50694 
50696 
50700 
50702 
50704 
50708 
50712 
50714 
50716 
50718 
50720 
50722 
50724 
50726 
50728 
50732 
50734 
50736 
50738 
50742 
50744 
50748 
50750 
50752 
50754 
50756 
50758 
50760 
50764 
50766 
50768 
50770 
50772 
50774 
50776 
50778 
50782 
50784 
50788 
50790 
50792 
50794 
50796 
50798 
50802 
50804 
50806 
50808 
50810 
50812 
50814 
50816 
50820 
50822 
50826 
50828 
50830 
50834 
50838 
50840 
50842 
50844 
50846 
50848 
50850 
50852 
50854 
50858 
50860 
50862 
50866 
50870 
50872 
50876 
50878 
50880 
50884 
50886 
50890 
50894 
50896 
50898 
50900 
50902 
50904 
50908 
50910 
50912 
50914 
50916 
50918 
50920 
50922 
50924 
50926 
50930 
50932 
50934 
50936 
50938 
50940 
50944 
50946 
50948 
50950 
50952 
50954 
50956 
50958 
50962 
50964 
50966 
50968 
50970 
50972 
50974 
50976 
50978 
50980 
50982 
50984 
50986 
50988 
50990 
50992 
50994 
50998 
51000 
51002 
51004 
51006 
51010 
51012 
51016 
51018 
51020 
51024 
51026 
51028 
51030 
51032 
51034 
51036 
51038 
51042 
51046 
51048 
51050 
51054 
51056 
51060 
51062 
51066 
51068 
51072 
51074 
51076 
51080 
51082 
51084 
51086 
51088 
51090 
51092 
51094 
51096 
51098 
51100 
51104 
51106 
51108 
51112 
51114 
51116 
51118 
51122 
51124 
51126 
51130 
51132 
51134 
51136 
51138 
51140 
51142 
51144 
51148 
51150 
51152 
51156 
51158 
51160 
51164 
51166 
51168 
51170 
51172 
51174 
51178 
51180 
51182 
51186 
51190 
51192 
51196 
51198 
51200 
51204 
51206 
51208 
51212 
51214 
51216 
51218 
51220 
51222 
51224 
51228 
51230 
51232 
51234 
51236 
51238 
51240 
51242 
51244 
51246 
51250 
51252 
51256 
51258 
51260 
51262 
51264 
51266 
51268 
51270 
51274 
51276 
51278 
51282 
51286 
51288 
51290 
51292 
51294 
51296 
51298 
51302 
51304 
51306 
51310 
51314 
51316 
51318 
51322 
51324 
51328 
51330 
51332 
51334 
51336 
51338 
51340 
51342 
51346 
51348 
51350 
51352 
51354 
51356 
51358 
51362 
51364 
51368 
51370 
51374 
51376 
51378 
51380 
51382 
51384 
51386 
51388 
51390 
51392 
51394 
51398 
51400 
51402 
51404 
51406 
51408 
51410 
51412 
51416 
51418 
51422 
51424 
51426 
51430 
51434 
51436 
51438 
51440 
51442 
51444 
51446 
51448 
51450 
51454 
51456 
51458 
51462 
51464 
51466 
51470 
51472 
51474 
51478 
51480 
51484 
51486 
51488 
51490 
51492 
51496 
51498 
51502 
51504 
51506 
51508 
51510 
51512 
51514 
51518 
51520 
51522 
51524 
51526 
51530 
51532 
51534 
51538 
51540 
51542 
51544 
51548 
51550 
51552 
51554 
51556 
51558 
51560 
51562 
51566 
51568 
51570 
51572 
51574 
51576 
51578 
51582 
51584 
51586 
51590 
51592 
51596 
51598 
51600 
51602 
51606 
51608 
51610 
51612 
51614 
51616 
51620 
51622 
51624 
51626 
51628 
51630 
51634 
51636 
51640 
51642 
51644 
51646 
51648 
51650 
51652 
51656 
51658 
51660 
51662 
51664 
51666 
51668 
51670 
51672 
51674 
51678 
51680 
51682 
51684 
51686 
51688 
51690 
51694 
51696 
51700 
51702 
51706 
51708 
51710 
51714 
51718 
51720 
51722 
51724 
51726 
51730 
51732 
51736 
51738 
51740 
51742 
51744 
51746 
51748 
51750 
51754 
51756 
51758 
51760 
51762 
51764 
51766 
51770 
51772 
51776 
51778 
51780 
51784 
51786 
51788 
51792 
51794 
51798 
51802 
51804 
51806 
51810 
51812 
51816 
51818 
51820 
51822 
51824 
51826 
51828 
51830 
51832 
51834 
51836 
51838 
51840 
51842 
51846 
51848 
51850 
51854 
51856 
51858 
51860 
51862 
51866 
51868 
51870 
51872 
51874 
51876 
51880 
51882 
51884 
51886 
51888 
51890 
51892 
51894 
51896 
51898 
51900 
51904 
51908 
51910 
51912 
51914 
51916 
51918 
51920 
51922 
51924 
51926 
51928 
51930 
51934 
51936 
51940 
51942 
51944 
51948 
51952 
51954 
51956 
51960 
51962 
51964 
51966 
51968 
51970 
51974 
51976 
51980 
51982 
51986 
51988 
51990 
51992 
51994 
51996 
51998 
52000 
52002 
52004 
52006 
52008 
52010 
52014 
52016 
52018 
52020 
52022 
52024 
52026 
52028 
52030 
52034 
52036 
52040 
52042 
52044 
52048 
52052 
52054 
52056 
52060 
52062 
52066 
52068 
52070 
52072 
52074 
52076 
52078 
52082 
52084 
52086 
52090 
52092 
52096 
52100 
52102 
52104 
52108 
52110 
52112 
52114 
52116 
52118 
52120 
52122 
52124 
52126 
52128 
52130 
52134 
52136 
52138 
52142 
52144 
52146 
52148 
52152 
52156 
52158 
52160 
52164 
52168 
52170 
52172 
52176 
52178 
52180 
52182 
52184 
52186 
52188 
52190 
52192 
52196 
52198 
52200 
52202 
52204 
52206 
52208 
52212 
52214 
52216 
52218 
52220 
52222 
52224 
52228 
52230 
52234 
52236 
52238 
52242 
52246 
52248 
52250 
52252 
52254 
52256 
52258 
52260 
52262 
52266 
52268 
52270 
52274 
52278 
52280 
52282 
52286 
52288 
52290 
52294 
52296 
52298 
52302 
52306 
52308 
52310 
52312 
52314 
52318 
52320 
52322 
52326 
52328 
52330 
52332 
52336 
52338 
52340 
52342 
52344 
52348 
52350 
52352 
52354 
52356 
52358 
52362 
52364 
52368 
52370 
52372 
52374 
52376 
52378 
52380 
52382 
52384 
52386 
52388 
52392 
52394 
52396 
52398 
52402 
52404 
52406 
52408 
52410 
52412 
52414 
52416 
52420 
52422 
52426 
52428 
52430 
52432 
52434 
52436 
52438 
52440 
52444 
52446 
52450 
52452 
52454 
52456 
52460 
52462 
52466 
52468 
52470 
52474 
52478 
52480 
52482 
52484 
52486 
52488 
52490 
52492 
52494 
52496 
52498 
52500 
52504 
52506 
52508 
52512 
52516 
52518 
52520 
52524 
52526 
52530 
52532 
52534 
52536 
52538 
52540 
52542 
52546 
52548 
52550 
52554 
52556 
52560 
52562 
52564 
52566 
52568 
52570 
52572 
52576 
52578 
52580 
52582 
52584 
52586 
52590 
52592 
52594 
52596 
52598 
52602 
52604 
52608 
52610 
52612 
52614 
52616 
52618 
52620 
52624 
52626 
52628 
52630 
52632 
52634 
52636 
52638 
52640 
52642 
52644 
52646 
52650 
52652 
52656 
52658 
52660 
52662 
52664 
52666 
52668 
52670 
52672 
52674 
52678 
52680 
52682 
52684 
52686 
52688 
52690 
52692 
52694 
52698 
52700 
52702 
52706 
52708 
52712 
52714 
52716 
52720 
52722 
52724 
52728 
52730 
52734 
52736 
52738 
52740 
52742 
52744 
52746 
52750 
52752 
52754 
52756 
52758 
52760 
52762 
52764 
52768 
52770 
52772 
52776 
52778 
52780 
52784 
52786 
52788 
52790 
52792 
52794 
52796 
52800 
52802 
52804 
52808 
52810 
52812 
52816 
52820 
52822 
52824 
52826 
52828 
52830 
52832 
52834 
52836 
52838 
52842 
52844 
52848 
52850 
52852 
52854 
52856 
52858 
52860 
52864 
52866 
52870 
52872 
52876 
52878 
52880 
52882 
52886 
52890 
52892 
52894 
52896 
52898 
52900 
52902 
52904 
52906 
52908 
52910 
52912 
52916 
52918 
52920 
52924 
52926 
52928 
52930 
52932 
52934 
52938 
52940 
52944 
52946 
52948 
52952 
52954 
52958 
52960 
52964 
52966 
52968 
52970 
52972 
52974 
52976 
52980 
52982 
52984 
52988 
52992 
52994 
52996 
53000 
53002 
53006 
53008 
53010 
53012 
53014 
53016 
53018 
53020 
53022 
53024 
53026 
53028 
53030 
53034 
53036 
53040 
53042 
53044 
53046 
53048 
53050 
53054 
53056 
53058 
53060 
53062 
53064 
53066 
53068 
53072 
53074 
53076 
53078 
53080 
53084 
53088 
53090 
53092 
53094 
53096 
53098 
53100 
53104 
53106 
53108 
53110 
53112 
53114 
53116 
53118 
53122 
53124 
53128 
53130 
53132 
53136 
53140 
53142 
53144 
53146 
53148 
53152 
53154 
53156 
53158 
53162 
53164 
53166 
53170 
53172 
53174 
53176 
53178 
53182 
53184 
53186 
53188 
53190 
53192 
53196 
53198 
53200 
53202 
53204 
53206 
53208 
53212 
53214 
53216 
53218 
53220 
53222 
53226 
53230 
53232 
53234 
53236 
53238 
53240 
53242 
53244 
53246 
53248 
53250 
53254 
53258 
53260 
53262 
53266 
53268 
53272 
53274 
53276 
53278 
53280 
53282 
53286 
53288 
53290 
53294 
53296 
53300 
53302 
53304 
53306 
53308 
53310 
53312 
53314 
53318 
53320 
53322 
53324 
53326 
53328 
53332 
53334 
53336 
53338 
53340 
53342 
53346 
53348 
53350 
53352 
53354 
53356 
53358 
53360 
53362 
53366 
53368 
53372 
53374 
53376 
53378 
53380 
53382 
53386 
53388 
53390 
53392 
53394 
53396 
53398 
53402 
53404 
53408 
53410 
53412 
53416 
53420 
53422 
53424 
53428 
53430 
53432 
53434 
53436 
53438 
53440 
53444 
53446 
53448 
53452 
53454 
53458 
53460 
53464 
53466 
53468 
53470 
53472 
53476 
53478 
53482 
53484 
53486 
53488 
53492 
53494 
53496 
53498 
53500 
53502 
53504 
53506 
53508 
53510 
53512 
53514 
53516 
53520 
53524 
53526 
53528 
53532 
53534 
53536 
53540 
53542 
53546 
53550 
53552 
53554 
53556 
53558 
53560 
53564 
53566 
53570 
53572 
53574 
53576 
53578 
53580 
53582 
53584 
53586 
53590 
53592 
53596 
53598 
53600 
53602 
53604 
53606 
53610 
53612 
53614 
53618 
53620 
53622 
53624 
53626 
53628 
53632 
53636 
53638 
53640 
53644 
53648 
53650 
53652 
53654 
53658 
53660 
53662 
53664 
53666 
53668 
53670 
53672 
53676 
53678 
53680 
53682 
53684 
53686 
53690 
53692 
53694 
53696 
53700 
53704 
53706 
53708 
53710 
53712 
53716 
53720 
53722 
53724 
53726 
53728 
53730 
53732 
53734 
53736 
53738 
53740 
53742 
53746 
53748 
53750 
53754 
53756 
53760 
53762 
53764 
53766 
53768 
53770 
53772 
53774 
53778 
53780 
53784 
53786 
53788 
53790 
53792 
53794 
53796 
53798 
53800 
53802 
53804 
53806 
53810 
53812 
53814 
53816 
53818 
53820 
53822 
53826 
53828 
53830 
53832 
53834 
53836 
53838 
53842 
53844 
53848 
53850 
53852 
53854 
53856 
53858 
53860 
53864 
53866 
53868 
53870 
53872 
53876 
53878 
53880 
53884 
53888 
53890 
53892 
53894 
53896 
53898 
53900 
53902 
53904 
53906 
53908 
53912 
53914 
53916 
53920 
53922 
53926 
53928 
53932 
53934 
53936 
53938 
53940 
53942 
53944 
53946 
53948 
53952 
53956 
53958 
53960 
53962 
53964 
53966 
53968 
53970 
53974 
53976 
53978 
53982 
53984 
53986 
53990 
53992 
53994 
53996 
53998 
54000 
54002 
54006 
54008 
54010 
54014 
54016 
54020 
54022 
54024 
54026 
54030 
54032 
54034 
54036 
54038 
54040 
54042 
54046 
54048 
54052 
54054 
54056 
54060 
54064 
54066 
54068 
54072 
54074 
54078 
54080 
54082 
54084 
54086 
54088 
54090 
54092 
54094 
54096 
54100 
54102 
54104 
54106 
54108 
54110 
54112 
54114 
54116 
54118 
54120 
54122 
54126 
54128 
54132 
54134 
54136 
54138 
54140 
54142 
54146 
54148 
54150 
54152 
54156 
54158 
54160 
54162 
54166 
54168 
54170 
54172 
54174 
54176 
54178 
54180 
54182 
54186 
54190 
54192 
54194 
54196 
54198 
54200 
54202 
54204 
54206 
54208 
54210 
54212 
54216 
54218 
54222 
54224 
54226 
54228 
54230 
54232 
54236 
54240 
54242 
54246 
54248 
54252 
54254 
54256 
54258 
54260 
54262 
54264 
54266 
54268 
54270 
54274 
54276 
54278 
54282 
54284 
54288 
54290 
54292 
54296 
54298 
54302 
54304 
54306 
54308 
54310 
54312 
54314 
54318 
54320 
54322 
54324 
54326 
54328 
54330 
54332 
54334 
54338 
54340 
54344 
54346 
54348 
54352 
54354 
54358 
54360 
54362 
54366 
54370 
54372 
54374 
54378 
54380 
54384 
54386 
54388 
54390 
54392 
54394 
54396 
54400 
54402 
54404 
54406 
54408 
54410 
54412 
54414 
54416 
54418 
54420 
54422 
54424 
54426 
54428 
54430 
54432 
54434 
54438 
54440 
54442 
54444 
54446 
54448 
54452 
54454 
54456 
54458 
54460 
54462 
54466 
54468 
54470 
54472 
54474 
54476 
54478 
54480 
54484 
54486 
54488 
54492 
54494 
54496 
54500 
54504 
54506 
54508 
54512 
54514 
54518 
54520 
54522 
54524 
54526 
54528 
54530 
54532 
54536 
54538 
54540 
54542 
54544 
54546 
54550 
54552 
54554 
54558 
54560 
54562 
54566 
54568 
54572 
54576 
54578 
54580 
54584 
54586 
54590 
54592 
54594 
54596 
54598 
54600 
54602 
54604 
54608 
54610 
54614 
54616 
54618 
54620 
54622 
54626 
54630 
54632 
54634 
54636 
54638 
54640 
54642 
54644 
54646 
54648 
54650 
54652 
54654 
54656 
54658 
54660 
54662 
54664 
54668 
54670 
54674 
54676 
54678 
54682 
54684 
54686 
54690 
54692 
54694 
54696 
54698 
54700 
54702 
54706 
54708 
54712 
54714 
54718 
54720 
54722 
54724 
54726 
54728 
54730 
54732 
54734 
54736 
54738 
54740 
54744 
54746 
54748 
54752 
54754 
54756 
54758 
54760 
54762 
54766 
54768 
54772 
54774 
54776 
54780 
54784 
54786 
54788 
54792 
54794 
54796 
54798 
54800 
54802 
54804 
54806 
54810 
54812 
54816 
54820 
54822 
54824 
54828 
54830 
54832 
54834 
54836 
54838 
54840 
54842 
54844 
54846 
54848 
54850 
54852 
54856 
54858 
54860 
54864 
54866 
54868 
54872 
54874 
54878 
54882 
54884 
54886 
54890 
54892 
54896 
54898 
54900 
54902 
54904 
54906 
54908 
54910 
54914 
54916 
54918 
54922 
54924 
54926 
54928 
54930 
54932 
54936 
54938 
54940 
54942 
54944 
54946 
54948 
54950 
54954 
54956 
54960 
54962 
54964 
54966 
54968 
54970 
54972 
54974 
54976 
54978 
54980 
54982 
54986 
54988 
54990 
54992 
54994 
54996 
54998 
55000 
55002 
55006 
55008 
55012 
55014 
55016 
55020 
55022 
55026 
55030 
55032 
55034 
55038 
55040 
55042 
55044 
55046 
55048 
55050 
55052 
55054 
55056 
55058 
55060 
55062 
55066 
55068 
55070 
55074 
55076 
55078 
55082 
55084 
55086 
55088 
55090 
55092 
55094 
55096 
55100 
55104 
55106 
55108 
55112 
55116 
55118 
55120 
55124 
55126 
55128 
55130 
55132 
55134 
55136 
55140 
55142 
55144 
55146 
55148 
55150 
55154 
55156 
55160 
55162 
55164 
55166 
55170 
55172 
55176 
55180 
55182 
55186 
55188 
55190 
55192 
55194 
55196 
55198 
55200 
55202 
55204 
55206 
55210 
55212 
55214 
55218 
55220 
55224 
55226 
55228 
55230 
55234 
55236 
55238 
55240 
55242 
55244 
55246 
55250 
55252 
55254 
55258 
55262 
55264 
55266 
55270 
55272 
55276 
55278 
55280 
55282 
55284 
55288 
55290 
55292 
55294 
55296 
55298 
55302 
55304 
55306 
55308 
55310 
55312 
55314 
55316 
55318 
55320 
55322 
55326 
55328 
55330 
55332 
55334 
55336 
55340 
55342 
55346 
55348 
55350 
55352 
55354 
55356 
55358 
55360 
55362 
55364 
55366 
55368 
55370 
55374 
55376 
55380 
55382 
55384 
55386 
55388 
55390 
55392 
55396 
55398 
55400 
55402 
55404 
55406 
55408 
55410 
55414 
55418 
55420 
55422 
55424 
55426 
55428 
55430 
55432 
55434 
55436 
55438 
55442 
55444 
55448 
55452 
55454 
55456 
55460 
55462 
55466 
55468 
55470 
55474 
55476 
55480 
55482 
55484 
55488 
55490 
55492 
55494 
55496 
55498 
55500 
55502 
55504 
55506 
55508 
55510 
55514 
55516 
55518 
55522 
55524 
55528 
55530 
55532 
55534 
55536 
55538 
55540 
55542 
55546 
55548 
55550 
55554 
55556 
55558 
55562 
55566 
55568 
55570 
55572 
55574 
55576 
55578 
55580 
55584 
55586 
55588 
55592 
55594 
55596 
55600 
55602 
55604 
55606 
55608 
55612 
55614 
55616 
55618 
55622 
55624 
55626 
55628 
55630 
55632 
55634 
55636 
55638 
55640 
55642 
55644 
55646 
55648 
55650 
55654 
55656 
55658 
55660 
55664 
55666 
55668 
55670 
55672 
55674 
55676 
55680 
55682 
55686 
55688 
55692 
55696 
55698 
55700 
55704 
55708 
55710 
55712 
55716 
55718 
55722 
55724 
55726 
55728 
55730 
55732 
55734 
55736 
55740 
55742 
55744 
55746 
55748 
55750 
55752 
55754 
55758 
55760 
55764 
55766 
55768 
55770 
55772 
55774 
55776 
55778 
55780 
55782 
55784 
55786 
55790 
55792 
55796 
55798 
55802 
55804 
55806 
55808 
55810 
55812 
55814 
55816 
55818 
55820 
55824 
55826 
55828 
55830 
55832 
55834 
55836 
55838 
55842 
55844 
55848 
55850 
55852 
55856 
55860 
55862 
55864 
55866 
55868 
55870 
55872 
55874 
55878 
55880 
55882 
55886 
55888 
55892 
55894 
55898 
55900 
55902 
55904 
55906 
55908 
55912 
55914 
55916 
55918 
55922 
55924 
55926 
55928 
55930 
55932 
55934 
55938 
55940 
55944 
55948 
55950 
55952 
55956 
55958 
55960 
55962 
55964 
55966 
55970 
55972 
55974 
55976 
55978 
55980 
55984 
55986 
55988 
55990 
55992 
55996 
55998 
56000 
56002 
56004 
56006 
56008 
56012 
56014 
56018 
56020 
56022 
56024 
56026 
56028 
56030 
56032 
56036 
56038 
56040 
56044 
56046 
56050 
56052 
56054 
56056 
56058 
56060 
56062 
56064 
56068 
56070 
56072 
56074 
56076 
56078 
56082 
56084 
56086 
56088 
56092 
56094 
56096 
56098 
56100 
56102 
56104 
56106 
56108 
56110 
56112 
56116 
56118 
56122 
56124 
56126 
56128 
56130 
56132 
56136 
56138 
56140 
56142 
56144 
56146 
56148 
56152 
56154 
56158 
56160 
56162 
56166 
56170 
56172 
56174 
56178 
56180 
56182 
56184 
56186 
56188 
56190 
56192 
56194 
56198 
56202 
56204 
56206 
56208 
56212 
56214 
56216 
56218 
56220 
56224 
56226 
56230 
56232 
56236 
56238 
56240 
56242 
56244 
56246 
56248 
56250 
56252 
56256 
56258 
56262 
56264 
56266 
56268 
56270 
56272 
56274 
56276 
56278 
56280 
56282 
56284 
56288 
56290 
56294 
56296 
56298 
56302 
56304 
56308 
56312 
56314 
56316 
56318 
56320 
56322 
56326 
56328 
56330 
56332 
56336 
56338 
56340 
56342 
56344 
56346 
56350 
56352 
56354 
56358 
56362 
56364 
56366 
56370 
56372 
56374 
56376 
56378 
56380 
56382 
56384 
56386 
56390 
56394 
56396 
56398 
56402 
56404 
56406 
56408 
56410 
56412 
56414 
56416 
56418 
56422 
56424 
56426 
56428 
56432 
56436 
56438 
56440 
56442 
56444 
56446 
56448 
56450 
56454 
56456 
56458 
56462 
56464 
56466 
56470 
56472 
56474 
56478 
56480 
56482 
56484 
56486 
56488 
56490 
56492 
56494 
56496 
56498 
56500 
56502 
56506 
56508 
56510 
56514 
56516 
56518 
56520 
56522 
56524 
56526 
56528 
56530 
56532 
56534 
56536 
56540 
56542 
56544 
56546 
56548 
56550 
56552 
56554 
56556 
56558 
56560 
56562 
56564 
56568 
56570 
56574 
56576 
56578 
56580 
56582 
56584 
56588 
56590 
56592 
56594 
56596 
56598 
56602 
56604 
56608 
56610 
56612 
56616 
56620 
56622 
56624 
56628 
56630 
56634 
56636 
56640 
56642 
56644 
56646 
56648 
56650 
56652 
56654 
56656 
56660 
56662 
56664 
56668 
56672 
56674 
56676 
56678 
56680 
56682 
56684 
56686 
56688 
56692 
56694 
56696 
56698 
56700 
56702 
56704 
56708 
56710 
56714 
56718 
56720 
56722 
56724 
56728 
56730 
56734 
56738 
56740 
56742 
56744 
56746 
56748 
56750 
56752 
56754 
56756 
56758 
56760 
56764 
56766 
56770 
56772 
56774 
56776 
56778 
56780 
56784 
56786 
56788 
56790 
56794 
56798 
56800 
56802 
56806 
56808 
56812 
56814 
56816 
56818 
56820 
56822 
56824 
56828 
56830 
56832 
56834 
56836 
56838 
56840 
56842 
56844 
56846 
56848 
56850 
56852 
56854 
56856 
56858 
56860 
56862 
56866 
56868 
56870 
56872 
56874 
56876 
56878 
56882 
56884 
56886 
56888 
56890 
56894 
56896 
56898 
56900 
56902 
56904 
56906 
56908 
56910 
56914 
56918 
56920 
56922 
56926 
56928 
56932 
56934 
56936 
56940 
56942 
56944 
56948 
56950 
56952 
56954 
56956 
56958 
56960 
56964 
56966 
56968 
56970 
56972 
56974 
56976 
56978 
56980 
56982 
56984 
56986 
56990 
56992 
56994 
56996 
57000 
57002 
57006 
57008 
57010 
57012 
57014 
57018 
57020 
57022 
57026 
57030 
57032 
57034 
57036 
57038 
57040 
57042 
57044 
57046 
57048 
57052 
57054 
57058 
57060 
57062 
57064 
57068 
57072 
57074 
57076 
57080 
57082 
57084 
57086 
57088 
57090 
57092 
57096 
57098 
57100 
57102 
57104 
57106 
57108 
57110 
57114 
57116 
57118 
57122 
57124 
57126 
57130 
57134 
57136 
57138 
57140 
57144 
57148 
57150 
57152 
57154 
57156 
57158 
57160 
57162 
57166 
57168 
57170 
57172 
57174 
57176 
57180 
57182 
57186 
57188 
57190 
57192 
57196 
57198 
57202 
57206 
57208 
57210 
57214 
57216 
57220 
57222 
57224 
57226 
57228 
57230 
57232 
57234 
57238 
57240 
57242 
57244 
57246 
57250 
57254 
57256 
57258 
57260 
57262 
57264 
57266 
57268 
57270 
57272 
57274 
57276 
57278 
57280 
57282 
57284 
57286 
57288 
57292 
57294 
57298 
57300 
57302 
57306 
57308 
57310 
57314 
57316 
57318 
57320 
57322 
57324 
57326 
57330 
57332 
57336 
57338 
57340 
57342 
57344 
57346 
57348 
57350 
57352 
57354 
57356 
57360 
57364 
57366 
57370 
57372 
57374 
57378 
57382 
57384 
57386 
57388 
57392 
57394 
57396 
57398 
57400 
57402 
57404 
57408 
57410 
57412 
57416 
57420 
57422 
57424 
57426 
57428 
57430 
57432 
57434 
57438 
57440 
57442 
57444 
57446 
57448 
57450 
57454 
57456 
57458 
57460 
57462 
57464 
57466 
57470 
57472 
57476 
57478 
57480 
57484 
57488 
57490 
57492 
57494 
57496 
57498 
57500 
57502 
57504 
57508 
57510 
57512 
57516 
57520 
57522 
57524 
57528 
57530 
57532 
57536 
57538 
57540 
57544 
57546 
57550 
57554 
57556 
57558 
57562 
57564 
57566 
57570 
57572 
57576 
57578 
57580 
57582 
57584 
57586 
57588 
57590 
57592 
57596 
57598 
57602 
57604 
57606 
57608 
57610 
57612 
57614 
57616 
57618 
57620 
57622 
57624 
57626 
57628 
57630 
57634 
57636 
57638 
57640 
57642 
57644 
57646 
57648 
57652 
57654 
57658 
57660 
57662 
57664 
57666 
57668 
57670 
57672 
57674 
57676 
57678 
57680 
57684 
57686 
57690 
57692 
57694 
57696 
57698 
57700 
57702 
57706 
57708 
57712 
57714 
57716 
57720 
57722 
57726 
57730 
57732 
57734 
57736 
57738 
57740 
57742 
57744 
57746 
57748 
57750 
57752 
57754 
57756 
57760 
57762 
57766 
57770 
57772 
57774 
57778 
57780 
57784 
57786 
57790 
57792 
57794 
57796 
57798 
57800 
57802 
57804 
57808 
57810 
57812 
57816 
57818 
57822 
57824 
57826 
57828 
57830 
57832 
57834 
57836 
57838 
57840 
57842 
57844 
57846 
57848 
57850 
57854 
57858 
57860 
57864 
57866 
57868 
57870 
57872 
57874 
57876 
57878 
57880 
57882 
57884 
57886 
57888 
57892 
57894 
57898 
57900 
57902 
57904 
57906 
57908 
57912 
57914 
57916 
57918 
57920 
57922 
57924 
57926 
57928 
57932 
57936 
57938 
57940 
57942 
57944 
57946 
57948 
57950 
57952 
57954 
57958 
57960 
57962 
57966 
57970 
57972 
57974 
57976 
57978 
57980 
57982 
57986 
57988 
57992 
57994 
57996 
58000 
58002 
58006 
58008 
58010 
58014 
58016 
58018 
58022 
58024 
58028 
58030 
58032 
58034 
58036 
58038 
58040 
58044 
58046 
58048 
58050 
58052 
58054 
58056 
58058 
58062 
58064 
58066 
58070 
58072 
58074 
58078 
58080 
58082 
58084 
58086 
58088 
58090 
58092 
58096 
58098 
58100 
58104 
58106 
58108 
58112 
58114 
58116 
58118 
58120 
58122 
58124 
58126 
58128 
58130 
58134 
58136 
58140 
58142 
58144 
58146 
58148 
58150 
58152 
58154 
58156 
58158 
58162 
58164 
58166 
58168 
58170 
58172 
58174 
58178 
58180 
58182 
58186 
58188 
58190 
58192 
58194 
58196 
58200 
58202 
58204 
58208 
58212 
58214 
58216 
58220 
58222 
58226 
58228 
58230 
58232 
58234 
58236 
58238 
58240 
58244 
58246 
58248 
58250 
58252 
58254 
58256 
58258 
58262 
58264 
58268 
58270 
58272 
58274 
58276 
58278 
58282 
58284 
58286 
58288 
58290 
58292 
58294 
58296 
58300 
58302 
58304 
58306 
58308 
58312 
58314 
58316 
58318 
58320 
58322 
58324 
58328 
58330 
58332 
58334 
58336 
58338 
58340 
58342 
58346 
58348 
58352 
58354 
58356 
58360 
58362 
58364 
58366 
58368 
58370 
58372 
58374 
58378 
58380 
58384 
58386 
58390 
58392 
58394 
58396 
58400 
58402 
58404 
58406 
58408 
58412 
58414 
58416 
58418 
58422 
58424 
58426 
58430 
58432 
58436 
58438 
58440 
58442 
58444 
58446 
58448 
58450 
58452 
58454 
58456 
58460 
58462 
58464 
58466 
58468 
58470 
58472 
58476 
58478 
58482 
58484 
58486 
58488 
58490 
58494 
58496 
58500 
58504 
58506 
58508 
58510 
58514 
58516 
58518 
58520 
58522 
58524 
58526 
58528 
58532 
58534 
58536 
58538 
58540 
58542 
58544 
58546 
58550 
58552 
58554 
58556 
58560 
58562 
58564 
58566 
58568 
58570 
58572 
58574 
58576 
58580 
58582 
58584 
58588 
58590 
58592 
58596 
58598 
58600 
58602 
58604 
58608 
58610 
58612 
58614 
58616 
58618 
58620 
58622 
58626 
58628 
58632 
58634 
58636 
58638 
58640 
58642 
58644 
58646 
58648 
58650 
58654 
58656 
58658 
58660 
58662 
58666 
58668 
58670 
58674 
58676 
58678 
58680 
58684 
58686 
58690 
58692 
58694 
58696 
58698 
58700 
58702 
58704 
58706 
58708 
58710 
58712 
58714 
58716 
58718 
58720 
58722 
58724 
58726 
58730 
58734 
58736 
58738 
58740 
58742 
58744 
58746 
58750 
58754 
58756 
58758 
58762 
58764 
58768 
58770 
58772 
58776 
58778 
58782 
58786 
58788 
58790 
58792 
58794 
58796 
58798 
58802 
58804 
58808 
58810 
58812 
58816 
58818 
58820 
58822 
58824 
58826 
58830 
58832 
58834 
58836 
58838 
58840 
58842 
58844 
58848 
58850 
58852 
58854 
58856 
58858 
58862 
58864 
58866 
58868 
58870 
58872 
58874 
58876 
58878 
58882 
58886 
58888 
58890 
58892 
58894 
58896 
58898 
58900 
58902 
58906 
58908 
58910 
58914 
58918 
58920 
58922 
58926 
58930 
58932 
58934 
58936 
58938 
58940 
58942 
58944 
58946 
58950 
58952 
58956 
58958 
58960 
58962 
58964 
58966 
58968 
58970 
58972 
58974 
58978 
58980 
58982 
58986 
58990 
58992 
58994 
58998 
59000 
59002 
59006 
59008 
59012 
59014 
59016 
59018 
59020 
59022 
59026 
59028 
59030 
59032 
59034 
59036 
59038 
59040 
59042 
59046 
59048 
59052 
59054 
59056 
59058 
59060 
59062 
59064 
59066 
59068 
59070 
59074 
59076 
59078 
59082 
59084 
59086 
59090 
59092 
59096 
59098 
59102 
59104 
59108 
59110 
59112 
59114 
59116 
59118 
59120 
59122 
59124 
59128 
59130 
59134 
59138 
59140 
59142 
59144 
59146 
59148 
59150 
59154 
59156 
59158 
59160 
59162 
59166 
59168 
59170 
59172 
59174 
59176 
59178 
59180 
59182 
59184 
59186 
59188 
59190 
59192 
59194 
59198 
59200 
59202 
59204 
59208 
59210 
59212 
59216 
59218 
59220 
59222 
59224 
59226 
59228 
59232 
59234 
59238 
59240 
59242 
59244 
59246 
59248 
59250 
59252 
59254 
59256 
59258 
59262 
59264 
59266 
59268 
59270 
59272 
59274 
59278 
59280 
59282 
59286 
59288 
59292 
59294 
59296 
59300 
59304 
59306 
59308 
59310 
59312 
59314 
59316 
59318 
59320 
59322 
59324 
59326 
59328 
59330 
59334 
59338 
59340 
59342 
59346 
59350 
59352 
59354 
59356 
59358 
59360 
59362 
59364 
59366 
59368 
59370 
59374 
59376 
59378 
59380 
59384 
59388 
59390 
59392 
59394 
59396 
59398 
59400 
59404 
59406 
59408 
59412 
59414 
59418 
59420 
59422 
59424 
59426 
59428 
59430 
59432 
59434 
59436 
59438 
59442 
59444 
59446 
59450 
59454 
59456 
59458 
59462 
59464 
59468 
59470 
59472 
59474 
59476 
59480 
59482 
59484 
59486 
59488 
59490 
59494 
59496 
59500 
59502 
59504 
59506 
59508 
59510 
59512 
59514 
59516 
59518 
59522 
59524 
59526 
59530 
59534 
59536 
59538 
59542 
59544 
59548 
59550 
59552 
59554 
59556 
59558 
59562 
59566 
59568 
59570 
59572 
59574 
59576 
59578 
59580 
59582 
59584 
59588 
59592 
59594 
59596 
59598 
59600 
59602 
59604 
59606 
59608 
59612 
59614 
59618 
59620 
59622 
59624 
59626 
59628 
59632 
59634 
59636 
59638 
59640 
59642 
59644 
59646 
59648 
59650 
59652 
59656 
59658 
59662 
59666 
59668 
59670 
59674 
59676 
59680 
59682 
59684 
59686 
59688 
59690 
59692 
59694 
59696 
59698 
59702 
59706 
59708 
59710 
59712 
59714 
59716 
59718 
59720 
59724 
59726 
59728 
59732 
59734 
59738 
59740 
59742 
59744 
59746 
59748 
59750 
59752 
59756 
59758 
59760 
59764 
59766 
59770 
59772 
59774 
59776 
59778 
59780 
59782 
59784 
59788 
59790 
59792 
59794 
59798 
59800 
59802 
59806 
59808 
59812 
59814 
59818 
59820 
59822 
59824 
59828 
59830 
59832 
59834 
59836 
59838 
59840 
59842 
59844 
59846 
59848 
59850 
59852 
59854 
59858 
59860 
59862 
59864 
59868 
59870 
59872 
59876 
59880 
59882 
59884 
59886 
59888 
59890 
59892 
59894 
59896 
59900 
59902 
59904 
59908 
59910 
59912 
59914 
59916 
59918 
59922 
59924 
59926 
59928 
59930 
59932 
59936 
59938 
59942 
59944 
59946 
59948 
59950 
59952 
59954 
59956 
59958 
59960 
59964 
59968 
59970 
59972 
59974 
59976 
59980 
59982 
59984 
59988 
59990 
59994 
59998 
60000 
60002 
60004 
60006 
60008 
60010 
60012 
60014 
60018 
60020 
60024 
60026 
60028 
60030 
60032 
60034 
60036 
60040 
60042 
60046 
60048 
60050 
60052 
60054 
60056 
60060 
60062 
60064 
60066 
60068 
60070 
60072 
60074 
60078 
60080 
60082 
60084 
60086 
60088 
60090 
60092 
60094 
60098 
60102 
60104 
60106 
60108 
60110 
60112 
60116 
60118 
60122 
60124 
60126 
60128 
60130 
60132 
60134 
60136 
60138 
60140 
60142 
60144 
60146 
60148 
60150 
60154 
60158 
60160 
60162 
60164 
60166 
60168 
60170 
60174 
60178 
60180 
60182 
60186 
60188 
60190 
60192 
60194 
60196 
60200 
60202 
60204 
60208 
60210 
60212 
60216 
60220 
60222 
60224 
60228 
60230 
60234 
60236 
60238 
60240 
60242 
60244 
60248 
60250 
60252 
60254 
60256 
60258 
60260 
60262 
60264 
60268 
60270 
60274 
60276 
60278 
60280 
60282 
60284 
60286 
60288 
60290 
60292 
60294 
60296 
60300 
60302 
60304 
60308 
60312 
60314 
60316 
60320 
60324 
60326 
60328 
60330 
60332 
60334 
60336 
60338 
60340 
60344 
60346 
60350 
60352 
60354 
60356 
60358 
60360 
60362 
60364 
60366 
60370 
60372 
60376 
60378 
60380 
60382 
60386 
60388 
60392 
60394 
60398 
60400 
60404 
60406 
60408 
60410 
60412 
60414 
60418 
60420 
60422 
60424 
60426 
60428 
60430 
60434 
60436 
60438 
60440 
60444 
60446 
60450 
60452 
60454 
60456 
60458 
60462 
60464 
60466 
60468 
60470 
60472 
60474 
60476 
60478 
60480 
60482 
60484 
60488 
60490 
60492 
60494 
60496 
60498 
60500 
60504 
60506 
60508 
60512 
60514 
60516 
60518 
60520 
60522 
60524 
60528 
60530 
60534 
60536 
60538 
60540 
60542 
60544 
60546 
60548 
60550 
60552 
60554 
60558 
60560 
60564 
60566 
60568 
60570 
60572 
60574 
60576 
60578 
60582 
60584 
60588 
60590 
60592 
60596 
60600 
60602 
60604 
60606 
60608 
60610 
60612 
60614 
60618 
60620 
60622 
60626 
60630 
60632 
60634 
60636 
60638 
60640 
60642 
60644 
60646 
60648 
60650 
60654 
60656 
60658 
60660 
60662 
60664 
60666 
60670 
60672 
60674 
60676 
60678 
60680 
60682 
60686 
60688 
60692 
60694 
60696 
60700 
60704 
60706 
60708 
60710 
60712 
60714 
60716 
60718 
60720 
60722 
60724 
60726 
60728 
60730 
60734 
60738 
60740 
60742 
60746 
60748 
60750 
60754 
60756 
60760 
60762 
60764 
60766 
60768 
60772 
60774 
60776 
60778 
60780 
60782 
60786 
60788 
60792 
60794 
60796 
60798 
60800 
60802 
60804 
60806 
60808 
60812 
60814 
60816 
60818 
60822 
60826 
60828 
60830 
60834 
60836 
60840 
60842 
60844 
60846 
60848 
60850 
60854 
60858 
60860 
60862 
60864 
60866 
60868 
60870 
60872 
60874 
60878 
60882 
60884 
60886 
60888 
60890 
60892 
60894 
60898 
60900 
60902 
60904 
60906 
60908 
60910 
60914 
60916 
60918 
60920 
60922 
60924 
60928 
60932 
60934 
60936 
60940 
60942 
60946 
60948 
60950 
60952 
60954 
60956 
60958 
60960 
60962 
60964 
60966 
60968 
60972 
60974 
60976 
60978 
60982 
60986 
60988 
60990 
60992 
60994 
60996 
60998 
61000 
61002 
61006 
61008 
61010 
61014 
61018 
61020 
61022 
61024 
61026 
61028 
61030 
61032 
61034 
61036 
61040 
61042 
61044 
61048 
61052 
61054 
61056 
61060 
61062 
61064 
61066 
61068 
61070 
61074 
61076 
61080 
61082 
61084 
61088 
61092 
61094 
61098 
61100 
61102 
61104 
61106 
61110 
61112 
61114 
61116 
61118 
61120 
61124 
61126 
61128 
61130 
61132 
61134 
61136 
61138 
61142 
61144 
61146 
61148 
61150 
61152 
61156 
61160 
61162 
61164 
61166 
61168 
61170 
61172 
61174 
61176 
61180 
61182 
61184 
61186 
61188 
61192 
61194 
61196 
61200 
61202 
61206 
61208 
61210 
61212 
61214 
61216 
61218 
61220 
61224 
61228 
61230 
61232 
61234 
61236 
61238 
61240 
61242 
61244 
61246 
61248 
61250 
61254 
61258 
61260 
61262 
61264 
61266 
61268 
61270 
61272 
61276 
61278 
61282 
61284 
61286 
61288 
61290 
61292 
61294 
61296 
61300 
61304 
61306 
61308 
61310 
61312 
61314 
61316 
61318 
61320 
61322 
61324 
61326 
61328 
61332 
61334 
61338 
61340 
61342 
61346 
61350 
61352 
61354 
61358 
61360 
61362 
61366 
61368 
61372 
61374 
61376 
61378 
61382 
61384 
61386 
61388 
61390 
61392 
61394 
61396 
61398 
61400 
61402 
61406 
61410 
61412 
61414 
61416 
61418 
61420 
61422 
61426 
61428 
61430 
61432 
61434 
61436 
61440 
61442 
61444 
61446 
61448 
61450 
61452 
61456 
61458 
61460 
61462 
61464 
61466 
61470 
61472 
61476 
61480 
61482 
61484 
61488 
61490 
61494 
61496 
61498 
61500 
61502 
61504 
61506 
61508 
61510 
61512 
61514 
61516 
61520 
61524 
61526 
61528 
61532 
61536 
61538 
61540 
61542 
61546 
61550 
61552 
61554 
61558 
61560 
61562 
61564 
61566 
61568 
61570 
61574 
61576 
61578 
61580 
61582 
61584 
61588 
61590 
61592 
61594 
61598 
61602 
61604 
61606 
61610 
61612 
61616 
61618 
61620 
61622 
61624 
61626 
61628 
61630 
61634 
61638 
61640 
61642 
61646 
61648 
61652 
61654 
61656 
61658 
61660 
61664 
61666 
61668 
61670 
61672 
61674 
61676 
61678 
61682 
61684 
61686 
61688 
61692 
61694 
61696 
61700 
61704 
61706 
61708 
61710 
61712 
61714 
61716 
61718 
61722 
61724 
61726 
61730 
61732 
61734 
61736 
61738 
61740 
61744 
61746 
61748 
61750 
61752 
61756 
61758 
61762 
61764 
61766 
61768 
61770 
61772 
61774 
61776 
61778 
61780 
61782 
61784 
61786 
61790 
61794 
61796 
61798 
61800 
61802 
61804 
61806 
61810 
61812 
61816 
61818 
61820 
61824 
61828 
61830 
61832 
61836 
61838 
61840 
61842 
61844 
61846 
61848 
61850 
61852 
61854 
61856 
61858 
61862 
61864 
61868 
61870 
61874 
61876 
61878 
61880 
61882 
61884 
61886 
61888 
61892 
61896 
61898 
61902 
61904 
61906 
61908 
61910 
61912 
61914 
61916 
61920 
61924 
61926 
61928 
61930 
61932 
61936 
61938 
61942 
61946 
61948 
61950 
61952 
61954 
61956 
61958 
61960 
61964 
61966 
61968 
61972 
61974 
61976 
61978 
61980 
61982 
61984 
61988 
61992 
61994 
61996 
61998 
62002 
62004 
62006 
62008 
62012 
62014 
62016 
62018 
62020 
62024 
62026 
62028 
62030 
62032 
62034 
62036 
62038 
62040 
62042 
62044 
62048 
62050 
62054 
62056 
62058 
62060 
62062 
62066 
62068 
62070 
62072 
62076 
62080 
62082 
62084 
62088 
62090 
62094 
62096 
62098 
62100 
62102 
62104 
62106 
62108 
62112 
62116 
62118 
62120 
62122 
62124 
62126 
62128 
62130 
62134 
62136 
62138 
62140 
62142 
62144 
62146 
62148 
62150 
62154 
62156 
62158 
62160 
62162 
62164 
62168 
62170 
62172 
62174 
62176 
62178 
62182 
62184 
62186 
62190 
62192 
62196 
62198 
62200 
62202 
62204 
62206 
62208 
62210 
62214 
62218 
62220 
62222 
62224 
62226 
62228 
62230 
62232 
62234 
62238 
62240 
62244 
62246 
62248 
62252 
62254 
62258 
62260 
62262 
62266 
62270 
62272 
62274 
62278 
62280 
62284 
62286 
62288 
62290 
62292 
62294 
62298 
62300 
62302 
62304 
62306 
62308 
62310 
62312 
62314 
62316 
62318 
62322 
62324 
62326 
62328 
62330 
62332 
62334 
62336 
62338 
62342 
62344 
62348 
62350 
62352 
62354 
62356 
62358 
62360 
62362 
62364 
62366 
62368 
62370 
62372 
62374 
62376 
62380 
62382 
62386 
62390 
62392 
62394 
62398 
62400 
62404 
62406 
62408 
62410 
62412 
62416 
62418 
62420 
62422 
62424 
62426 
62430 
62434 
62436 
62438 
62440 
62444 
62446 
62448 
62450 
62452 
62454 
62456 
62460 
62462 
62464 
62466 
62468 
62470 
62472 
62474 
62478 
62480 
62482 
62486 
62488 
62490 
62494 
62496 
62498 
62500 
62502 
62504 
62506 
62510 
62512 
62516 
62518 
62520 
62522 
62524 
62526 
62528 
62532 
62534 
62538 
62540 
62542 
62546 
62548 
62552 
62556 
62558 
62560 
62562 
62564 
62566 
62568 
62570 
62572 
62574 
62576 
62578 
62580 
62582 
62586 
62588 
62592 
62594 
62596 
62598 
62600 
62602 
62604 
62606 
62608 
62612 
62614 
62616 
62618 
62620 
62624 
62626 
62630 
62632 
62636 
62640 
62642 
62644 
62646 
62650 
62652 
62654 
62656 
62658 
62660 
62662 
62664 
62666 
62668 
62672 
62674 
62676 
62678 
62680 
62682 
62684 
62686 
62690 
62692 
62694 
62696 
62698 
62700 
62702 
62704 
62706 
62710 
62714 
62716 
62718 
62720 
62724 
62726 
62728 
62730 
62732 
62734 
62736 
62738 
62740 
62742 
62746 
62750 
62752 
62756 
62758 
62760 
62764 
62766 
62770 
62772 
62774 
62776 
62778 
62780 
62782 
62786 
62790 
62792 
62794 
62796 
62798 
62800 
62802 
62804 
62806 
62808 
62812 
62814 
62818 
62820 
62822 
62824 
62826 
62830 
62832 
62836 
62838 
62840 
62842 
62846 
62850 
62852 
62854 
62856 
62858 
62860 
62862 
62864 
62866 
62868 
62870 
62872 
62876 
62880 
62882 
62884 
62886 
62888 
62892 
62894 
62896 
62898 
62900 
62904 
62908 
62910 
62912 
62916 
62918 
62922 
62924 
62926 
62928 
62930 
62934 
62936 
62938 
62942 
62944 
62946 
62948 
62950 
62952 
62954 
62956 
62960 
62962 
62964 
62966 
62968 
62972 
62974 
62978 
62980 
62982 
62986 
62988 
62992 
62994 
62998 
63000 
63002 
63006 
63008 
63012 
63014 
63016 
63018 
63020 
63022 
63024 
63026 
63030 
63032 
63034 
63038 
63042 
63044 
63046 
63048 
63050 
63052 
63054 
63056 
63058 
63062 
63064 
63066 
63068 
63070 
63074 
63076 
63078 
63080 
63082 
63086 
63088 
63092 
63094 
63098 
63100 
63104 
63106 
63108 
63110 
63112 
63114 
63118 
63120 
63124 
63126 
63128 
63130 
63132 
63134 
63136 
63140 
63142 
63144 
63146 
63148 
63150 
63154 
63156 
63160 
63162 
63164 
63166 
63170 
63172 
63174 
63176 
63178 
63180 
63184 
63186 
63188 
63190 
63192 
63194 
63196 
63200 
63202 
63204 
63206 
63208 
63210 
63212 
63214 
63218 
63222 
63224 
63226 
63228 
63230 
63232 
63234 
63236 
63238 
63240 
63242 
63244 
63248 
63250 
63254 
63256 
63258 
63262 
63266 
63268 
63270 
63274 
63276 
63278 
63280 
63282 
63284 
63288 
63292 
63294 
63296 
63298 
63302 
63304 
63306 
63308 
63310 
63314 
63316 
63320 
63322 
63326 
63328 
63330 
63332 
63334 
63336 
63338 
63340 
63342 
63346 
63348 
63352 
63354 
63356 
63358 
63360 
63362 
63364 
63366 
63368 
63370 
63372 
63376 
63378 
63382 
63384 
63388 
63390 
63392 
63396 
63398 
63402 
63406 
63408 
63410 
63412 
63414 
63416 
63420 
63422 
63424 
63426 
63430 
63432 
63434 
63436 
63438 
63440 
63442 
63444 
63448 
63452 
63454 
63456 
63460 
63462 
63464 
63466 
63468 
63470 
63472 
63474 
63478 
63480 
63482 
63486 
63488 
63490 
63492 
63494 
63496 
63498 
63500 
63502 
63506 
63508 
63510 
63514 
63518 
63520 
63522 
63524 
63526 
63528 
63530 
63532 
63536 
63538 
63540 
63544 
63548 
63550 
63554 
63556 
63558 
63562 
63564 
63566 
63570 
63572 
63574 
63576 
63578 
63580 
63582 
63584 
63586 
63588 
63590 
63592 
63596 
63600 
63602 
63604 
63608 
63610 
63612 
63614 
63618 
63620 
63622 
63624 
63626 
63628 
63632 
63636 
63638 
63640 
63642 
63644 
63646 
63648 
63650 
63652 
63654 
63656 
63660 
63662 
63664 
63666 
63668 
63670 
63672 
63674 
63676 
63678 
63680 
63682 
63686 
63688 
63690 
63692 
63696 
63698 
63700 
63702 
63704 
63706 
63708 
63712 
63714 
63718 
63720 
63724 
63728 
63730 
63732 
63734 
63736 
63738 
63742 
63744 
63746 
63750 
63752 
63754 
63756 
63758 
63760 
63762 
63766 
63768 
63770 
63772 
63774 
63776 
63780 
63782 
63784 
63788 
63792 
63794 
63796 
63800 
63802 
63806 
63810 
63812 
63814 
63816 
63818 
63820 
63822 
63824 
63826 
63828 
63832 
63836 
63838 
63840 
63842 
63846 
63848 
63850 
63852 
63854 
63858 
63860 
63862 
63864 
63866 
63870 
63872 
63876 
63878 
63880 
63884 
63886 
63890 
63894 
63896 
63900 
63902 
63904 
63906 
63908 
63910 
63912 
63914 
63916 
63918 
63920 
63922 
63926 
63928 
63930 
63934 
63936 
63940 
63942 
63944 
63948 
63950 
63952 
63954 
63956 
63960 
63962 
63966 
63968 
63970 
63974 
63978 
63980 
63982 
63986 
63988 
63992 
63994 
63996 
63998 
64000 
64002 
64004 
64006 
64008 
64012 
64014 
64018 
64020 
64022 
64024 
64026 
64028 
64030 
64032 
64034 
64036 
64038 
64040 
64044 
64048 
64050 
64052 
64054 
64056 
64058 
64062 
64064 
64066 
64068 
64072 
64076 
64078 
64080 
64084 
64086 
64090 
64092 
64094 
64096 
64098 
64100 
64102 
64104 
64106 
64108 
64110 
64112 
64114 
64118 
64120 
64122 
64124 
64126 
64128 
64130 
64132 
64134 
64136 
64138 
64142 
64144 
64146 
64148 
64150 
64152 
64154 
64158 
64160 
64162 
64164 
64166 
64168 
64172 
64174 
64178 
64180 
64184 
64186 
64190 
64192 
64194 
64196 
64198 
64200 
64202 
64206 
64208 
64210 
64212 
64214 
64216 
64218 
64220 
64222 
64226 
64230 
64232 
64234 
64238 
64240 
64244 
64246 
64248 
64252 
64256 
64258 
64260 
64264 
64266 
64270 
64272 
64274 
64276 
64278 
64280 
64282 
64284 
64286 
64288 
64290 
64292 
64294 
64296 
64298 
64300 
64304 
64306 
64308 
64310 
64312 
64314 
64316 
64320 
64322 
64326 
64328 
64330 
64332 
64334 
64336 
64338 
64340 
64342 
64346 
64348 
64352 
64356 
64358 
64360 
64362 
64364 
64366 
64368 
64370 
64372 
64374 
64378 
64382 
64384 
64386 
64390 
64392 
64396 
64398 
64400 
64402 
64404 
64406 
64410 
64412 
64414 
64416 
64418 
64420 
64422 
64424 
64428 
64430 
64432 
64436 
64438 
64440 
64444 
64446 
64448 
64450 
64452 
64454 
64456 
64458 
64462 
64464 
64468 
64470 
64472 
64474 
64476 
64478 
64480 
64484 
64486 
64488 
64490 
64492 
64494 
64496 
64498 
64500 
64502 
64504 
64506 
64508 
64510 
64512 
64516 
64520 
64522 
64524 
64528 
64532 
64534 
64538 
64540 
64542 
64544 
64548 
64550 
64554 
64556 
64558 
64560 
64562 
64564 
64566 
64568 
64572 
64574 
64576 
64578 
64580 
64582 
64586 
64588 
64592 
64594 
64596 
64600 
64602 
64606 
64610 
64612 
64614 
64618 
64620 
64624 
64626 
64628 
64630 
64632 
64634 
64636 
64638 
64640 
64642 
64646 
64648 
64650 
64652 
64654 
64658 
64660 
64662 
64664 
64666 
64668 
64672 
64674 
64676 
64678 
64680 
64682 
64684 
64686 
64688 
64690 
64692 
64696 
64698 
64700 
64702 
64704 
64706 
64708 
64710 
64712 
64716 
64718 
64722 
64724 
64726 
64730 
64734 
64736 
64738 
64742 
64746 
64748 
64750 
64754 
64758 
64760 
64762 
64764 
64766 
64768 
64770 
64772 
64774 
64776 
64780 
64782 
64784 
64786 
64788 
64790 
64792 
64796 
64798 
64800 
64802 
64804 
64806 
64810 
64812 
64814 
64816 
64820 
64824 
64826 
64828 
64830 
64832 
64834 
64836 
64838 
64840 
64844 
64846 
64848 
64852 
64856 
64858 
64860 
64864 
64866 
64868 
64870 
64872 
64876 
64878 
64882 
64886 
64888 
64890 
64894 
64896 
64900 
64902 
64906 
64908 
64910 
64912 
64914 
64916 
64918 
64920 
64922 
64924 
64928 
64930 
64934 
64936 
64938 
64940 
64942 
64944 
64946 
64950 
64952 
64954 
64956 
64958 
64960 
64962 
64966 
64968 
64972 
64974 
64976 
64978 
64980 
64982 
64984 
64986 
64988 
64990 
64992 
64994 
64998 
65002 
65004 
65006 
65008 
65010 
65012 
65014 
65018 
65020 
65024 
65026 
65028 
65032 
65034 
65038 
65042 
65044 
65046 
65050 
65052 
65054 
65056 
65058 
65060 
65062 
65064 
65066 
65068 
65070 
65072 
65074 
65078 
65082 
65084 
65088 
65090 
65094 
65096 
65100 
65102 
65104 
65106 
65108 
65112 
65114 
65116 
65120 
65122 
65126 
65128 
65130 
65132 
65134 
65136 
65138 
65140 
65142 
65144 
65146 
65148 
65150 
65154 
65156 
65158 
65160 
65162 
65166 
65170 
65172 
65176 
65178 
65180 
65182 
65184 
65186 
65188 
65190 
65192 
65194 
65196 
65200 
65202 
65204 
65206 
65208 
65212 
65214 
65216 
65218 
65220 
65222 
65224 
65226 
65230 
65232 
65234 
65236 
65238 
65240 
65242 
65244 
65246 
65250 
65254 
65256 
65258 
65260 
65262 
65264 
65266 
65270 
65272 
65276 
65278 
65280 
65284 
65286 
65290 
65292 
65294 
65298 
65300 
65302 
65306 
65308 
65312 
65314 
65316 
65318 
65320 
65322 
65326 
65328 
65330 
65332 
65334 
65336 
65340 
65342 
65344 
65348 
65350 
65352 
65354 
65356 
65358 
65362 
65364 
65366 
65370 
65372 
65374 
65378 
65382 
65384 
65386 
65388 
65390 
65392 
65394 
65396 
65398 
65400 
65404 
65406 
65410 
65412 
65414 
65416 
65418 
65420 
65424 
65426 
65430 
65432 
65434 
65438 
65442 
65444 
65446 
65448 
65450 
65452 
65456 
65458 
65460 
65462 
65464 
65466 
65468 
65470 
65474 
65476 
65480 
65482 
65484 
65486 
65490 
65492 
65494 
65496 
65498 
65500 
65502 
65506 
65508 
65510 
65514 
65518 
65520 
65522 
65526 
65528 
65532 
65534 
65536 
65538 
65540 
65542 
65544 
65546 
65550 
65552 
65554 
65556 
65558 
65560 
65562 
65564 
65568 
65570 
65574 
65576 
65578 
65580 
65582 
65584 
65588 
65590 
65592 
65594 
65596 
65598 
65600 
65602 
65606 
65608 
65610 
65612 
65616 
65618 
65620 
65622 
65624 
65626 
65628 
65632 
65634 
65636 
65638 
65640 
65642 
65644 
65648 
65650 
65654 
65656 
65658 
65662 
65664 
65666 
65668 
65670 
65672 
65674 
65678 
65680 
65682 
65686 
65688 
65690 
65692 
65696 
65698 
65700 
65702 
65704 
65706 
65710 
65712 
65714 
65716 
65720 
65722 
65724 
65728 
65730 
65734 
65736 
65738 
65740 
65742 
65744 
65746 
65748 
65750 
65752 
65754 
65758 
65760 
65762 
65764 
65766 
65768 
65770 
65772 
65774 
65778 
65780 
65784 
65786 
65790 
65794 
65796 
65798 
65802 
65804 
65806 
65810 
65812 
65814 
65816 
65818 
65820 
65824 
65826 
65828 
65830 
65834 
65836 
65838 
65840 
65842 
65844 
65846 
65848 
65852 
65854 
65856 
65860 
65862 
65864 
65866 
65868 
65870 
65872 
65874 
65876 
65878 
65880 
65882 
65884 
65888 
65890 
65892 
65894 
65896 
65898 
65900 
65902 
65904 
65906 
65910 
65912 
65916 
65918 
65920 
65922 
65924 
65928 
65930 
65932 
65934 
65936 
65938 
65940 
65942 
65944 
65946 
65948 
65950 
65952 
65954 
65958 
65960 
65962 
65964 
65966 
65968 
65970 
65972 
65976 
65978 
65980 
65982 
65986 
65988 
65990 
65994 
65996 
66000 
66004 
66006 
66008 
66010 
66012 
66014 
66016 
66020 
66022 
66026 
66028 
66032 
66034 
66036 
66038 
66040 
66042 
66046 
66048 
66050 
66052 
66054 
66056 
66058 
66062 
66064 
66066 
66068 
66070 
66072 
66076 
66078 
66080 
66082 
66084 
66086 
66088 
66090 
66094 
66096 
66098 
66100 
66102 
66104 
66106 
66108 
66110 
66114 
66118 
66120 
66122 
66126 
66128 
66130 
66132 
66134 
66136 
66138 
66140 
66144 
66146 
66148 
66150 
66152 
66154 
66156 
66160 
66162 
66164 
66168 
66172 
66174 
66176 
66180 
66182 
66184 
66188 
66190 
66194 
66196 
66198 
66200 
66202 
66206 
66208 
66210 
66212 
66214 
66216 
66218 
66220 
66222 
66226 
66228 
66232 
66234 
66236 
66238 
66240 
66242 
66244 
66246 
66248 
66252 
66254 
66256 
66258 
66262 
66264 
66266 
66270 
66272 
66276 
66278 
66282 
66284 
66288 
66290 
66292 
66294 
66296 
66298 
66300 
66304 
66306 
66308 
66310 
66314 
66316 
66318 
66322 
66326 
66328 
66330 
66332 
66334 
66336 
66338 
66342 
66344 
66346 
66348 
66350 
66354 
66356 
66358 
66360 
66362 
66364 
66366 
66368 
66370 
66372 
66374 
66376 
66380 
66384 
66386 
66390 
66392 
66394 
66398 
66400 
66402 
66404 
66408 
66410 
66412 
66414 
66416 
66418 
66420 
66422 
66426 
66428 
66432 
66434 
66436 
66438 
66440 
66442 
66444 
66448 
66450 
66452 
66454 
66456 
66458 
66460 
66464 
66466 
66470 
66472 
66474 
66478 
66480 
66482 
66484 
66486 
66488 
66490 
66492 
66494 
66498 
66500 
66502 
66504 
66506 
66508 
66510 
66512 
66514 
66516 
66518 
66522 
66524 
66526 
66528 
66530 
66532 
66534 
66538 
66540 
66542 
66544 
66548 
66550 
66552 
66556 
66560 
66562 
66564 
66566 
66568 
66570 
66572 
66574 
66576 
66578 
66580 
66582 
66586 
66590 
66592 
66594 
66598 
66602 
66604 
66606 
66608 
66610 
66612 
66614 
66616 
66618 
66620 
66622 
66626 
66628 
66630 
66634 
66638 
66640 
66642 
66644 
66646 
66648 
66650 
66654 
66656 
66658 
66662 
66664 
66668 
66670 
66672 
66674 
66676 
66678 
66680 
66682 
66684 
66686 
66688 
66690 
66692 
66696 
66698 
66702 
66704 
66708 
66710 
66712 
66714 
66716 
66720 
66722 
66724 
66726 
66728 
66730 
66734 
66736 
66740 
66742 
66744 
66746 
66748 
66750 
66752 
66754 
66756 
66758 
66760 
66764 
66768 
66770 
66774 
66776 
66780 
66782 
66784 
66786 
66788 
66792 
66794 
66796 
66798 
66800 
66802 
66804 
66806 
66808 
66810 
66814 
66818 
66820 
66822 
66824 
66826 
66828 
66830 
66832 
66834 
66838 
66842 
66844 
66846 
66848 
66850 
66852 
66856 
66858 
66860 
66862 
66864 
66866 
66868 
66870 
66872 
66874 
66876 
66878 
66882 
66884 
66888 
66892 
66894 
66896 
66900 
66902 
66906 
66908 
66910 
66912 
66914 
66916 
66918 
66922 
66924 
66926 
66928 
66932 
66936 
66938 
66940 
66942 
66944 
66946 
66948 
66952 
66954 
66956 
66958 
66962 
66964 
66966 
66968 
66970 
66972 
66974 
66976 
66980 
66982 
66984 
66988 
66990 
66994 
66996 
66998 
67000 
67002 
67004 
67006 
67010 
67012 
67014 
67018 
67020 
67024 
67026 
67030 
67032 
67036 
67038 
67040 
67042 
67046 
67048 
67050 
67052 
67054 
67056 
67058 
67060 
67062 
67064 
67066 
67068 
67070 
67072 
67074 
67078 
67080 
67082 
67084 
67088 
67090 
67092 
67096 
67100 
67102 
67104 
67106 
67108 
67110 
67112 
67114 
67116 
67120 
67122 
67124 
67128 
67130 
67132 
67134 
67136 
67140 
67142 
67144 
67146 
67148 
67150 
67154 
67156 
67158 
67160 
67162 
67164 
67166 
67168 
67170 
67172 
67176 
67178 
67180 
67182 
67186 
67188 
67192 
67194 
67196 
67198 
67200 
67202 
67204 
67206 
67208 
67210 
67212 
67216 
67218 
67220 
67222 
67224 
67226 
67228 
67232 
67234 
67236 
67238 
67240 
67244 
67246 
67248 
67250 
67252 
67256 
67258 
67260 
67262 
67264 
67268 
67270 
67274 
67276 
67278 
67280 
67284 
67286 
67290 
67292 
67294 
67296 
67298 
67300 
67302 
67304 
67308 
67310 
67312 
67314 
67316 
67318 
67320 
67324 
67328 
67330 
67334 
67336 
67338 
67340 
67342 
67344 
67346 
67348 
67352 
67354 
67356 
67360 
67362 
67364 
67366 
67368 
67370 
67372 
67376 
67378 
67382 
67384 
67386 
67390 
67394 
67396 
67398 
67402 
67404 
67408 
67410 
67412 
67414 
67416 
67418 
67422 
67424 
67426 
67428 
67430 
67432 
67434 
67436 
67438 
67442 
67444 
67448 
67450 
67452 
67454 
67456 
67458 
67460 
67462 
67464 
67466 
67468 
67470 
67474 
67476 
67478 
67482 
67486 
67488 
67490 
67494 
67496 
67500 
67502 
67504 
67506 
67508 
67510 
67512 
67514 
67516 
67520 
67522 
67526 
67528 
67530 
67532 
67534 
67536 
67538 
67540 
67542 
67544 
67546 
67550 
67552 
67556 
67558 
67562 
67564 
67566 
67568 
67570 
67572 
67574 
67578 
67580 
67582 
67584 
67586 
67588 
67590 
67592 
67596 
67598 
67602 
67604 
67606 
67610 
67614 
67616 
67618 
67620 
67622 
67624 
67628 
67632 
67634 
67636 
67638 
67642 
67644 
67648 
67650 
67654 
67656 
67660 
67662 
67664 
67666 
67668 
67670 
67672 
67676 
67678 
67680 
67682 
67684 
67686 
67688 
67692 
67694 
67698 
67700 
67702 
67706 
67708 
67710 
67714 
67716 
67718 
67720 
67722 
67726 
67728 
67730 
67732 
67734 
67736 
67738 
67740 
67742 
67744 
67748 
67750 
67752 
67754 
67756 
67760 
67762 
67764 
67766 
67770 
67772 
67774 
67778 
67782 
67784 
67786 
67790 
67792 
67794 
67796 
67798 
67800 
67802 
67804 
67806 
67808 
67810 
67814 
67816 
67818 
67820 
67822 
67824 
67828 
67830 
67832 
67834 
67836 
67838 
67840 
67844 
67848 
67850 
67852 
67856 
67858 
67860 
67862 
67864 
67866 
67868 
67870 
67872 
67876 
67880 
67882 
67884 
67888 
67890 
67894 
67896 
67900 
67902 
67904 
67906 
67908 
67912 
67914 
67916 
67918 
67920 
67922 
67926 
67928 
67932 
67934 
67936 
67938 
67940 
67942 
67944 
67946 
67948 
67952 
67954 
67956 
67958 
67962 
67966 
67968 
67970 
67974 
67976 
67980 
67982 
67984 
67986 
67988 
67992 
67994 
67996 
67998 
68000 
68002 
68004 
68006 
68008 
68012 
68016 
68018 
68020 
68022 
68024 
68026 
68030 
68032 
68034 
68036 
68038 
68042 
68044 
68046 
68048 
68050 
68052 
68056 
68060 
68062 
68064 
68068 
68070 
68074 
68076 
68078 
68080 
68082 
68084 
68088 
68090 
68092 
68094 
68096 
68098 
68100 
68102 
68106 
68108 
68110 
68112 
68116 
68120 
68122 
68124 
68126 
68128 
68130 
68132 
68134 
68136 
68140 
68142 
68144 
68148 
68150 
68152 
68154 
68156 
68158 
68162 
68164 
68166 
68168 
68172 
68174 
68176 
68178 
68180 
68182 
68184 
68186 
68188 
68190 
68194 
68196 
68200 
68202 
68204 
68208 
68212 
68214 
68218 
68220 
68222 
68224 
68226 
68228 
68230 
68232 
68236 
68238 
68240 
68244 
68248 
68250 
68252 
68256 
68258 
68262 
68264 
68266 
68268 
68270 
68272 
68274 
68276 
68280 
68282 
68284 
68286 
68288 
68290 
68292 
68294 
68296 
68298 
68300 
68304 
68306 
68310 
68312 
68314 
68316 
68320 
68322 
68324 
68326 
68328 
68330 
68332 
68334 
68336 
68338 
68342 
68344 
68348 
68350 
68352 
68354 
68356 
68358 
68360 
68364 
68366 
68368 
68370 
68372 
68374 
68376 
68378 
68382 
68384 
68388 
68390 
68392 
68396 
68400 
68402 
68404 
68408 
68410 
68414 
68416 
68418 
68420 
68422 
68426 
68428 
68432 
68434 
68438 
68440 
68442 
68446 
68450 
68452 
68454 
68458 
68460 
68462 
68464 
68466 
68468 
68470 
68472 
68474 
68476 
68478 
68480 
68482 
68484 
68488 
68492 
68494 
68496 
68498 
68500 
68502 
68504 
68506 
68510 
68512 
68514 
68518 
68522 
68524 
68526 
68530 
68532 
68534 
68538 
68540 
68542 
68546 
68550 
68552 
68554 
68556 
68558 
68560 
68564 
68566 
68570 
68572 
68574 
68578 
68582 
68584 
68588 
68590 
68592 
68594 
68596 
68600 
68602 
68604 
68606 
68608 
68610 
68614 
68616 
68620 
68622 
68624 
68626 
68628 
68630 
68632 
68634 
68636 
68638 
68642 
68646 
68648 
68650 
68652 
68654 
68656 
68658 
68660 
68662 
68664 
68666 
68668 
68672 
68674 
68676 
68678 
68680 
68682 
68686 
68688 
68690 
68692 
68694 
68696 
68700 
68702 
68706 
68708 
68710 
68714 
68716 
68720 
68722 
68726 
68728 
68730 
68732 
68734 
68736 
68738 
68742 
68744 
68746 
68748 
68752 
68756 
68758 
68760 
68764 
68766 
68770 
68772 
68774 
68776 
68778 
68780 
68782 
68784 
68788 
68790 
68792 
68794 
68796 
68798 
68800 
68804 
68806 
68808 
68810 
68812 
68814 
68816 
68820 
68822 
68824 
68826 
68828 
68832 
68836 
68838 
68840 
68844 
68846 
68848 
68850 
68852 
68854 
68856 
68858 
68862 
68866 
68868 
68870 
68874 
68878 
68880 
68882 
68884 
68886 
68888 
68890 
68892 
68894 
68896 
68898 
68900 
68902 
68904 
68908 
68910 
68914 
68916 
68918 
68922 
68926 
68928 
68930 
68934 
68938 
68942 
68944 
68946 
68948 
68950 
68952 
68954 
68956 
68960 
68962 
68964 
68968 
68970 
68972 
68974 
68976 
68978 
68980 
68982 
68984 
68986 
68990 
68994 
68998 
69000 
69002 
69004 
69006 
69008 
69010 
69012 
69014 
69016 
69020 
69022 
69024 
69026 
69028 
69030 
69032 
69034 
69036 
69040 
69042 
69044 
69046 
69050 
69052 
69054 
69056 
69058 
69062 
69064 
69066 
69068 
69070 
69072 
69076 
69078 
69080 
69082 
69084 
69086 
69088 
69090 
69094 
69096 
69098 
69100 
69102 
69104 
69106 
69110 
69112 
69116 
69118 
69120 
69122 
69124 
69128 
69132 
69134 
69136 
69138 
69142 
69144 
69146 
69148 
69150 
69152 
69154 
69158 
69160 
69162 
69164 
69166 
69168 
69170 
69172 
69174 
69176 
69178 
69180 
69184 
69186 
69190 
69192 
69194 
69196 
69198 
69200 
69202 
69204 
69206 
69208 
69210 
69212 
69214 
69216 
69218 
69220 
69224 
69226 
69230 
69232 
69236 
69240 
69242 
69244 
69246 
69248 
69252 
69254 
69256 
69258 
69260 
69262 
69264 
69266 
69268 
69272 
69276 
69278 
69280 
69282 
69284 
69286 
69288 
69290 
69294 
69296 
69300 
69304 
69306 
69308 
69312 
69314 
69318 
69320 
69322 
69326 
69328 
69330 
69334 
69336 
69340 
69342 
69344 
69346 
69348 
69350 
69352 
69356 
69358 
69360 
69362 
69364 
69366 
69368 
69372 
69374 
69378 
69380 
69382 
69384 
69386 
69388 
69390 
69392 
69394 
69396 
69398 
69400 
69404 
69408 
69410 
69412 
69414 
69416 
69418 
69420 
69424 
69426 
69428 
69430 
69432 
69434 
69436 
69438 
69442 
69444 
69448 
69452 
69454 
69456 
69460 
69462 
69464 
69466 
69470 
69474 
69478 
69480 
69482 
69484 
69486 
69488 
69490 
69494 
69496 
69498 
69500 
69502 
69504 
69508 
69510 
69514 
69516 
69518 
69520 
69524 
69526 
69530 
69532 
69534 
69536 
69538 
69540 
69542 
69546 
69548 
69550 
69552 
69556 
69558 
69560 
69562 
69564 
69568 
69570 
69572 
69574 
69576 
69578 
69580 
69584 
69586 
69588 
69592 
69594 
69596 
69600 
69602 
69606 
69608 
69612 
69614 
69618 
69620 
69622 
69626 
69630 
69632 
69634 
69636 
69638 
69640 
69642 
69644 
69648 
69650 
69652 
69656 
69658 
69662 
69664 
69666 
69668 
69670 
69674 
69676 
69678 
69680 
69682 
69686 
69688 
69690 
69692 
69694 
69698 
69700 
69702 
69704 
69706 
69708 
69710 
69712 
69714 
69716 
69718 
69722 
69724 
69726 
69728 
69730 
69732 
69736 
69738 
69742 
69744 
69748 
69752 
69754 
69758 
69762 
69764 
69766 
69768 
69772 
69774 
69776 
69780 
69782 
69784 
69786 
69788 
69790 
69792 
69794 
69796 
69798 
69800 
69802 
69804 
69806 
69810 
69812 
69814 
69816 
69818 
69822 
69824 
69826 
69828 
69830 
69832 
69836 
69838 
69840 
69842 
69844 
69846 
69848 
69850 
69854 
69858 
69860 
69862 
69864 
69866 
69868 
69870 
69874 
69876 
69878 
69880 
69882 
69884 
69886 
69890 
69892 
69896 
69900 
69902 
69904 
69908 
69912 
69914 
69918 
69920 
69924 
69926 
69930 
69934 
69936 
69938 
69942 
69944 
69946 
69948 
69950 
69952 
69954 
69956 
69958 
69960 
69962 
69964 
69968 
69970 
69974 
69976 
69978 
69980 
69982 
69984 
69986 
69988 
69990 
69992 
69994 
69998 
70000 
70002 
70004 
70006 
70010 
70012 
70016 
70018 
70020 
70024 
70028 
70030 
70032 
70036 
70038 
70040 
70042 
70044 
70046 
70050 
70052 
70054 
70058 
70062 
70064 
70066 
70068 
70070 
70072 
70074 
70078 
70080 
70082 
70084 
70086 
70088 
70090 
70094 
70096 
70100 
70102 
70104 
70106 
70108 
70110 
70114 
70116 
70118 
70120 
70122 
70124 
70126 
70128 
70130 
70132 
70134 
70136 
70140 
70142 
70146 
70148 
70150 
70154 
70156 
70158 
70162 
70166 
70170 
70172 
70174 
70176 
70178 
70180 
70182 
70186 
70190 
70192 
70194 
70196 
70198 
70200 
70202 
70206 
70208 
70210 
70212 
70214 
70216 
70220 
70222 
70224 
70226 
70230 
70232 
70234 
70236 
70238 
70240 
70242 
70244 
70246 
70248 
70250 
70252 
70254 
70256 
70260 
70264 
70266 
70268 
70270 
70274 
70278 
70280 
70282 
70286 
70288 
70292 
70294 
70296 
70298 
70300 
70302 
70304 
70308 
70310 
70312 
70316 
70318 
70320 
70322 
70326 
70328 
70330 
70332 
70334 
70336 
70338 
70340 
70342 
70346 
70348 
70352 
70354 
70358 
70362 
70364 
70366 
70368 
70372 
70374 
70376 
70378 
70380 
70382 
70384 
70388 
70390 
70392 
70394 
70396 
70398 
70400 
70404 
70406 
70408 
70410 
70414 
70416 
70420 
70422 
70424 
70426 
70430 
70432 
70434 
70436 
70438 
70440 
70442 
70444 
70446 
70448 
70452 
70454 
70456 
70458 
70460 
70464 
70468 
70470 
70472 
70474 
70476 
70478 
70480 
70482 
70484 
70488 
70490 
70492 
70494 
70498 
70502 
70504 
70508 
70510 
70512 
70514 
70516 
70518 
70520 
70524 
70526 
70528 
70530 
70532 
70534 
70538 
70540 
70542 
70546 
70548 
70550 
70554 
70556 
70558 
70560 
70562 
70564 
70566 
70568 
70570 
70572 
70576 
70578 
70580 
70582 
70584 
70586 
70590 
70592 
70594 
70598 
70600 
70602 
70604 
70606 
70608 
70612 
70614 
70616 
70618 
70620 
70622 
70624 
70626 
70630 
70632 
70634 
70636 
70638 
70640 
70642 
70644 
70648 
70650 
70654 
70658 
70660 
70662 
70666 
70668 
70670 
70674 
70676 
70680 
70682 
70684 
70686 
70688 
70690 
70692 
70696 
70698 
70700 
70704 
70706 
70708 
70712 
70714 
70716 
70718 
70722 
70724 
70726 
70730 
70732 
70736 
70738 
70740 
70742 
70744 
70746 
70748 
70752 
70754 
70758 
70760 
70762 
70764 
70766 
70768 
70770 
70772 
70774 
70776 
70778 
70780 
70784 
70788 
70790 
70792 
70794 
70798 
70802 
70804 
70806 
70810 
70814 
70816 
70818 
70820 
70822 
70824 
70826 
70828 
70830 
70834 
70836 
70840 
70842 
70844 
70846 
70848 
70852 
70854 
70858 
70860 
70862 
70866 
70868 
70872 
70874 
70876 
70878 
70880 
70882 
70886 
70890 
70892 
70894 
70896 
70898 
70900 
70904 
70906 
70908 
70910 
70912 
70914 
70918 
70920 
70922 
70924 
70926 
70928 
70932 
70934 
70936 
70938 
70940 
70944 
70946 
70948 
70950 
70952 
70954 
70956 
70958 
70960 
70962 
70966 
70968 
70970 
70972 
70974 
70976 
70980 
70982 
70986 
70988 
70990 
70994 
70998 
71000 
71004 
71006 
71008 
71010 
71012 
71014 
71018 
71020 
71024 
71026 
71028 
71032 
71034 
71038 
71040 
71044 
71046 
71050 
71052 
71056 
71058 
71060 
71062 
71064 
71066 
71068 
71072 
71074 
71076 
71078 
71080 
71082 
71084 
71088 
71092 
71094 
71096 
71098 
71100 
71102 
71106 
71108 
71110 
71114 
71116 
71118 
71122 
71124 
71126 
71128 
71132 
71134 
71136 
71138 
71140 
71142 
71144 
71146 
71148 
71150 
71152 
71154 
71156 
71158 
71160 
71162 
71166 
71168 
71170 
71172 
71174 
71178 
71182 
71184 
71188 
71190 
71192 
71194 
71196 
71198 
71200 
71204 
71206 
71208 
71210 
71212 
71214 
71216 
71218 
71220 
71222 
71226 
71228 
71230 
71232 
71234 
71238 
71240 
71242 
71244 
71248 
71250 
71254 
71258 
71260 
71262 
71264 
71266 
71268 
71270 
71274 
71276 
71278 
71280 
71284 
71286 
71288 
71290 
71292 
71294 
71298 
71300 
71302 
71304 
71306 
71308 
71310 
71312 
71316 
71318 
71320 
71322 
71324 
71328 
71332 
71334 
71336 
71340 
71344 
71346 
71348 
71350 
71352 
71354 
71356 
71358 
71360 
71362 
71364 
71368 
71370 
71372 
71374 
71376 
71378 
71380 
71384 
71386 
71388 
71390 
71392 
71396 
71398 
71402 
71404 
71406 
71408 
71410 
71414 
71416 
71418 
71422 
71424 
71426 
71428 
71430 
71432 
71434 
71436 
71440 
71444 
71446 
71448 
71452 
71456 
71458 
71462 
71464 
71466 
71468 
71470 
71474 
71476 
71478 
71480 
71482 
71484 
71488 
71490 
71494 
71496 
71498 
71500 
71502 
71504 
71506 
71508 
71512 
71516 
71518 
71522 
71524 
71526 
71530 
71532 
71534 
71536 
71538 
71540 
71542 
71544 
71548 
71550 
71552 
71554 
71556 
71560 
71562 
71566 
71568 
71570 
71572 
71574 
71576 
71578 
71580 
71582 
71586 
71588 
71590 
71592 
71594 
71596 
71600 
71604 
71606 
71608 
71610 
71612 
71614 
71616 
71618 
71620 
71624 
71626 
71629 
71632 
71635 
71638 
71641 
71644 
71647 
71650 
71653 
71656 
71659 
71662 
71665 
71668 
71671 
71674 
71677 
71680 
71683 
71686 
71689 
71692 
71695 
71698 
71701 
71704 
71707 
71710 
71713 
71716 
71719 
71722 
71725 
71728 
71731 
71734 
71737 
71740 
71743 
71746 
71749 
71752 
71755 
71758 
71761 
71764 
71767 
71770 
71773 
71776 
71779 
71782 
71785 
71788 
71791 
71794 
71797 
71800 
71803 
71806 
71809 
71812 
71815 
71818 
71821 
71824 
71827 
71830 
71833 
71836 
71839 
71842 
71845 
71848 
71851 
71854 
71857 
71860 
71863 
71866 
71869 
71872 
71875 
71878 
71881 
71884 
71887 
71890 
71893 
71896 
71899 
71902 
71905 
71908 
71911 
71914 
71917 
71920 
71923 
71926 
71929 
71932 
71935 
71938 
71941 
71944 
71947 
71950 
71953 
71956 
71959 
71962 
71965 
71968 
71971 
71974 
71977 
71980 
71983 
71986 
71989 
71992 
71995 
71998 
72001 
72004 
72007 
72010 
72013 
72016 
72019 
72022 
72025 
72028 
72031 
72034 
72037 
72040 
72043 
72046 
72049 
72052 
72055 
72058 
72061 
72064 
72067 
72070 
72073 
72076 
72079 
72082 
72085 
72088 
72091 
72094 
72097 
72100 
72103 
72106 
72109 
72112 
72115 
72118 
72121 
72124 
72127 
72130 
72133 
72136 
72139 
72142 
72145 
72148 
72151 
72154 
72157 
72160 
72163 
72166 
72169 
72172 
72175 
72178 
72181 
72184 
72187 
72190 
72193 
72196 
72199 
72202 
72205 
72208 
72211 
72214 
72217 
72220 
72223 
72226 
72229 
72232 
72235 
72238 
72241 
72244 
72247 
72250 
72253 
72256 
72259 
72262 
72265 
72268 
72271 
72274 
72277 
72280 
72283 
72286 
72289 
72292 
72295 
72298 
72301 
72304 
72307 
72310 
72313 
72316 
72319 
72322 
72325 
72328 
72331 
72334 
72337 
72340 
72343 
72346 
72349 
72352 
72355 
72358 
72361 
72364 
72367 
72370 
72373 
72376 
72379 
72382 
72385 
72388 
72391 
72394 
72397 
72400 
72403 
72406 
72409 
72412 
72415 
72418 
72421 
72424 
72427 
72430 
72433 
72436 
72439 
72442 
72445 
72448 
72451 
72454 
72457 
72460 
72463 
72466 
72469 
72472 
72475 
72478 
72481 
72484 
72487 
72490 
72493 
72496 
72499 
72502 
72505 
72508 
72511 
72514 
72517 
72520 
72523 
72526 
72529 
72532 
72535 
72538 
72541 
72544 
72547 
72550 
72553 
72556 
72559 
72562 
72565 
72568 
72571 
72574 
72577 
72580 
72583 
72586 
72589 
72592 
72595 
72598 
72601 
72604 
72607 
72610 
72613 
72616 
72619 
72622 
72625 
72628 
72631 
72634 
72637 
72640 
72643 
72646 
72649 
72652 
72655 
72658 
72661 
72664 
72667 
72670 
72673 
72676 
72679 
72682 
72685 
72688 
72691 
72694 
72697 
72700 
72703 
72706 
72709 
72712 
72715 
72718 
72721 
72724 
72727 
72730 
72733 
72736 
72739 
72742 
72745 
72748 
72751 
72754 
72757 
72760 
72763 
72766 
72769 
72772 
72775 
72778 
72781 
72784 
72787 
72790 
72793 
72796 
72799 
72802 
72805 
72808 
72811 
72814 
72817 
72820 
72823 
72826 
72829 
72832 
72835 
72838 
72841 
72844 
72847 
72850 
72853 
72856 
72859 
72862 
72865 
72868 
72871 
72874 
72877 
72880 
72883 
72886 
72889 
72892 
72895 
72898 
72901 
72904 
72907 
72910 
72913 
72916 
72919 
72922 
72925 
72928 
72931 
72934 
72937 
72940 
72943 
72946 
72949 
72952 
72955 
72958 
72961 
72964 
72967 
72970 
72973 
72976 
72979 
72982 
72985 
72988 
72991 
72994 
72997 
73000 
73003 
73006 
73009 
73012 
73015 
73018 
73021 
73024 
73027 
73030 
73033 
73036 
73039 
73042 
73045 
73048 
73051 
73054 
73057 
73060 
73063 
73066 
73069 
73072 
73075 
73078 
73081 
73084 
73087 
73090 
73093 
73096 
73099 
73102 
73105 
73108 
73111 
73114 
73117 
73120 
73123 
73126 
73129 
73132 
73135 
73138 
73141 
73144 
73147 
73150 
73153 
73156 
73159 
73162 
73165 
73168 
73171 
73174 
73177 
73180 
73183 
73186 
73189 
73192 
73195 
73198 
73201 
73204 
73207 
73210 
73213 
73216 
73219 
73222 
73225 
73228 
73231 
73234 
73237 
73240 
73243 
73246 
73249 
73252 
73255 
73258 
73261 
73264 
73267 
73270 
73273 
73276 
73279 
73282 
73285 
73288 
73291 
73294 
73297 
73300 
73303 
73306 
73309 
73312 
73315 
73318 
73321 
73324 
73327 
73330 
73333 
73336 
73339 
73342 
73345 
73348 
73351 
73354 
73357 
73360 
73363 
73366 
73369 
73372 
73375 
73378 
73381 
73384 
73387 
73390 
73393 
73396 
73399 
73402 
73405 
73408 
73411 
73414 
73417 
73420 
73423 
73426 
73429 
73432 
73435 
73438 
73441 
73444 
73447 
73450 
73453 
73456 
73459 
73462 
73465 
73468 
73471 
73474 
73477 
73480 
73483 
73486 
73489 
73492 
73495 
73498 
73501 
73504 
73507 
73510 
73513 
73516 
73519 
73522 
73525 
73528 
73531 
73534 
73537 
73540 
73543 
73546 
73549 
73552 
73555 
73558 
73561 
73564 
73567 
73570 
73573 
73576 
73579 
73582 
73585 
73588 
73591 
73594 
73597 
73600 
73603 
73606 
73609 
73612 
73615 
73618 
73621 
73624 
73627 
73630 
73633 
73636 
73639 
73642 
73645 
73648 
73651 
73654 
73657 
73660 
73663 
73666 
73669 
73672 
73675 
73678 
73681 
73684 
73687 
73690 
73693 
73696 
73699 
73702 
73705 
73708 
73711 
73714 
73717 
73720 
73723 
73726 
73729 
73732 
73735 
73738 
73741 
73744 
73747 
73750 
73753 
73756 
73759 
73762 
73765 
73768 
73771 
73774 
73777 
73780 
73783 
73786 
73789 
73792 
73795 
73798 
73801 
73804 
73807 
73810 
73813 
73816 
73819 
73822 
73825 
73828 
73831 
73834 
73837 
73840 
73843 
73846 
73849 
73852 
73855 
73858 
73861 
73864 
73867 
73870 
73873 
73876 
73879 
73882 
73885 
73888 
73891 
73894 
73897 
73900 
73903 
73906 
73909 
73912 
73915 
73918 
73921 
73924 
73927 
73930 
73933 
73936 
73939 
73942 
73945 
73948 
73951 
73954 
73957 
73960 
73963 
73966 
73969 
73972 
73975 
73978 
73981 
73984 
73987 
73990 
73993 
73996 
73999 
74002 
74005 
74008 
74011 
74014 
74017 
74020 
74023 
74026 
74029 
74032 
74035 
74038 
74041 
74044 
74047 
74050 
74053 
74056 
74059 
74062 
74065 
74068 
74071 
74074 
74077 
74080 
74083 
74086 
74089 
74092 
74095 
74098 
74101 
74104 
74107 
74110 
74113 
74116 
74119 
74122 
74125 
74128 
74131 
74134 
74137 
74140 
74143 
74146 
74149 
74152 
74155 
74158 
74161 
74164 
74167 
74170 
74173 
74176 
74179 
74182 
74185 
74188 
74191 
74194 
74197 
74200 
74203 
74206 
74209 
74212 
74215 
74218 
74221 
74224 
74227 
74230 
74233 
74236 
74239 
74242 
74245 
74248 
74251 
74254 
74257 
74260 
74263 
74266 
74269 
74272 
74275 
74278 
74281 
74284 
74287 
74290 
74293 
74296 
74299 
74302 
74305 
74308 
74311 
74314 
74317 
74320 
74323 
74326 
74329 
74332 
74335 
74338 
74341 
74344 
74347 
74350 
74353 
74356 
74359 
74362 
74365 
74368 
74371 
74374 
74377 
74380 
74383 
74386 
74389 
74392 
74395 
74398 
74401 
74404 
74407 
74410 
74413 
74416 
74419 
74422 
74425 
74428 
74431 
74434 
74437 
74440 
74443 
74446 
74449 
74452 
74455 
74458 
74461 
74464 
74467 
74470 
74473 
74476 
74479 
74482 
74485 
74488 
74491 
74494 
74497 
74500 
74503 
74506 
74509 
74512 
74515 
74518 
74521 
74524 
74527 
74530 
74533 
74536 
74539 
74542 
74545 
74548 
74551 
74554 
74557 
74560 
74563 
74566 
74569 
74572 
74575 
74578 
74581 
74584 
74587 
74590 
74593 
74596 
74599 
74602 
74605 
74608 
74611 
74614 
74617 
74620 
74623 
74626 
74629 
74632 
74635 
74638 
74641 
74644 
74647 
74650 
74653 
74656 
74659 
74662 
74665 
74668 
74671 
74674 
74677 
74680 
74683 
74686 
74689 
74692 
74695 
74698 
74701 
74704 
74707 
74710 
74713 
74716 
74719 
74722 
74725 
74728 
74731 
74734 
74737 
74740 
74743 
74746 
74749 
74752 
74755 
74758 
74761 
74764 
74767 
74770 
74773 
74776 
74779 
74782 
74785 
74788 
74791 
74794 
74797 
74800 
74803 
74806 
74809 
74812 
74815 
74818 
74821 
74824 
74827 
74830 
74833 
74836 
74839 
74842 
74845 
74848 
74851 
74854 
74857 
74860 
74863 
74866 
74869 
74872 
74875 
74878 
74881 
74884 
74887 
74890 
74893 
74896 
74899 
74902 
74905 
74908 
74911 
74914 
74917 
74920 
74923 
74926 
74929 
74932 
74935 
74938 
74941 
74944 
74947 
74950 
74953 
74956 
74959 
74962 
74965 
74968 
74971 
74974 
74977 
74980 
74983 
74986 
74989 
74992 
74995 
74998 
75001 
75004 
75007 
75010 
75013 
75016 
75019 
75022 
75025 
75028 
75031 
75034 
75037 
75040 
75043 
75046 
75049 
75052 
75055 
75058 
75061 
75064 
75067 
75070 
75073 
75076 
75079 
75082 
75085 
75088 
75091 
75094 
75097 
75100 
75103 
75106 
75109 
75112 
75115 
75118 
75121 
75124 
75127 
75130 
75133 
75136 
75139 
75142 
75145 
75148 
75151 
75154 
75157 
75160 
75163 
75166 
75169 
75172 
75175 
75178 
75181 
75184 
75187 
75190 
75193 
75196 
75199 
75202 
75205 
75208 
75211 
75214 
75217 
75220 
75223 
75226 
75229 
75232 
75235 
75238 
75241 
75244 
75247 
75250 
75253 
75256 
75259 
75262 
75265 
75268 
75271 
75274 
75277 
75280 
75283 
75286 
75289 
75292 
75295 
75298 
75301 
75304 
75307 
75310 
75313 
75316 
75319 
75322 
75325 
75328 
75331 
75334 
75337 
75340 
75343 
75346 
75349 
75352 
75355 
75358 
75361 
75364 
75367 
75370 
75373 
75376 
75379 
75382 
75385 
75388 
75391 
75394 
75397 
75400 
75403 
75406 
75409 
75412 
75415 
75418 
75421 
75424 
75427 
75430 
75433 
75436 
75439 
75442 
75445 
75448 
75451 
75454 
75457 
75460 
75463 
75466 
75469 
75472 
75475 
75478 
75481 
75484 
75487 
75490 
75493 
75496 
75499 
75502 
75505 
75508 
75511 
75514 
75517 
75520 
75523 
75526 
75529 
75532 
75535 
75538 
75541 
75544 
75547 
75550 
75553 
75556 
75559 
75562 
75565 
75568 
75571 
75574 
75577 
75580 
75583 
75586 
75589 
75592 
75595 
75598 
75601 
75604 
75607 
75610 
75613 
75616 
75619 
75622 
75625 
75628 
75631 
75634 
75637 
75640 
75643 
75646 
75649 
75652 
75655 
75658 
75661 
75664 
75667 
75670 
75673 
75676 
75679 
75682 
75685 
75688 
75691 
75694 
75697 
75700 
75703 
75706 
75709 
75712 
75715 
75718 
75721 
75724 
75727 
75730 
75733 
75736 
75739 
75742 
75745 
75748 
75751 
75754 
75757 
75760 
75763 
75766 
75769 
75772 
75775 
75778 
75781 
75784 
75787 
75790 
75793 
75796 
75799 
75802 
75805 
75808 
75811 
75814 
75817 
75820 
75823 
75826 
75829 
75832 
75835 
75838 
75841 
75844 
75847 
75850 
75853 
75856 
75859 
75862 
75865 
75868 
75871 
75874 
75877 
75880 
75883 
75886 
75889 
75892 
75895 
75898 
75901 
75904 
75907 
75910 
75913 
75916 
75919 
75922 
75925 
75928 
75931 
75934 
75937 
75940 
75943 
75946 
75949 
75952 
75955 
75958 
75961 
75964 
75967 
75970 
75973 
75976 
75979 
75982 
75985 
75988 
75991 
75994 
75997 
76000 
76003 
76006 
76009 
76012 
76015 
76018 
76021 
76024 
76027 
76030 
76033 
76036 
76039 
76042 
76045 
76048 
76051 
76054 
76057 
76060 
76063 
76066 
76069 
76072 
76075 
76078 
76081 
76084 
76087 
76090 
76093 
76096 
76099 
76102 
76105 
76108 
76111 
76114 
76117 
76120 
76123 
76126 
76129 
76132 
76135 
76138 
76141 
76144 
76147 
76150 
76153 
76156 
76159 
76162 
76165 
76168 
76171 
76174 
76177 
76180 
76183 
76186 
76189 
76192 
76195 
76198 
76201 
76204 
76207 
