1 
4 
7 
10 
12 
16 
20 
22 
25 
28 
31 
34 
37 
40 
43 
46 
50 
52 
54 
56 
58 
60 
62 
64 
66 
68 
70 
72 
74 
76 
80 
82 
85 
88 
91 
94 
97 
100 
103 
106 
109 
112 
114 
117 
120 
123 
126 
129 
132 
135 
138 
141 
143 
145 
147 
149 
151 
153 
157 
159 
161 
164 
168 
170 
172 
175 
179 
181 
183 
187 
189 
193 
195 
199 
201 
203 
207 
211 
213 
215 
219 
221 
225 
227 
229 
231 
232 
234 
236 
238 
242 
245 
247 
250 
253 
256 
259 
262 
265 
268 
271 
274 
277 
280 
283 
286 
289 
292 
295 
298 
301 
304 
307 
310 
313 
316 
319 
322 
324 
327 
330 
333 
335 
338 
341 
344 
347 
350 
353 
356 
358 
361 
364 
366 
369 
372 
375 
378 
381 
383 
386 
389 
391 
393 
396 
399 
402 
405 
408 
411 
414 
417 
420 
424 
426 
428 
430 
434 
438 
440 
442 
446 
448 
452 
454 
456 
458 
460 
462 
463 
465 
469 
473 
475 
477 
479 
481 
483 
485 
486 
488 
489 
491 
493 
495 
499 
503 
505 
507 
509 
511 
513 
514 
516 
518 
520 
522 
523 
525 
529 
531 
535 
537 
538 
540 
542 
544 
546 
550 
551 
553 
555 
557 
559 
563 
565 
567 
568 
570 
572 
574 
576 
580 
582 
586 
588 
590 
592 
594 
596 
598 
600 
602 
604 
606 
607 
609 
613 
615 
619 
621 
623 
625 
627 
629 
631 
635 
637 
639 
641 
643 
647 
649 
652 
654 
656 
660 
662 
665 
669 
671 
673 
677 
679 
681 
683 
685 
687 
688 
691 
694 
697 
700 
703 
706 
708 
711 
714 
717 
720 
722 
725 
728 
731 
733 
735 
738 
741 
744 
746 
749 
752 
755 
758 
761 
764 
767 
770 
773 
776 
779 
782 
785 
788 
791 
794 
797 
800 
803 
806 
809 
812 
815 
818 
821 
824 
827 
830 
833 
836 
838 
841 
844 
847 
849 
852 
855 
858 
861 
864 
867 
870 
873 
876 
879 
882 
884 
887 
890 
893 
896 
899 
902 
905 
907 
910 
913 
916 
919 
922 
925 
928 
931 
933 
936 
939 
942 
945 
948 
951 
954 
957 
960 
963 
966 
968 
971 
974 
977 
979 
982 
985 
988 
991 
994 
997 
1000 
1003 
1006 
1009 
1012 
1015 
1017 
1019 
1022 
1025 
1028 
1031 
1034 
1037 
1039 
1042 
1045 
1048 
1051 
1054 
1057 
1060 
1063 
1066 
1069 
1072 
1074 
1077 
1080 
1083 
1086 
1088 
1091 
1094 
1096 
1099 
1102 
1105 
1108 
1111 
1114 
1117 
1120 
1123 
1126 
1127 
1129 
1131 
1133 
1135 
1137 
1141 
1143 
1147 
1149 
1153 
1155 
1157 
1159 
1161 
1163 
1165 
1167 
1169 
1171 
1172 
1174 
1176 
1180 
1182 
1186 
1188 
1190 
1192 
1194 
1196 
1200 
1202 
1204 
1206 
1208 
1210 
1213 
1215 
1219 
1221 
1223 
1226 
1230 
1232 
1234 
1238 
1240 
1244 
1246 
1248 
1250 
1252 
1253 
1255 
1257 
1259 
1261 
1263 
1265 
1267 
1271 
1273 
1275 
1278 
1280 
1282 
1284 
1288 
1290 
1292 
1296 
1298 
1300 
1304 
1306 
1308 
1312 
1314 
1316 
1320 
1322 
1324 
1326 
1328 
1330 
1331 
1333 
1335 
1337 
1339 
1341 
1343 
1347 
1349 
1351 
1354 
1356 
1358 
1360 
1362 
1366 
1370 
1372 
1374 
1378 
1380 
1382 
1386 
1388 
1392 
1394 
1396 
1398 
1400 
1401 
1403 
1407 
1409 
1411 
1413 
1415 
1417 
1419 
1421 
1424 
1426 
1428 
1432 
1434 
1436 
1440 
1444 
1446 
1448 
1450 
1452 
1454 
1456 
1458 
1461 
1463 
1465 
1469 
1471 
1473 
1477 
1479 
1481 
1483 
1484 
1486 
1488 
1490 
1494 
1498 
1500 
1502 
1506 
1508 
1510 
1513 
1515 
1519 
1521 
1523 
1525 
1527 
1529 
1530 
1532 
1536 
1538 
1540 
1542 
1544 
1546 
1548 
1552 
1554 
1556 
1559 
1561 
1565 
1567 
1569 
1572 
1574 
1578 
1580 
1584 
1586 
1590 
1592 
1594 
1598 
1600 
1604 
1606 
1608 
1610 
1612 
1613 
1615 
1619 
1621 
1623 
1625 
1627 
1629 
1631 
1633 
1636 
1638 
1640 
1642 
1646 
1648 
1650 
1654 
1658 
1660 
1662 
1664 
1666 
1668 
1670 
1672 
1674 
1677 
1679 
1683 
1685 
1687 
1691 
1692 
1694 
1696 
1698 
1700 
1702 
1706 
1708 
1710 
1711 
1713 
1714 
1718 
1720 
1724 
1726 
1728 
1730 
1732 
1734 
1736 
1740 
1742 
1744 
1745 
1747 
1749 
1751 
1753 
1755 
1757 
1759 
1763 
1767 
1769 
1771 
1773 
1775 
1777 
1779 
1781 
1784 
1786 
1789 
1791 
1793 
1796 
1800 
1802 
1804 
1808 
1811 
1814 
1816 
1819 
1822 
1825 
1828 
1831 
1834 
1837 
1840 
1843 
1846 
1849 
1852 
1855 
1858 
1861 
1864 
1866 
1869 
1872 
1875 
1877 
1880 
1883 
1886 
1889 
1892 
1895 
1898 
1901 
1904 
1907 
1910 
1912 
1915 
1918 
1921 
1924 
1927 
1930 
1932 
1935 
1937 
1940 
1943 
1946 
1949 
1952 
1955 
1958 
1961 
1964 
1967 
1969 
1972 
1975 
1977 
1980 
1983 
1986 
1989 
1991 
1994 
1997 
2000 
2003 
2006 
2009 
2012 
2015 
2018 
2021 
2024 
2026 
2029 
2032 
2035 
2038 
2041 
2044 
2047 
2050 
2053 
2056 
2059 
2062 
2065 
2068 
2071 
2074 
2076 
2079 
2081 
2084 
2087 
2090 
2093 
2096 
2098 
2101 
2104 
2107 
2110 
2113 
2116 
2118 
2121 
2124 
2127 
2130 
2133 
2136 
2139 
2142 
2145 
2148 
2150 
2153 
2156 
2159 
2162 
2165 
2168 
2171 
2174 
2177 
2180 
2183 
2186 
2189 
2192 
2194 
2197 
2200 
2203 
2205 
2208 
2211 
2214 
2217 
2220 
2223 
2225 
2228 
2231 
2234 
2237 
2239 
2242 
2245 
2248 
2251 
2254 
2257 
2260 
2263 
2266 
2269 
2272 
2275 
2278 
2281 
2283 
2286 
2289 
2292 
2295 
2298 
2301 
2304 
2307 
2310 
2313 
2316 
2319 
2322 
2325 
2328 
2331 
2333 
2336 
2339 
2342 
2345 
2348 
2351 
2353 
2356 
2359 
2362 
2365 
2368 
2371 
2374 
2377 
2380 
2383 
2386 
2389 
2392 
2395 
2397 
2400 
2402 
2405 
2408 
2411 
2414 
2417 
2420 
2423 
2426 
2429 
2432 
2435 
2438 
2440 
2443 
2446 
2449 
2452 
2455 
2457 
2460 
2463 
2466 
2468 
2471 
2474 
2477 
2480 
2483 
2486 
2489 
2492 
2495 
2497 
2500 
2503 
2506 
2509 
2512 
2515 
2518 
2521 
2524 
2527 
2530 
2533 
2536 
2539 
2542 
2545 
2548 
2551 
2553 
2555 
2558 
2561 
2564 
2566 
2569 
2572 
2575 
2578 
2581 
2584 
2586 
2589 
2592 
2595 
2598 
2600 
2603 
2606 
2609 
2612 
2615 
2618 
2621 
2624 
2627 
2630 
2633 
2636 
2639 
2642 
2644 
2647 
2650 
2653 
2656 
2659 
2662 
2665 
2668 
2671 
2674 
2677 
2680 
2683 
2686 
2689 
2692 
2695 
2697 
2700 
2703 
2706 
2709 
2712 
2715 
2717 
2720 
2723 
2726 
2729 
2732 
2735 
2738 
2741 
2744 
2747 
2750 
2753 
2756 
2759 
2761 
2764 
2767 
2770 
2773 
2775 
2778 
2781 
2784 
2787 
2790 
2793 
2796 
2799 
2802 
2805 
2808 
2811 
2814 
2817 
2820 
2823 
2826 
2829 
2831 
2834 
2837 
2840 
2843 
2846 
2849 
2851 
2854 
2856 
2859 
2862 
2865 
2868 
2871 
2874 
2877 
2880 
2883 
2886 
2889 
2892 
2894 
2897 
2900 
2903 
2906 
2909 
2912 
2915 
2918 
2921 
2924 
2926 
2929 
2932 
2935 
2938 
2941 
2944 
2947 
2950 
2952 
2956 
2958 
2960 
2964 
2966 
2968 
2972 
2974 
2977 
2979 
2981 
2983 
2984 
2986 
2988 
2990 
2994 
2996 
2998 
3000 
3002 
3004 
3005 
3007 
3011 
3013 
3015 
3017 
3019 
3021 
3023 
3027 
3029 
3033 
3035 
3037 
3040 
3042 
3044 
3048 
3050 
3053 
3057 
3059 
3061 
3063 
3067 
3071 
3073 
3075 
3079 
3081 
3083 
3085 
3087 
3089 
3090 
3094 
3096 
3098 
3100 
3102 
3104 
3106 
3108 
3111 
3113 
3115 
3119 
3121 
3123 
3127 
3131 
3133 
3135 
3137 
3139 
3141 
3143 
3145 
3147 
3150 
3152 
3154 
3158 
3160 
3162 
3166 
3167 
3169 
3171 
3172 
3176 
3178 
3180 
3181 
3183 
3185 
3187 
3189 
3193 
3195 
3199 
3201 
3203 
3205 
3206 
3208 
3210 
3212 
3214 
3216 
3218 
3222 
3226 
3228 
3230 
3232 
3234 
3236 
3238 
3242 
3244 
3246 
3248 
3250 
3252 
3254 
3256 
3259 
3261 
3264 
3266 
3268 
3271 
3275 
3277 
3279 
3283 
3287 
3289 
3291 
3293 
3297 
3300 
3302 
3304 
3308 
3310 
3314 
3316 
3318 
3320 
3322 
3324 
3325 
3327 
3331 
3335 
3337 
3339 
3341 
3343 
3345 
3347 
3348 
3350 
3354 
3356 
3360 
3362 
3363 
3365 
3367 
3369 
3371 
3375 
3377 
3378 
3380 
3382 
3384 
3386 
3388 
3392 
3394 
3398 
3400 
3402 
3404 
3406 
3408 
3410 
3414 
3416 
3418 
3419 
3421 
3423 
3425 
3427 
3429 
3431 
3435 
3439 
3441 
3443 
3445 
3447 
3449 
3451 
3453 
3456 
3458 
3461 
3463 
3465 
3468 
3472 
3474 
3476 
3480 
3482 
3486 
3488 
3490 
3494 
3497 
3499 
3501 
3505 
3507 
3511 
3513 
3515 
3517 
3518 
3520 
3522 
3524 
3528 
3532 
3534 
3536 
3538 
3540 
3542 
3544 
3548 
3550 
3554 
3556 
3558 
3562 
3563 
3565 
3567 
3569 
3571 
3573 
3574 
3576 
3578 
3580 
3582 
3586 
3588 
3592 
3594 
3596 
3598 
3600 
3602 
3604 
3606 
3610 
3614 
3616 
3618 
3620 
3622 
3624 
3626 
3630 
3632 
3634 
3636 
3638 
3640 
3642 
3644 
3647 
3649 
3652 
3654 
3656 
3659 
3663 
3665 
3667 
3671 
3673 
3675 
3677 
3679 
3681 
3683 
3687 
3689 
3691 
3695 
3697 
3699 
3702 
3706 
3708 
3710 
3714 
3716 
3720 
3722 
3724 
3726 
3728 
3732 
3734 
3738 
3740 
3742 
3744 
3745 
3747 
3749 
3750 
3752 
3756 
3758 
3762 
3764 
3766 
3767 
3769 
3771 
3773 
3775 
3777 
3779 
3781 
3783 
3787 
3789 
3791 
3794 
3798 
3800 
3802 
3806 
3808 
3810 
3814 
3816 
3820 
3822 
3824 
3826 
3828 
3832 
3834 
3838 
3840 
3842 
3844 
3846 
3847 
3848 
3850 
3852 
3856 
3858 
3862 
3864 
3866 
3867 
3869 
3871 
3875 
3877 
3879 
3881 
3885 
3887 
3890 
3894 
3896 
3898 
3902 
3904 
3906 
3908 
3910 
3912 
3913 
3914 
3916 
3918 
3920 
3922 
3924 
3928 
3930 
3934 
3936 
3938 
3940 
3941 
3943 
3945 
3947 
3951 
3953 
3957 
3959 
3960 
3962 
3964 
3968 
3970 
3972 
3974 
3976 
3978 
3981 
3983 
3987 
3989 
3991 
3994 
3998 
4000 
4002 
4006 
4008 
4012 
4014 
4016 
4018 
4020 
4021 
4023 
4025 
4029 
4031 
4033 
4037 
4041 
4043 
4045 
4049 
4051 
4055 
4057 
4059 
4061 
4062 
4064 
4066 
4068 
4072 
4076 
4077 
4079 
4081 
4083 
4085 
4087 
4090 
4091 
4093 
4095 
4097 
4099 
4100 
4102 
4106 
4108 
4112 
4114 
4116 
4118 
4122 
4123 
4125 
4127 
4129 
4131 
4135 
4137 
4139 
4140 
4142 
4144 
4146 
4148 
4152 
4154 
4156 
4158 
4160 
4162 
4164 
4166 
4170 
4174 
4176 
4178 
4180 
4182 
4184 
4186 
4190 
4192 
4194 
4196 
4198 
4200 
4202 
4204 
4207 
4209 
4212 
4214 
4216 
4219 
4223 
4225 
4227 
4231 
4233 
4235 
4237 
4239 
4241 
4243 
4247 
4248 
4250 
4254 
4256 
4258 
4261 
4265 
4267 
4269 
4273 
4275 
4279 
4281 
4283 
4285 
4287 
4291 
4293 
4297 
4299 
4303 
4305 
4307 
4309 
4310 
4312 
4314 
4315 
4317 
4321 
4323 
4327 
4329 
4331 
4332 
4334 
4336 
4338 
4340 
4342 
4344 
4346 
4348 
4352 
4354 
4355 
4358 
4362 
4364 
4366 
4370 
4372 
4374 
4378 
4380 
4384 
4388 
4390 
4392 
4394 
4396 
4398 
4402 
4404 
4406 
4408 
4410 
4411 
4412 
4413 
4415 
4419 
4421 
4425 
4427 
4429 
4430 
4432 
4434 
4438 
4440 
4442 
4446 
4449 
4451 
4453 
4457 
4459 
4461 
4463 
4465 
4466 
4468 
4470 
4472 
4476 
4480 
4482 
4484 
4488 
4490 
4492 
4494 
4496 
4498 
4499 
4501 
4505 
4507 
4509 
4511 
4513 
4514 
4516 
4520 
4522 
4526 
4528 
4530 
4533 
4536 
4538 
4540 
4543 
4545 
4547 
4549 
4551 
4553 
4555 
4557 
4561 
4563 
4565 
4568 
4572 
4574 
4576 
4580 
4582 
4584 
4588 
4590 
4592 
4596 
4597 
4601 
4603 
4605 
4607 
4609 
4610 
4612 
4614 
4615 
4617 
4619 
4621 
4623 
4627 
4629 
4631 
4634 
4638 
4640 
4642 
4645 
4646 
4648 
4652 
4654 
4658 
4659 
4661 
4663 
4664 
4668 
4670 
4672 
4674 
4676 
4678 
4682 
4684 
4688 
4690 
4692 
4694 
4695 
4697 
4699 
4701 
4702 
4703 
4705 
4707 
4711 
4713 
4716 
4718 
4720 
4721 
4722 
4724 
4727 
4730 
4733 
4736 
4739 
4741 
4743 
4746 
4749 
4752 
4755 
4758 
4760 
4763 
4766 
4768 
4771 
4774 
4777 
4779 
4782 
4785 
4788 
4791 
4794 
4796 
4799 
4802 
4805 
4808 
4811 
4814 
4817 
4820 
4823 
4825 
4828 
4831 
4834 
4837 
4840 
4843 
4846 
4849 
4852 
4855 
4858 
4861 
4864 
4867 
4870 
4873 
4876 
4879 
4882 
4884 
4887 
4889 
4891 
4894 
4897 
4900 
4903 
4906 
4909 
4911 
4914 
4917 
4920 
4923 
4925 
4928 
4931 
4934 
4937 
4940 
4943 
4946 
4949 
4952 
4955 
4958 
4961 
4964 
4967 
4969 
4972 
4975 
4978 
4981 
4984 
4987 
4990 
4993 
4996 
4999 
5001 
5004 
5007 
5010 
5013 
5016 
5018 
5021 
5024 
5027 
5029 
5032 
5035 
5037 
5040 
5043 
5046 
5049 
5052 
5055 
5058 
5061 
5064 
5067 
5070 
5073 
5076 
5079 
5082 
5084 
5087 
5090 
5093 
5096 
5099 
5102 
5105 
5108 
5111 
5113 
5116 
5119 
5122 
5125 
5128 
5131 
5134 
5137 
5140 
5143 
5146 
5149 
5151 
5154 
5157 
5160 
5163 
5166 
5169 
5172 
5175 
5178 
5180 
5183 
5186 
5188 
5191 
5193 
5195 
5198 
5201 
5204 
5207 
5209 
5210 
5213 
5216 
5219 
5222 
5225 
5228 
5231 
5234 
5237 
5240 
5243 
5245 
5248 
5251 
5254 
5257 
5260 
5262 
5265 
5267 
5269 
5272 
5275 
5278 
5281 
5284 
5287 
5289 
5292 
5295 
5298 
5301 
5304 
5307 
5310 
5312 
5314 
5317 
5320 
5323 
5325 
5328 
5331 
5334 
5337 
5340 
5342 
5345 
5348 
5351 
5354 
5357 
5360 
5363 
5366 
5368 
5371 
5374 
5377 
5380 
5383 
5386 
5389 
5392 
5395 
5398 
5401 
5404 
5406 
5409 
5412 
5415 
5418 
5421 
5424 
5427 
5430 
5433 
5436 
5438 
5439 
5442 
5445 
5448 
5451 
5454 
5457 
5460 
5463 
5466 
5469 
5472 
5475 
5477 
5480 
5483 
5486 
5489 
5492 
5494 
5497 
5499 
5502 
5505 
5508 
5511 
5514 
5517 
5520 
5523 
5526 
5529 
5532 
5535 
5537 
5540 
5543 
5546 
5549 
5552 
5555 
5558 
5561 
5563 
5566 
5568 
5571 
5574 
5577 
5580 
5583 
5586 
5589 
5592 
5594 
5597 
5600 
5603 
5606 
5609 
5612 
5615 
5617 
5620 
5623 
5626 
5629 
5632 
5635 
5638 
5640 
5643 
5646 
5648 
5650 
5653 
5656 
5659 
5662 
5665 
5667 
5670 
5673 
5676 
5679 
5682 
5685 
5688 
5691 
5693 
5696 
5699 
5702 
5705 
5708 
5711 
5714 
5717 
5720 
5723 
5726 
5729 
5732 
5735 
5738 
5741 
5743 
5746 
5749 
5752 
5755 
5758 
5759 
5761 
5764 
5767 
5770 
5773 
5776 
5779 
5782 
5785 
5788 
5790 
5793 
5796 
5799 
5802 
5805 
5808 
5811 
5814 
5817 
5820 
5823 
5826 
5828 
5831 
5833 
5836 
5839 
5842 
5845 
5848 
5850 
5853 
5856 
5859 
5862 
5865 
5868 
5871 
5873 
5876 
5879 
5882 
5885 
5887 
5890 
5893 
5896 
5899 
5902 
5905 
5908 
5911 
5913 
5916 
5918 
5921 
5924 
5927 
5930 
5933 
5936 
5939 
5942 
5945 
5948 
5951 
5954 
5957 
5960 
5963 
5966 
5968 
5971 
5974 
5977 
5980 
5983 
5986 
5988 
5991 
5993 
5996 
5998 
6001 
6004 
6007 
6010 
6013 
6016 
6019 
6021 
6023 
6026 
6029 
6032 
6034 
6037 
6040 
6043 
6046 
6049 
6052 
6055 
6058 
6061 
6064 
6067 
6069 
6072 
6075 
6078 
6080 
6083 
6086 
6089 
6092 
6095 
6098 
6101 
6104 
6107 
6110 
6113 
6116 
6118 
6121 
6124 
6127 
6130 
6133 
6136 
6139 
6142 
6145 
6147 
6150 
6152 
6155 
6158 
6161 
6163 
6166 
6169 
6172 
6175 
6178 
6181 
6184 
6186 
6188 
6191 
6194 
6197 
6200 
6202 
6205 
6208 
6211 
6214 
6217 
6220 
6223 
6226 
6229 
6232 
6235 
6237 
6240 
6243 
6246 
6249 
6252 
6255 
6258 
6261 
6263 
6266 
6269 
6272 
6275 
6277 
6280 
6283 
6285 
6288 
6291 
6294 
6297 
6300 
6303 
6306 
6309 
6312 
6315 
6318 
6320 
6322 
6325 
6328 
6331 
6334 
6337 
6340 
6342 
6345 
6348 
6351 
6354 
6357 
6360 
6363 
6366 
6369 
6372 
6374 
6377 
6380 
6383 
6386 
6389 
6392 
6395 
6398 
6401 
6404 
6406 
6409 
6411 
6414 
6417 
6420 
6423 
6426 
6429 
6432 
6435 
6438 
6441 
6443 
6446 
6449 
6451 
6454 
6457 
6460 
6463 
6465 
6468 
6471 
6474 
6477 
6480 
6483 
6486 
6489 
6492 
6495 
6498 
6500 
6503 
6506 
6509 
6512 
6515 
6517 
6520 
6523 
6525 
6528 
6531 
6534 
6537 
6540 
6542 
6545 
6548 
6550 
6552 
6555 
6558 
6561 
6564 
6567 
6570 
6573 
6576 
6579 
6582 
6585 
6588 
6590 
6593 
6596 
6599 
6602 
6605 
6608 
6611 
6613 
6616 
6619 
6622 
6625 
6628 
6631 
6634 
6637 
6640 
6643 
6646 
6649 
6652 
6655 
6658 
6661 
6664 
6666 
6669 
6672 
6675 
6677 
6680 
6683 
6686 
6689 
6692 
6694 
6697 
6700 
6703 
6706 
6709 
6712 
6714 
6717 
6720 
6723 
6726 
6729 
6732 
6735 
6738 
6741 
6744 
6747 
6750 
6752 
6755 
6757 
6760 
6763 
6766 
6769 
6772 
6774 
6777 
6780 
6783 
6786 
6789 
6792 
6795 
6798 
6801 
6804 
6807 
6810 
6812 
6815 
6818 
6821 
6824 
6827 
6830 
6833 
6836 
6838 
6841 
6843 
6846 
6849 
6852 
6855 
6858 
6861 
6864 
6867 
6870 
6873 
6876 
6879 
6882 
6885 
6888 
6890 
6893 
6896 
6899 
6902 
6904 
6907 
6909 
6912 
6914 
6917 
6919 
6922 
6925 
6928 
6931 
6933 
6936 
6939 
6942 
6945 
6948 
6951 
6954 
6956 
6959 
6962 
6965 
6967 
6970 
6973 
6976 
6979 
6982 
6985 
6988 
6991 
6994 
6997 
7000 
7002 
7005 
7008 
7011 
7013 
7016 
7019 
7022 
7025 
7028 
7031 
7034 
7037 
7040 
7043 
7046 
7048 
7051 
7054 
7057 
7060 
7063 
7066 
7069 
7072 
7075 
7077 
7080 
7082 
7085 
7088 
7091 
7093 
7096 
7099 
7102 
7105 
7108 
7111 
7114 
7117 
7120 
7123 
7126 
7129 
7132 
7134 
7137 
7140 
7143 
7146 
7149 
7152 
7155 
7158 
7161 
7164 
7166 
7169 
7172 
7175 
7178 
7181 
7184 
7187 
7190 
7192 
7195 
7198 
7200 
7203 
7205 
7207 
7210 
7212 
7214 
7217 
7220 
7223 
7226 
7229 
7232 
7235 
7238 
7241 
7244 
7247 
7250 
7253 
7256 
7258 
7261 
7264 
7267 
7270 
7273 
7276 
7279 
7282 
7285 
7288 
7291 
7294 
7296 
7299 
7302 
7305 
7308 
7311 
7314 
7317 
7319 
7322 
7325 
7328 
7331 
7334 
7337 
7339 
7341 
7344 
7347 
7350 
7352 
7355 
7357 
7360 
7363 
7366 
7368 
7371 
7374 
7377 
7380 
7383 
7386 
7389 
7392 
7395 
7398 
7400 
7403 
7406 
7409 
7412 
7415 
7418 
7421 
7424 
7426 
7429 
7432 
7435 
7438 
7440 
7443 
7446 
7449 
7452 
7455 
7458 
7461 
7464 
7467 
7469 
7472 
7475 
7478 
7481 
7484 
7486 
7489 
7492 
7495 
7498 
7501 
7503 
7506 
7509 
7512 
7515 
7518 
7521 
7524 
7526 
7529 
7531 
7534 
7537 
7540 
7542 
7545 
7548 
7551 
7554 
7557 
7560 
7563 
7566 
7569 
7572 
7575 
7578 
7581 
7583 
7586 
7589 
7592 
7595 
7598 
7601 
7604 
7606 
7609 
7612 
7615 
7618 
7621 
7624 
7627 
7630 
7633 
7636 
7638 
7641 
7643 
7644 
7645 
7647 
7649 
7651 
7655 
7657 
7661 
7663 
7665 
7667 
7669 
7671 
7673 
7677 
7679 
7683 
7685 
7687 
7689 
7691 
7693 
7695 
7699 
7700 
7702 
7704 
7708 
7710 
7713 
7715 
7717 
7721 
7723 
7727 
7729 
7731 
7735 
7737 
7739 
7741 
7743 
7745 
7746 
7748 
7752 
7754 
7756 
7759 
7763 
7765 
7767 
7771 
7773 
7777 
7779 
7781 
7783 
7785 
7786 
7788 
7792 
7794 
7796 
7798 
7802 
7806 
7808 
7810 
7814 
7816 
7820 
7822 
7824 
7826 
7828 
7830 
7831 
7833 
7837 
7839 
7840 
7842 
7843 
7845 
7847 
7849 
7853 
7857 
7858 
7859 
7861 
7863 
7865 
7867 
7870 
7872 
7876 
7878 
7879 
7881 
7883 
7885 
7887 
7891 
7893 
7895 
7896 
7898 
7900 
7902 
7904 
7906 
7910 
7912 
7916 
7918 
7922 
7924 
7926 
7928 
7930 
7932 
7934 
7936 
7938 
7940 
7942 
7944 
7946 
7950 
7954 
7956 
7958 
7960 
7962 
7964 
7966 
7968 
7971 
7973 
7976 
7978 
7980 
7983 
7987 
7989 
7991 
7995 
7997 
7999 
8001 
8003 
8005 
8007 
8011 
8013 
8015 
8019 
8021 
8022 
8025 
8029 
8031 
8033 
8037 
8039 
8043 
8045 
8047 
8049 
8051 
8055 
8057 
8061 
8063 
8065 
8067 
8068 
8070 
8071 
8073 
8077 
8079 
8083 
8085 
8087 
8088 
8090 
8092 
8094 
8096 
8098 
8100 
8102 
8104 
8108 
8110 
8113 
8117 
8119 
8121 
8125 
8127 
8129 
8133 
8135 
8139 
8143 
8145 
8147 
8149 
8151 
8153 
8157 
8159 
8163 
8165 
8167 
8169 
8171 
8172 
8173 
8175 
8177 
8181 
8183 
8187 
8189 
8191 
8192 
8194 
8196 
8200 
8202 
8204 
8208 
8210 
8212 
8214 
8215 
8217 
8219 
8221 
8225 
8229 
8231 
8233 
8237 
8240 
8242 
8244 
8246 
8250 
8252 
8254 
8256 
8258 
8260 
8261 
8263 
8267 
8269 
8271 
8273 
8275 
8277 
8279 
8283 
8285 
8289 
8291 
8293 
8296 
8300 
8302 
8304 
8306 
8310 
8312 
8315 
8319 
8321 
8322 
8326 
8328 
8330 
8332 
8334 
8336 
8337 
8339 
8341 
8343 
8345 
8347 
8351 
8353 
8355 
8358 
8360 
8364 
8366 
8368 
8370 
8371 
8373 
8375 
8377 
8379 
8381 
8385 
8387 
8389 
8391 
8394 
8398 
8400 
8402 
8406 
8408 
8412 
8414 
8416 
8418 
8420 
8424 
8426 
8428 
8429 
8430 
8432 
8436 
8438 
8442 
8444 
8446 
8447 
8449 
8451 
8453 
8454 
8456 
8458 
8459 
8461 
8465 
8467 
8469 
8471 
8472 
8474 
8475 
8477 
8479 
8481 
8483 
8485 
8489 
8491 
8495 
8497 
8501 
8503 
8505 
8506 
8508 
8510 
8512 
8514 
8515 
8517 
8518 
8520 
8524 
8526 
8530 
8532 
8534 
8536 
8538 
8540 
8544 
8546 
8548 
8550 
8552 
8554 
8557 
8559 
8563 
8565 
8567 
8570 
8574 
8576 
8578 
8582 
8584 
8586 
8588 
8590 
8592 
8593 
8595 
8597 
8599 
8600 
8602 
8604 
8606 
8610 
8612 
8614 
8617 
8619 
8621 
8623 
8625 
8629 
8631 
8635 
8637 
8641 
8643 
8645 
8647 
8649 
8650 
8652 
8656 
8658 
8660 
8662 
8664 
8666 
8668 
8670 
8673 
8675 
8677 
8681 
8683 
8685 
8689 
8693 
8695 
8697 
8699 
8700 
8702 
8704 
8706 
8708 
8712 
8716 
8718 
8720 
8724 
8727 
8729 
8733 
8735 
8737 
8738 
8739 
8741 
8743 
8745 
8749 
8751 
8753 
8755 
8757 
8759 
8761 
8765 
8767 
8771 
8773 
8775 
8778 
8781 
8783 
8784 
8788 
8790 
8792 
8794 
8796 
8798 
8800 
8802 
8806 
8808 
8810 
8813 
8815 
8819 
8821 
8823 
8827 
8829 
8831 
8835 
8837 
8841 
8843 
8845 
8847 
8849 
8850 
8852 
8854 
8856 
8858 
8860 
8862 
8864 
8868 
8870 
8872 
8875 
8879 
8881 
8883 
8887 
8889 
8891 
8895 
8897 
8901 
8902 
8904 
8906 
8907 
8911 
8913 
8915 
8917 
8919 
8921 
8925 
8929 
8931 
8933 
8935 
8936 
8938 
8940 
8942 
8943 
8944 
8946 
8948 
8952 
8954 
8958 
8960 
8962 
8963 
8965 
8967 
8971 
8973 
8975 
8976 
8978 
8980 
8982 
8984 
8988 
8990 
8994 
8996 
8997 
8999 
9001 
9003 
9005 
9006 
9008 
9010 
9011 
9013 
9017 
9019 
9023 
9025 
9027 
9029 
9031 
9033 
9035 
9039 
9041 
9043 
9045 
9047 
9051 
9053 
9056 
9058 
9060 
9064 
9066 
9069 
9073 
9075 
9077 
9079 
9081 
9083 
9085 
9087 
9088 
9090 
9092 
9093 
9095 
9097 
9099 
9103 
9104 
9106 
9109 
9111 
9113 
9117 
9119 
9121 
9123 
9127 
9129 
9130 
9132 
9134 
9136 
9137 
9141 
9143 
9144 
9146 
9148 
9150 
9152 
9154 
9156 
9160 
9164 
9166 
9168 
9170 
9172 
9174 
9176 
9178 
9181 
9183 
9185 
9189 
9191 
9193 
9197 
9201 
9203 
9205 
9209 
9212 
9214 
9218 
9220 
9222 
9224 
9226 
9227 
9228 
9230 
9234 
9236 
9237 
9239 
9241 
9243 
9244 
9248 
9250 
9254 
9256 
9258 
9260 
9264 
9266 
9269 
9273 
9275 
9276 
9280 
9282 
9284 
9286 
9288 
9290 
9291 
9293 
9295 
9297 
9299 
9301 
9303 
9307 
9309 
9311 
9314 
9316 
9320 
9322 
9324 
9325 
9329 
9331 
9333 
9335 
9337 
9339 
9341 
9345 
9347 
9349 
9353 
9355 
9357 
9360 
9364 
9366 
9368 
9372 
9374 
9378 
9380 
9382 
9384 
9386 
9390 
9392 
9393 
9394 
9396 
9400 
9402 
9406 
9408 
9410 
9411 
9413 
9415 
9417 
9418 
9420 
9422 
9423 
9425 
9429 
9431 
9435 
9437 
9439 
9440 
9442 
9444 
9448 
9450 
9452 
9454 
9458 
9462 
9464 
9466 
9470 
9472 
9476 
9478 
9480 
9482 
9484 
9486 
9487 
9489 
9492 
9496 
9498 
9500 
9501 
9502 
9503 
9505 
9507 
9509 
9513 
9517 
9518 
9520 
9522 
9524 
9526 
9527 
9529 
9531 
9533 
9534 
9536 
9540 
9542 
9546 
9548 
9549 
9551 
9553 
9555 
9557 
9561 
9563 
9565 
9567 
9569 
9571 
9575 
9577 
9579 
9580 
9584 
9586 
9588 
9590 
9592 
9594 
9595 
9597 
9599 
9603 
9605 
9607 
9609 
9611 
9613 
9617 
9619 
9621 
9625 
9627 
9631 
9632 
9634 
9638 
9640 
9644 
9646 
9648 
9650 
9652 
9653 
9655 
9659 
9661 
9663 
9665 
9667 
9669 
9671 
9673 
9675 
9678 
9680 
9684 
9686 
9688 
9692 
9694 
9698 
9700 
9702 
9706 
9710 
9712 
9714 
9718 
9720 
9724 
9726 
9728 
9730 
9731 
9733 
9735 
9737 
9740 
9744 
9745 
9747 
9749 
9751 
9753 
9754 
9756 
9757 
9759 
9761 
9763 
9767 
9771 
9773 
9774 
9776 
9778 
9780 
9781 
9782 
9784 
9788 
9790 
9794 
9796 
9798 
9800 
9802 
9804 
9808 
9809 
9811 
9813 
9815 
9817 
9819 
9823 
9825 
9827 
9829 
9831 
9832 
9836 
9838 
9840 
9842 
9844 
9846 
9847 
9851 
9853 
9855 
9857 
9859 
9861 
9865 
9867 
9871 
9873 
9875 
9877 
9881 
9885 
9886 
9888 
9892 
9894 
9896 
9898 
9900 
9902 
9903 
9907 
9909 
9911 
9913 
9915 
9917 
9919 
9921 
9924 
9926 
9928 
9932 
9934 
9936 
9940 
9941 
9943 
9945 
9947 
9949 
9950 
9953 
9955 
9959 
9961 
9965 
9967 
9969 
9971 
9973 
9975 
9977 
9981 
9983 
9985 
9986 
9988 
9990 
9992 
9994 
9996 
9998 
10000 
10004 
10007 
10009 
10011 
10013 
10015 
10017 
10019 
10021 
10024 
10026 
10029 
10031 
10033 
10036 
10040 
10042 
10044 
10048 
10052 
10054 
10058 
10060 
10062 
10066 
10068 
10071 
10073 
10075 
10077 
10078 
10080 
10082 
10084 
10088 
10090 
10091 
10093 
10095 
10097 
10101 
10103 
10107 
10109 
10110 
10113 
10115 
10119 
10121 
10124 
10126 
10130 
10132 
10134 
10136 
10138 
10140 
10144 
10146 
10148 
10150 
10152 
10154 
10156 
10158 
10161 
10163 
10165 
10169 
10173 
10175 
10177 
10179 
10181 
10183 
10185 
10187 
10189 
10192 
10194 
10196 
10200 
10202 
10204 
10208 
10209 
10211 
10213 
10214 
10218 
10220 
10222 
10223 
10225 
10227 
10229 
10231 
10235 
10237 
10240 
10242 
10243 
10245 
10246 
10248 
10250 
10252 
10254 
10256 
10257 
10261 
10265 
10267 
10269 
10271 
10273 
10275 
10277 
10281 
10283 
10285 
10286 
10288 
10290 
10292 
10294 
10297 
10299 
10302 
10304 
10306 
10309 
10313 
10315 
10317 
10321 
10325 
10327 
10328 
10330 
10332 
10334 
10336 
10340 
10342 
10345 
10347 
10348 
10350 
10352 
10354 
10356 
10358 
10360 
10362 
10364 
10365 
10367 
10371 
10373 
10377 
10379 
10381 
10383 
10385 
10387 
10389 
10393 
10395 
10397 
10399 
10401 
10405 
10407 
10410 
10412 
10414 
10418 
10420 
10423 
10427 
10429 
10431 
10434 
10436 
10438 
10440 
10442 
10444 
10445 
10447 
10449 
10451 
10453 
10455 
10457 
10460 
10462 
10464 
10466 
10470 
10472 
10474 
10476 
10479 
10481 
10483 
10485 
10486 
10490 
10492 
10494 
10498 
10500 
10502 
10506 
10508 
10512 
10514 
10516 
10518 
10520 
10521 
10523 
10527 
10529 
10530 
10532 
10534 
10536 
10538 
10540 
10544 
10546 
10548 
10552 
10556 
10558 
10560 
10562 
10564 
10566 
10568 
10570 
10573 
10575 
10577 
10581 
10583 
10585 
10589 
10591 
10593 
10595 
10597 
10599 
10601 
10605 
10609 
10611 
10613 
10617 
10620 
10622 
10623 
10624 
10628 
10630 
10632 
10634 
10636 
10638 
10639 
10641 
10645 
10649 
10651 
10653 
10655 
10659 
10661 
10664 
10668 
10670 
10671 
10675 
10677 
10679 
10681 
10683 
10685 
10686 
10688 
10690 
10692 
10694 
10696 
10698 
10702 
10704 
10706 
10709 
10711 
10715 
10717 
10719 
10721 
10725 
10727 
10729 
10731 
10733 
10735 
10737 
10741 
10742 
10744 
10748 
10750 
10752 
10755 
10759 
10761 
10763 
10767 
10769 
10773 
10775 
10777 
10779 
10781 
10785 
10786 
10788 
10789 
10790 
10792 
10796 
10798 
10802 
10804 
10806 
10807 
10809 
10811 
10813 
10814 
10816 
10818 
10819 
10821 
10825 
10827 
10831 
10833 
10835 
10836 
10838 
10840 
10844 
10846 
10848 
10850 
10854 
10858 
10860 
10862 
10866 
10868 
10872 
10874 
10876 
10878 
10879 
10881 
10882 
10886 
10888 
10890 
10891 
10893 
10894 
10896 
10898 
10900 
10904 
10908 
10909 
10911 
10913 
10915 
10917 
10918 
10920 
10922 
10924 
10925 
10927 
10931 
10933 
10936 
10937 
10939 
10941 
10943 
10945 
10949 
10951 
10953 
10955 
10957 
10959 
10963 
10965 
10967 
10969 
10973 
10975 
10977 
10979 
10981 
10982 
10984 
10986 
10987 
10991 
10993 
10995 
10997 
10998 
11000 
11001 
11003 
11007 
11009 
11011 
11013 
11015 
11017 
11021 
11023 
11025 
11029 
11031 
11035 
11036 
11038 
11042 
11044 
11048 
11050 
11052 
11054 
11056 
11057 
11059 
11063 
11065 
11067 
11069 
11071 
11073 
11075 
11077 
11079 
11082 
11084 
11088 
11090 
11092 
11096 
11098 
11102 
11104 
11106 
11110 
11114 
11116 
11118 
11122 
11124 
11128 
11130 
11132 
11134 
11135 
11137 
11139 
11141 
11144 
11146 
11148 
11150 
11152 
11153 
11155 
11156 
11158 
11160 
11162 
11165 
11169 
11171 
11172 
11174 
11176 
11178 
11180 
11181 
11183 
11187 
11189 
11193 
11195 
11197 
11199 
11201 
11203 
11207 
11208 
11210 
11212 
11214 
11216 
11218 
11220 
11222 
11223 
11225 
11226 
11228 
11232 
11234 
11238 
11240 
11242 
11244 
11246 
11248 
11252 
11254 
11256 
11258 
11260 
11262 
11263 
11264 
11268 
11272 
11274 
11276 
11278 
11282 
11284 
11288 
11290 
11292 
11294 
11296 
11298 
11299 
11303 
11305 
11307 
11309 
11311 
11313 
11315 
11317 
11320 
11322 
11324 
11328 
11330 
11332 
11336 
11338 
11339 
11341 
11343 
11345 
11347 
11351 
11353 
11357 
11359 
11361 
11363 
11365 
11367 
11369 
11370 
11372 
11374 
11376 
11380 
11384 
11386 
11388 
11390 
11392 
11394 
11398 
11399 
11402 
11404 
11406 
11409 
11411 
11414 
11418 
11420 
11422 
11426 
11428 
11430 
11432 
11434 
11436 
11437 
11438 
11440 
11442 
11444 
11446 
11448 
11452 
11454 
11458 
11460 
11462 
11464 
11466 
11468 
11470 
11473 
11475 
11479 
11481 
11483 
11486 
11490 
11492 
11494 
11498 
11500 
11504 
11506 
11508 
11510 
11512 
11513 
11515 
11519 
11521 
11523 
11525 
11529 
11532 
11534 
11536 
11540 
11542 
11544 
11546 
11548 
11550 
11551 
11553 
11557 
11558 
11560 
11561 
11563 
11565 
11567 
11571 
11575 
11577 
11579 
11581 
11583 
11585 
11587 
11589 
11591 
11595 
11597 
11600 
11602 
11604 
11606 
11608 
11612 
11614 
11618 
11620 
11622 
11626 
11630 
11632 
11636 
11638 
11641 
11643 
11645 
11647 
11648 
11650 
11652 
11654 
11658 
11662 
11664 
11666 
11668 
11670 
11672 
11673 
11675 
11677 
11679 
11681 
11683 
11687 
11691 
11693 
11695 
11696 
11698 
11700 
11702 
11704 
11708 
11710 
11714 
11716 
11718 
11720 
11722 
11724 
11726 
11728 
11731 
11735 
11737 
11739 
11741 
11743 
11745 
11747 
11749 
11751 
11753 
11755 
11757 
11759 
11762 
11764 
11767 
11769 
11771 
11774 
11777 
11779 
11781 
11785 
11787 
11789 
11792 
11795 
11797 
11799 
11803 
11805 
11809 
11811 
11812 
11813 
11815 
11817 
11819 
11823 
11827 
11829 
11831 
11833 
11835 
11837 
11839 
11841 
11842 
11844 
11846 
11848 
11852 
11856 
11858 
11860 
11862 
11863 
11864 
11866 
11870 
11872 
11874 
11876 
11878 
11880 
11884 
11885 
11887 
11889 
11891 
11893 
11897 
11899 
11901 
11905 
11907 
11909 
11911 
11912 
11914 
11916 
11918 
11922 
11924 
11928 
11930 
11932 
11934 
11936 
11938 
11942 
11944 
11946 
11948 
11950 
11952 
11953 
11957 
11959 
11960 
11962 
11964 
11966 
11968 
11972 
11974 
11978 
11980 
11982 
11986 
11990 
11992 
11994 
11996 
12000 
12003 
12005 
12007 
12011 
12013 
12015 
12017 
12019 
12021 
12022 
12026 
12028 
12030 
12032 
12034 
12035 
12038 
12040 
12042 
12044 
12046 
12049 
12051 
12054 
12057 
12060 
12063 
12066 
12069 
12071 
12074 
12077 
12080 
12083 
12086 
12089 
12092 
12095 
12098 
12101 
12103 
12106 
12109 
12112 
12115 
12118 
12120 
12122 
12125 
12128 
12131 
12134 
12137 
12140 
12143 
12146 
12149 
12152 
12155 
12158 
12160 
12163 
12166 
12169 
12171 
12174 
12177 
12179 
12182 
12185 
12187 
12190 
12193 
12196 
12199 
12202 
12205 
12208 
12211 
12214 
12217 
12220 
12223 
12226 
12229 
12232 
12235 
12237 
12240 
12243 
12245 
12248 
12251 
12254 
12257 
12259 
12262 
12265 
12268 
12271 
12274 
12277 
12280 
12283 
12286 
12289 
12291 
12294 
12297 
12300 
12303 
12305 
12307 
12310 
12313 
12316 
12319 
12321 
12324 
12327 
12330 
12332 
12334 
12337 
12340 
12343 
12345 
12348 
12351 
12354 
12357 
12360 
12363 
12366 
12369 
12372 
12375 
12378 
12381 
12384 
12387 
12390 
12393 
12396 
12399 
12402 
12405 
12407 
12410 
12413 
12416 
12419 
12422 
12425 
12428 
12431 
12434 
12437 
12439 
12442 
12445 
12448 
12451 
12454 
12457 
12460 
12463 
12466 
12469 
12472 
12475 
12477 
12480 
12483 
12486 
12489 
12492 
12495 
12497 
12500 
12503 
12506 
12509 
12512 
12515 
12518 
12521 
12524 
12526 
12528 
12531 
12533 
12536 
12539 
12542 
12545 
12548 
12551 
12554 
12557 
12560 
12563 
12566 
12569 
12571 
12574 
12577 
12580 
12583 
12586 
12589 
12592 
12595 
12598 
12601 
12603 
12606 
12609 
12612 
12615 
12618 
12621 
12624 
12627 
12629 
12632 
12634 
12637 
12640 
12643 
12646 
12649 
12652 
12655 
12658 
12661 
12664 
12667 
12670 
12673 
12676 
12679 
12681 
12684 
12687 
12690 
12693 
12696 
12699 
12701 
12704 
12706 
12709 
12711 
12714 
12717 
12720 
12723 
12726 
12729 
12732 
12735 
12738 
12741 
12744 
12747 
12749 
12752 
12755 
12758 
12761 
12764 
12766 
12769 
12772 
12775 
12778 
12780 
12783 
12786 
12789 
12791 
12794 
12797 
12800 
12803 
12806 
12809 
12812 
12814 
12817 
12820 
12823 
12825 
12828 
12831 
12834 
12837 
12840 
12843 
12846 
12849 
12852 
12854 
12857 
12859 
12862 
12864 
12867 
12869 
12872 
12875 
12878 
12881 
12884 
12887 
12890 
12893 
12895 
12898 
12901 
12904 
12906 
12909 
12912 
12915 
12918 
12920 
12923 
12926 
12929 
12932 
12935 
12938 
12941 
12944 
12947 
12950 
12953 
12955 
12958 
12961 
12964 
12967 
12970 
12973 
12976 
12979 
12981 
12984 
12987 
12990 
12993 
12996 
12999 
13002 
13005 
13008 
13011 
13014 
13017 
13020 
13023 
13026 
13028 
13031 
13034 
13037 
13039 
13042 
13044 
13046 
13048 
13051 
13053 
13056 
13059 
13062 
13065 
13068 
13071 
13074 
13077 
13080 
13083 
13085 
13088 
13091 
13094 
13096 
13099 
13102 
13105 
13108 
13111 
13113 
13116 
13119 
13122 
13125 
13128 
13131 
13134 
13137 
13140 
13143 
13146 
13148 
13151 
13154 
13157 
13159 
13161 
13164 
13167 
13169 
13172 
13175 
13178 
13181 
13184 
13187 
13190 
13193 
13196 
13198 
13201 
13204 
13206 
13209 
13212 
13215 
13218 
13221 
13224 
13227 
13230 
13233 
13235 
13238 
13240 
13243 
13246 
13249 
13251 
13254 
13256 
13259 
13262 
13265 
13268 
13270 
13273 
13276 
13279 
13282 
13285 
13287 
13290 
13293 
13296 
13299 
13302 
13305 
13307 
13310 
13312 
13315 
13317 
13320 
13323 
13326 
13329 
13332 
13335 
13338 
13340 
13343 
13346 
13349 
13352 
13355 
13358 
13361 
13364 
13367 
13370 
13373 
13376 
13378 
13381 
13384 
13387 
13390 
13393 
13396 
13399 
13402 
13404 
13407 
13409 
13412 
13415 
13417 
13420 
13423 
13426 
13429 
13432 
13435 
13438 
13441 
13444 
13447 
13448 
13451 
13454 
13457 
13460 
13461 
13464 
13467 
13470 
13473 
13476 
13479 
13482 
13485 
13488 
13491 
13494 
13497 
13500 
13502 
13504 
13507 
13509 
13512 
13515 
13518 
13520 
13523 
13525 
13528 
13531 
13534 
13537 
13540 
13543 
13546 
13549 
13552 
13555 
13557 
13560 
13563 
13565 
13568 
13571 
13574 
13577 
13579 
13582 
13584 
13586 
13589 
13592 
13595 
13598 
13600 
13603 
13606 
13609 
13612 
13615 
13618 
13621 
13623 
13625 
13628 
13631 
13633 
13636 
13638 
13641 
13644 
13647 
13649 
13652 
13655 
13657 
13660 
13663 
13666 
13669 
13672 
13674 
13677 
13680 
13683 
13686 
13689 
13692 
13695 
13697 
13699 
13702 
13705 
13708 
13710 
13713 
13716 
13719 
13721 
13724 
13727 
13730 
13733 
13736 
13739 
13742 
13745 
13747 
13750 
13753 
13756 
13759 
13761 
13764 
13767 
13770 
13773 
13776 
13779 
13782 
13784 
13787 
13790 
13793 
13796 
13799 
13802 
13804 
13807 
13810 
13812 
13815 
13818 
13821 
13823 
13825 
13828 
13831 
13834 
13837 
13840 
13843 
13846 
13849 
13851 
13854 
13857 
13859 
13862 
13865 
13868 
13871 
13874 
13877 
13880 
13883 
13886 
13889 
13892 
13895 
13897 
13899 
13902 
13904 
13907 
13909 
13912 
13914 
13917 
13920 
13923 
13925 
13928 
13931 
13934 
13937 
13940 
13943 
13946 
13949 
13952 
13955 
13958 
13961 
13964 
13967 
13970 
13972 
13975 
13978 
13981 
13984 
13986 
13989 
13991 
13994 
13997 
14000 
14003 
14006 
14009 
14012 
14015 
14017 
14018 
14021 
14024 
14027 
14030 
14033 
14035 
14038 
14041 
14044 
14047 
14050 
14052 
14055 
14058 
14061 
14064 
14066 
14069 
14072 
14074 
14077 
14079 
14082 
14084 
14087 
14090 
14093 
14095 
14097 
14100 
14103 
14106 
14107 
14110 
14113 
14116 
14119 
14122 
14125 
14128 
14131 
14134 
14137 
14140 
14143 
14146 
14149 
14152 
14154 
14157 
14160 
14163 
14166 
14169 
14172 
14175 
14178 
14180 
14183 
14186 
14188 
14190 
14193 
14196 
14199 
14202 
14205 
14207 
14210 
14212 
14215 
14218 
14221 
14224 
14227 
14230 
14231 
14234 
14237 
14240 
14241 
14244 
14247 
14250 
14253 
14256 
14259 
14262 
14265 
14268 
14270 
14273 
14276 
14279 
14282 
14284 
14286 
14289 
14292 
14295 
14298 
14301 
14304 
14306 
14309 
14311 
14314 
14317 
14320 
14323 
14326 
14329 
14332 
14335 
14338 
14340 
14343 
14346 
14349 
14352 
14354 
14357 
14360 
14362 
14365 
14367 
14370 
14372 
14375 
14378 
14381 
14384 
14386 
14389 
14392 
14395 
14398 
14401 
14404 
14405 
14408 
14411 
14413 
14416 
14419 
14422 
14424 
14427 
14429 
14432 
14435 
14438 
14441 
14443 
14446 
14449 
14452 
14455 
14458 
14461 
14464 
14467 
14469 
14472 
14475 
14478 
14481 
14484 
14487 
14489 
14492 
14495 
14498 
14500 
14503 
14506 
14508 
14511 
14514 
14516 
14519 
14522 
14524 
14527 
14530 
14533 
14536 
14539 
14542 
14545 
14548 
14550 
14553 
14556 
14559 
14562 
14565 
14567 
14570 
14573 
14576 
14578 
14581 
14584 
14587 
14589 
14592 
14594 
14597 
14600 
14603 
14606 
14609 
14612 
14615 
14618 
14621 
14623 
14626 
14629 
14632 
14635 
14638 
14641 
14644 
14647 
14650 
14653 
14655 
14658 
14661 
14664 
14666 
14668 
14671 
14674 
14676 
14678 
14681 
14684 
14687 
14690 
14693 
14696 
14699 
14702 
14704 
14707 
14710 
14713 
14716 
14718 
14721 
14724 
14727 
14730 
14733 
14736 
14739 
14742 
14745 
14748 
14751 
14754 
14757 
14759 
14762 
14764 
14765 
14767 
14770 
14773 
14776 
14779 
14782 
14785 
14787 
14790 
14793 
14795 
14798 
14801 
14803 
14806 
14809 
14812 
14814 
14817 
14820 
14823 
14826 
14829 
14832 
14834 
14837 
14839 
14842 
14844 
14847 
14850 
14853 
14856 
14859 
14862 
14865 
14867 
14870 
14873 
14874 
14877 
14880 
14883 
14886 
14889 
14892 
14895 
14898 
14900 
14903 
14906 
14909 
14912 
14915 
14918 
14921 
14924 
14926 
14929 
14932 
14934 
14937 
14939 
14941 
14944 
14947 
14950 
14953 
14956 
14959 
14961 
14964 
14967 
14970 
14973 
14975 
14978 
14981 
14984 
14986 
14988 
14991 
14994 
14997 
14999 
15002 
15005 
15008 
15011 
15014 
15016 
15019 
15022 
15025 
15028 
15031 
15034 
15037 
15040 
15043 
15046 
15049 
15052 
15055 
15058 
15061 
15064 
15067 
15069 
15072 
15075 
15077 
15080 
15083 
15086 
15089 
15092 
15095 
15098 
15101 
15104 
15106 
15108 
15110 
15113 
15116 
15119 
15122 
15125 
15128 
15131 
15133 
15136 
15139 
15142 
15145 
15147 
15150 
15153 
15156 
15159 
15162 
15164 
15167 
15169 
15171 
15174 
15177 
15180 
15183 
15186 
15189 
15192 
15195 
15198 
15201 
15204 
15207 
15210 
15213 
15216 
15219 
15222 
15225 
15228 
15231 
15234 
15237 
15239 
15242 
15245 
15248 
15250 
15253 
15256 
15259 
15262 
15265 
15268 
15271 
15274 
15277 
15279 
15282 
15285 
15288 
15291 
15294 
15297 
15299 
15302 
15305 
15308 
15311 
15314 
15317 
15320 
15323 
15326 
15329 
15331 
15334 
15337 
15340 
15342 
15345 
15348 
15350 
15353 
15355 
15358 
15361 
15363 
15366 
15369 
15371 
15374 
15377 
15380 
15383 
15386 
15388 
15391 
15394 
15396 
15398 
15401 
15404 
15405 
15408 
15411 
15413 
15416 
15419 
15422 
15425 
15428 
15431 
15434 
15437 
15440 
15443 
15445 
15448 
15451 
15454 
15457 
15460 
15463 
15466 
15469 
15472 
15474 
15476 
15479 
15482 
15484 
15487 
15490 
15493 
15496 
15499 
15502 
15505 
15507 
15510 
15513 
15516 
15519 
15522 
15524 
15526 
15528 
15531 
15534 
15537 
15539 
15542 
15545 
15548 
15551 
15554 
15556 
15559 
15562 
15564 
15567 
15569 
15572 
15575 
15578 
15581 
15584 
15587 
15590 
15593 
15596 
15599 
15602 
15605 
15608 
15611 
15614 
15617 
15620 
15623 
15626 
15629 
15632 
15634 
15637 
15640 
15643 
15646 
15648 
15651 
15654 
15657 
15660 
15663 
15666 
15669 
15672 
15674 
15677 
15680 
15683 
15686 
15688 
15691 
15694 
15696 
15699 
15702 
15705 
15708 
15711 
15714 
15717 
15719 
15722 
15724 
15727 
15730 
15733 
15735 
15737 
15740 
15743 
15745 
15747 
15750 
15753 
15756 
15759 
15761 
15764 
15767 
15770 
15773 
15776 
15779 
15782 
15785 
15787 
15789 
15792 
15795 
15798 
15801 
15804 
15807 
15809 
15812 
15814 
15817 
15820 
15822 
15825 
15828 
15831 
15834 
15837 
15840 
15843 
15846 
15848 
15851 
15854 
15857 
15860 
15863 
15866 
15869 
15872 
15875 
15878 
15880 
15883 
15886 
15889 
15892 
15895 
15898 
15901 
15904 
15906 
15909 
15912 
15915 
15918 
15919 
15921 
15924 
15926 
15929 
15932 
15935 
15937 
15940 
15943 
15945 
15948 
15951 
15954 
15956 
15959 
15962 
15965 
15968 
15971 
15973 
15976 
15979 
15982 
15985 
15988 
15991 
15994 
15996 
15999 
16002 
16005 
16007 
16010 
16013 
16015 
16018 
16020 
16023 
16025 
16027 
16030 
16033 
16035 
16038 
16041 
16043 
16046 
16049 
16052 
16055 
16058 
16061 
16064 
16066 
16069 
16071 
16073 
16076 
16079 
16082 
16085 
16088 
16091 
16094 
16097 
16099 
16102 
16105 
16108 
16110 
16113 
16116 
16118 
16121 
16124 
16127 
16130 
16133 
16136 
16139 
16142 
16145 
16148 
16151 
16154 
16157 
16160 
16163 
16165 
16168 
16171 
16174 
16177 
16180 
16183 
16186 
16189 
16192 
16194 
16197 
16200 
16203 
16206 
16209 
16212 
16215 
16218 
16221 
16224 
16226 
16229 
16232 
16235 
16238 
16241 
16244 
16247 
16250 
16252 
16255 
16258 
16260 
16263 
16265 
16267 
16269 
16272 
16275 
16277 
16279 
16282 
16285 
16288 
16291 
16294 
16297 
16300 
16303 
16306 
16309 
16312 
16314 
16317 
16320 
16323 
16326 
16329 
16330 
16333 
16335 
16337 
16339 
16342 
16345 
16348 
16349 
16351 
16354 
16357 
16359 
16362 
16365 
16368 
16369 
16372 
16375 
16377 
16380 
16383 
16386 
16388 
16391 
16394 
16397 
16400 
16403 
16406 
16409 
16411 
16414 
16417 
16420 
16423 
16425 
16427 
16430 
16433 
16436 
16439 
16442 
16445 
16447 
16450 
16452 
16455 
16458 
16461 
16464 
16467 
16470 
16473 
16476 
16479 
16481 
16484 
16487 
16490 
16493 
16495 
16498 
16501 
16503 
16506 
16509 
16512 
16515 
16518 
16521 
16524 
16527 
16530 
16533 
16535 
16536 
16539 
16542 
16545 
16548 
16551 
16554 
16557 
16559 
16561 
16564 
16566 
16569 
16571 
16574 
16577 
16580 
16583 
16586 
16589 
16592 
16594 
16597 
16600 
16603 
16606 
16608 
16611 
16614 
16617 
16620 
16622 
16625 
16628 
16631 
16634 
16637 
16640 
16643 
16646 
16649 
16652 
16655 
16658 
16661 
16664 
16667 
16670 
16673 
16676 
16679 
16682 
16685 
16688 
16691 
16694 
16697 
16700 
16702 
16705 
16708 
16711 
16714 
16717 
16720 
16722 
16725 
16728 
16731 
16733 
16736 
16738 
16741 
16744 
16747 
16750 
16753 
16756 
16759 
16762 
16764 
16767 
16769 
16772 
16775 
16778 
16781 
16784 
16787 
16790 
16793 
16796 
16799 
16802 
16805 
16807 
16810 
16813 
16816 
16818 
16821 
16824 
16827 
16829 
16832 
16835 
16838 
16841 
16843 
16846 
16849 
16852 
16855 
16858 
16861 
16864 
16867 
16870 
16873 
16875 
16878 
16881 
16884 
16886 
16888 
16891 
16894 
16896 
16897 
16900 
16903 
16906 
16909 
16912 
16915 
16918 
16919 
16921 
16924 
16927 
16930 
16933 
16935 
16938 
16941 
16944 
16947 
16949 
16952 
16955 
16958 
16961 
16964 
16967 
16970 
16973 
16975 
16977 
16980 
16982 
16983 
16985 
16988 
16991 
16994 
16997 
17000 
17003 
17005 
17008 
17010 
17012 
17015 
17017 
17020 
17023 
17026 
17028 
17031 
17034 
17037 
17040 
17043 
17046 
17048 
17050 
17052 
17055 
17057 
17060 
17063 
17066 
17069 
17071 
17073 
17076 
17079 
17082 
17085 
17088 
17091 
17094 
17097 
17100 
17103 
17106 
17109 
17112 
17114 
17117 
17120 
17123 
17126 
17129 
17132 
17135 
17138 
17140 
17143 
17146 
17148 
17151 
17153 
17155 
17158 
17161 
17164 
17167 
17170 
17173 
17175 
17178 
17181 
17184 
17187 
17188 
17191 
17194 
17197 
17199 
17201 
17203 
17206 
17209 
17211 
17214 
17217 
17220 
17223 
17226 
17229 
17232 
17235 
17238 
17240 
17243 
17246 
17249 
17252 
17254 
17257 
17260 
17263 
17266 
17269 
17271 
17274 
17277 
17279 
17282 
17285 
17288 
17290 
17293 
17296 
17299 
17302 
17304 
17306 
17309 
17312 
17315 
17318 
17321 
17324 
17327 
17329 
17332 
17335 
17338 
17341 
17343 
17346 
17349 
17352 
17354 
17357 
17360 
17362 
17365 
17367 
17370 
17372 
17375 
17378 
17380 
17382 
17385 
17388 
17391 
17393 
17396 
17399 
17402 
17405 
17408 
17411 
17414 
17417 
17420 
17423 
17426 
17429 
17432 
17435 
17438 
17441 
17444 
17447 
17450 
17453 
17454 
17457 
17460 
17463 
17465 
17468 
17471 
17474 
17477 
17480 
17483 
17486 
17489 
17492 
17494 
17497 
17500 
17503 
17506 
17509 
17512 
17514 
17517 
17520 
17523 
17526 
17529 
17532 
17535 
17538 
17540 
17543 
17545 
17548 
17551 
17554 
17556 
17559 
17561 
17563 
17566 
17568 
17571 
17574 
17576 
17579 
17582 
17584 
17587 
17590 
17593 
17596 
17599 
17601 
17604 
17607 
17609 
17611 
17614 
17617 
17618 
17621 
17624 
17627 
17630 
17633 
17636 
17639 
17642 
17645 
17648 
17650 
17652 
17655 
17658 
17660 
17663 
17666 
17669 
17672 
17674 
17675 
17678 
17680 
17683 
17685 
17688 
17691 
17694 
17697 
17700 
17703 
17706 
17708 
17711 
17714 
17717 
17720 
17723 
17726 
17728 
17730 
17733 
17736 
17739 
17741 
17744 
17746 
17749 
17752 
17755 
17758 
17761 
17763 
17766 
17769 
17772 
17775 
17778 
17780 
17782 
17785 
17788 
17790 
17793 
17795 
17797 
17800 
17803 
17806 
17809 
17812 
17815 
17818 
17821 
17824 
17827 
17830 
17832 
17835 
17838 
17841 
17844 
17847 
17850 
17853 
17856 
17859 
17862 
17864 
17867 
17870 
17873 
17876 
17878 
17881 
17884 
17886 
17889 
17892 
17895 
17898 
17901 
17904 
17907 
17909 
17912 
17914 
17917 
17920 
17923 
17925 
17928 
17930 
17932 
17935 
17938 
17941 
17944 
17947 
17950 
17953 
17956 
17959 
17962 
17965 
17967 
17970 
17973 
17976 
17979 
17982 
17985 
17988 
17991 
17994 
17996 
17999 
18001 
18003 
18005 
18008 
18011 
18013 
18015 
18018 
18020 
18023 
18026 
18029 
18032 
18035 
18037 
18040 
18043 
18045 
18048 
18051 
18053 
18056 
18058 
18061 
18064 
18067 
18070 
18073 
18076 
18079 
18082 
18085 
18088 
18090 
18093 
18095 
18098 
18101 
18104 
18107 
18110 
18113 
18116 
18119 
18122 
18125 
18127 
18130 
18132 
18135 
18138 
18141 
18144 
18147 
18150 
18153 
18156 
18158 
18161 
18164 
18166 
18169 
18171 
18174 
18177 
18179 
18182 
18184 
18187 
18190 
18193 
18196 
18199 
18201 
18204 
18207 
18210 
18213 
18216 
18219 
18222 
18225 
18227 
18230 
18233 
18236 
18237 
18240 
18243 
18246 
18249 
18251 
18254 
18257 
18260 
18263 
18265 
18267 
18270 
18273 
18275 
18278 
18281 
18284 
18287 
18290 
18293 
18296 
18299 
18302 
18305 
18308 
18311 
18313 
18315 
18318 
18321 
18324 
18327 
18329 
18332 
18335 
18338 
18341 
18343 
18345 
18348 
18351 
18354 
18356 
18358 
18361 
18364 
18367 
18370 
18372 
18375 
18378 
18381 
18383 
18386 
18389 
18391 
18394 
18397 
18400 
18403 
18405 
18407 
18409 
18411 
18414 
18417 
18420 
18423 
18426 
18429 
18432 
18435 
18438 
18441 
18444 
18446 
18449 
18452 
18455 
18458 
18460 
18463 
18465 
18468 
18471 
18474 
18477 
18480 
18483 
18486 
18488 
18491 
18494 
18497 
18500 
18503 
18505 
18508 
18511 
18514 
18517 
18520 
18523 
18526 
18528 
18531 
18534 
18536 
18539 
18542 
18545 
18547 
18550 
18553 
18556 
18559 
18562 
18565 
18568 
18570 
18573 
18575 
18578 
18580 
18583 
18585 
18588 
18591 
18593 
18596 
18599 
18602 
18605 
18608 
18611 
18614 
18616 
18619 
18622 
18625 
18627 
18630 
18633 
18635 
18637 
18640 
18643 
18646 
18649 
18652 
18655 
18657 
18659 
18662 
18665 
18667 
18670 
18673 
18675 
18677 
18679 
18682 
18684 
18687 
18689 
18691 
18693 
18696 
18699 
18702 
18704 
18707 
18710 
18713 
18716 
18718 
18721 
18723 
18726 
18729 
18732 
18735 
18738 
18741 
18744 
18747 
18750 
18752 
18754 
18756 
18759 
18762 
18765 
18768 
18770 
18773 
18776 
18779 
18782 
18785 
18788 
18791 
18793 
18796 
18799 
18801 
18804 
18807 
18810 
18813 
18816 
18819 
18821 
18824 
18827 
18830 
18832 
18834 
18837 
18840 
18843 
18846 
18849 
18851 
18854 
18857 
18860 
18863 
18866 
18868 
18871 
18874 
18877 
18879 
18882 
18885 
18888 
18891 
18894 
18896 
18899 
18902 
18905 
18908 
18911 
18914 
18917 
18919 
18922 
18925 
18927 
18930 
18933 
18936 
18939 
18942 
18945 
18948 
18950 
18953 
18956 
18959 
18962 
18965 
18968 
18970 
18973 
18976 
18979 
18981 
18983 
18986 
18989 
18992 
18995 
18998 
19001 
19004 
19006 
19008 
19010 
19013 
19016 
19018 
19020 
19023 
19026 
19028 
19031 
19034 
19037 
19040 
19043 
19047 
19049 
19050 
19052 
19055 
19057 
19061 
19063 
19065 
19067 
19069 
19071 
19072 
19074 
19078 
19080 
19081 
19083 
19085 
19087 
19091 
19093 
19094 
19097 
19101 
19103 
19105 
19107 
19109 
19113 
19115 
19119 
19120 
19122 
19124 
19126 
19128 
19132 
19134 
19136 
19138 
19140 
19142 
19144 
19146 
19149 
19151 
19153 
19155 
19159 
19161 
19163 
19167 
19171 
19173 
19175 
19176 
19178 
19180 
19182 
19184 
19187 
19189 
19191 
19195 
19196 
19198 
19200 
19202 
19204 
19206 
19210 
19212 
19214 
19216 
19217 
19221 
19223 
19227 
19229 
19231 
19233 
19235 
19237 
19239 
19241 
19243 
19245 
19247 
19249 
19251 
19252 
19256 
19260 
19261 
19263 
19265 
19267 
19268 
19270 
19272 
19275 
19277 
19280 
19282 
19284 
19287 
19291 
19293 
19294 
19298 
19302 
19304 
19305 
19306 
19308 
19310 
19311 
19313 
19316 
19318 
19322 
19324 
19326 
19328 
19329 
19331 
19333 
19335 
19337 
19339 
19341 
19345 
19349 
19351 
19353 
19355 
19357 
19359 
19361 
19364 
19366 
19368 
19370 
19372 
19374 
19376 
19378 
19381 
19383 
19386 
19388 
19390 
19393 
19397 
19399 
19401 
19405 
19406 
19407 
19409 
19411 
19413 
19417 
19419 
19423 
19425 
19427 
19429 
19430 
19432 
19434 
19436 
19438 
19440 
19442 
19443 
19445 
19447 
19451 
19453 
19457 
19459 
19461 
19463 
19465 
19467 
19471 
19473 
19475 
19477 
19479 
19481 
19484 
19486 
19490 
19492 
19494 
19497 
19501 
19503 
19505 
19509 
19511 
19514 
19516 
19518 
19520 
19522 
19523 
19525 
19528 
19530 
19532 
19536 
19538 
19540 
19544 
19546 
19548 
19552 
19554 
19556 
19558 
19560 
19562 
19563 
19564 
19566 
19567 
19569 
19571 
19573 
19575 
19577 
19579 
19581 
19585 
19587 
19590 
19592 
19594 
19595 
19597 
19601 
19603 
19605 
19607 
19609 
19611 
19613 
19615 
19618 
19620 
19622 
19626 
19628 
19630 
19634 
19638 
19640 
19642 
19644 
19645 
19647 
19649 
19651 
19655 
19657 
19659 
19663 
19667 
19669 
19671 
19675 
19678 
19680 
19681 
19685 
19686 
19688 
19690 
19692 
19693 
19695 
19697 
19699 
19703 
19705 
19707 
19709 
19711 
19713 
19715 
19719 
19721 
19723 
19725 
19727 
19729 
19731 
19735 
19737 
19741 
19743 
19745 
19748 
19751 
19753 
19755 
19759 
19761 
19763 
19767 
19769 
19771 
19775 
19776 
19778 
19782 
19783 
19787 
19789 
19791 
19793 
19795 
19796 
19797 
19799 
19801 
19803 
19805 
19807 
19809 
19813 
19814 
19816 
19819 
19823 
19825 
19827 
19831 
19833 
19834 
19838 
19840 
19844 
19845 
19847 
19849 
19850 
19854 
19856 
19858 
19860 
19862 
19864 
19868 
19869 
19873 
19875 
19877 
19879 
19880 
19882 
19884 
19886 
19887 
19888 
19890 
19892 
19896 
19898 
19902 
19904 
19906 
19907 
19909 
19911 
19915 
19917 
19919 
19921 
19925 
19929 
19931 
19933 
19937 
19939 
19943 
19945 
19947 
19949 
19951 
19953 
19954 
19956 
19959 
19963 
19965 
19967 
19968 
19970 
19971 
19972 
19974 
19976 
19980 
19982 
19984 
19986 
19988 
19989 
19991 
19992 
19994 
19995 
19997 
20000 
20002 
20006 
20008 
20009 
20011 
20013 
20015 
20017 
20021 
20023 
20025 
20027 
20029 
20031 
20035 
20037 
20039 
20041 
20045 
20047 
20049 
20051 
20053 
20055 
20056 
20057 
20059 
20060 
20064 
20066 
20068 
20070 
20071 
20073 
20074 
20076 
20080 
20082 
20086 
20088 
20090 
20094 
20096 
20100 
20102 
20104 
20106 
20108 
20110 
20114 
20116 
20118 
20120 
20122 
20124 
20126 
20128 
20130 
20133 
20135 
20139 
20141 
20143 
20147 
20149 
20153 
20155 
20157 
20161 
20164 
20166 
20167 
20171 
20173 
20177 
20179 
20181 
20183 
20184 
20186 
20190 
20191 
20193 
20195 
20197 
20199 
20200 
20202 
20203 
20205 
20207 
20209 
20213 
20217 
20219 
20220 
20222 
20224 
20226 
20228 
20229 
20231 
20235 
20237 
20241 
20243 
20245 
20247 
20249 
20251 
20254 
20255 
20257 
20259 
20261 
20263 
20265 
20267 
20268 
20270 
20271 
20273 
20277 
20279 
20283 
20285 
20287 
20289 
20291 
20293 
20297 
20299 
20301 
20303 
20305 
20306 
20307 
20311 
20313 
20315 
20317 
20319 
20321 
20325 
20327 
20331 
20333 
20335 
20337 
20341 
20345 
20346 
20348 
20352 
20354 
20356 
20358 
20360 
20362 
20363 
20367 
20369 
20371 
20373 
20375 
20377 
20379 
20381 
20384 
20386 
20388 
20392 
20394 
20396 
20400 
20402 
20403 
20405 
20407 
20409 
20411 
20415 
20417 
20421 
20423 
20425 
20427 
20429 
20431 
20433 
20437 
20439 
20442 
20444 
20446 
20450 
20452 
20455 
20459 
20461 
20462 
20466 
20468 
20470 
20471 
20473 
20475 
20476 
20477 
20479 
20481 
20483 
20485 
20487 
20491 
20493 
20497 
20499 
20501 
20503 
20505 
20507 
20509 
20511 
20512 
20514 
20516 
20520 
20522 
20526 
20528 
20530 
20532 
20534 
20537 
20539 
20543 
20544 
20546 
20549 
20553 
20555 
20557 
20560 
20562 
20566 
20568 
20570 
20572 
20574 
20575 
20577 
20581 
20583 
20585 
20587 
20591 
20595 
20597 
20599 
20602 
20606 
20608 
20610 
20612 
20614 
20616 
20617 
20619 
20623 
20625 
20626 
20628 
20630 
20632 
20634 
20638 
20642 
20644 
20646 
20648 
20650 
20652 
20653 
20655 
20657 
20659 
20661 
20663 
20667 
20669 
20673 
20675 
20679 
20681 
20683 
20685 
20687 
20689 
20691 
20695 
20697 
20699 
20701 
20703 
20705 
20707 
20709 
20711 
20713 
20716 
20717 
20719 
20721 
20723 
20725 
20727 
20730 
20732 
20735 
20737 
20739 
20742 
20745 
20747 
20749 
20753 
20755 
20759 
20761 
20763 
20767 
20769 
20771 
20775 
20777 
20779 
20780 
20781 
20783 
20785 
20786 
20790 
20794 
20796 
20798 
20800 
20802 
20803 
20805 
20809 
20810 
20812 
20814 
20816 
20818 
20822 
20824 
20828 
20830 
20833 
20835 
20837 
20840 
20841 
20843 
20847 
20848 
20852 
20853 
20855 
20857 
20858 
20859 
20861 
20865 
20869 
20871 
20875 
20876 
20878 
20880 
20882 
20884 
20886 
20888 
20890 
20892 
20893 
20895 
20899 
20901 
20905 
20907 
20908 
20910 
20912 
20914 
20915 
20919 
20921 
20923 
20925 
20927 
20929 
20933 
20935 
20937 
20939 
20943 
20945 
20947 
20949 
20951 
20953 
20954 
20956 
20958 
20962 
20966 
20968 
20970 
20974 
20976 
20978 
20980 
20982 
20984 
20985 
20987 
20991 
20992 
20994 
20996 
20998 
21000 
21002 
21006 
21007 
21011 
21013 
21015 
21019 
21021 
21025 
21027 
21030 
21032 
21034 
21038 
21040 
21044 
21046 
21048 
21050 
21052 
21053 
21055 
21059 
21060 
21062 
21064 
21066 
21068 
21071 
21073 
21074 
21077 
21078 
21080 
21084 
21086 
21089 
21091 
21092 
21094 
21095 
21096 
21098 
21100 
21104 
21106 
21108 
21110 
21112 
21114 
21115 
21117 
21121 
21122 
21124 
21126 
21128 
21132 
21134 
21137 
21139 
21141 
21145 
21147 
21150 
21154 
21156 
21158 
21162 
21164 
21168 
21170 
21172 
21174 
21176 
21178 
21179 
21183 
21185 
21187 
21189 
21191 
21192 
21194 
21196 
21199 
21201 
21203 
21205 
21207 
21211 
21215 
21217 
21219 
21221 
21223 
21225 
21227 
21229 
21232 
21234 
21236 
21240 
21242 
21244 
21248 
21249 
21251 
21253 
21254 
21258 
21260 
21262 
21263 
21265 
21267 
21269 
21271 
21275 
21277 
21281 
21283 
21285 
21287 
21288 
21290 
21292 
21294 
21296 
21298 
21299 
21303 
21306 
21308 
21310 
21312 
21314 
21316 
21317 
21318 
21320 
21323 
21325 
21327 
21330 
21334 
21336 
21337 
21340 
21342 
21344 
21346 
21349 
21351 
21353 
21357 
21359 
21363 
21365 
21366 
21368 
21369 
21370 
21372 
21376 
21379 
21381 
21383 
21385 
21387 
21389 
21391 
21395 
21397 
21399 
21403 
21404 
21406 
21408 
21410 
21412 
21416 
21418 
21420 
21422 
21424 
21426 
21428 
21432 
21434 
21436 
21438 
21440 
21442 
21444 
21446 
21449 
21452 
21454 
21456 
21459 
21463 
21465 
21467 
21471 
21473 
21475 
21477 
21479 
21481 
21483 
21487 
21488 
21491 
21493 
21495 
21498 
21502 
21504 
21505 
21507 
21511 
21513 
21515 
21517 
21519 
21522 
21526 
21528 
21530 
21532 
21533 
21535 
21537 
21538 
21540 
21544 
21546 
21550 
21552 
21554 
21555 
21557 
21559 
21561 
21563 
21565 
21567 
21569 
21571 
21575 
21577 
21580 
21583 
21585 
21589 
21591 
21593 
21597 
21599 
21603 
21605 
21609 
21611 
21613 
21614 
21616 
21618 
21620 
21621 
21622 
21624 
21626 
21628 
21632 
21634 
21638 
21640 
21641 
21643 
21645 
21647 
21649 
21650 
21652 
21654 
21656 
21660 
21661 
21663 
21665 
21667 
21669 
21670 
21673 
21675 
21677 
21680 
21684 
21686 
21688 
21692 
21694 
21696 
21698 
21700 
21702 
21703 
21707 
21709 
21711 
21713 
21717 
21721 
21723 
21725 
21727 
21731 
21733 
21735 
21737 
21739 
21741 
21742 
21744 
21748 
21749 
21750 
21752 
21753 
21755 
21757 
21759 
21763 
21767 
21769 
21771 
21773 
21775 
21777 
21779 
21781 
21783 
21787 
21788 
21790 
21792 
21794 
21795 
21799 
21801 
21805 
21807 
21809 
21813 
21816 
21818 
21822 
21823 
21826 
21828 
21830 
21832 
21833 
21835 
21837 
21839 
21843 
21847 
21849 
21851 
21853 
21855 
21857 
21861 
21863 
21865 
21866 
21868 
21870 
21872 
21874 
21878 
21880 
21884 
21886 
21888 
21890 
21892 
21894 
21896 
21898 
21901 
21905 
21907 
21909 
21911 
21913 
21915 
21917 
21921 
21923 
21925 
21927 
21929 
21931 
21933 
21936 
21938 
21941 
21942 
21944 
21947 
21950 
21952 
21954 
21958 
21960 
21962 
21966 
21970 
21972 
21974 
21978 
21980 
21984 
21986 
21988 
21989 
21991 
21993 
21994 
21998 
22002 
22004 
22006 
22008 
22010 
22012 
22014 
22016 
22017 
22019 
22021 
22023 
22027 
22031 
22033 
22034 
22036 
22038 
22039 
22040 
22041 
22043 
22047 
22049 
22051 
22053 
22055 
22057 
22061 
22062 
22064 
22066 
22068 
22070 
22072 
22073 
22077 
22079 
22081 
22082 
22083 
22085 
22089 
22091 
22095 
22097 
22099 
22101 
22103 
22105 
22109 
22111 
22113 
22115 
22117 
22119 
22120 
22122 
22123 
22125 
22127 
22129 
22131 
22135 
22137 
22141 
22143 
22145 
22149 
22153 
22155 
22157 
22159 
22163 
22166 
22168 
22170 
22174 
22176 
22178 
22180 
22182 
22184 
22185 
22189 
22191 
22193 
22195 
22197 
22199 
22201 
22204 
22206 
22207 
22209 
22211 
22214 
22216 
22218 
22220 
22221 
22223 
22225 
22227 
22231 
22233 
22234 
22237 
22238 
22240 
22243 
22245 
22249 
22250 
22252 
22253 
22255 
22257 
22258 
22260 
22264 
22265 
22267 
22269 
22271 
22275 
22277 
22280 
22282 
22284 
22287 
22289 
22293 
22297 
22299 
22301 
22305 
22307 
22311 
22313 
22315 
22317 
22319 
22320 
22322 
22326 
22328 
22330 
22332 
22334 
22336 
22338 
22341 
22343 
22345 
22347 
22351 
22353 
22355 
22359 
22363 
22365 
22367 
22368 
22370 
22372 
22374 
22376 
22378 
22381 
22383 
22385 
22387 
22391 
22392 
22394 
22396 
22398 
22400 
22402 
22406 
22408 
22410 
22411 
22413 
22414 
22418 
22420 
22423 
22425 
22427 
22429 
22431 
22432 
22434 
22438 
22440 
22442 
22443 
22445 
22447 
22449 
22451 
22453 
22455 
22456 
22460 
22461 
22464 
22466 
22468 
22470 
22473 
22477 
22479 
22480 
22483 
22485 
22487 
22489 
22492 
22494 
22496 
22500 
22502 
22506 
22507 
22509 
22510 
22512 
22514 
22515 
22517 
22519 
22521 
22523 
22525 
22527 
22531 
22533 
22534 
22536 
22538 
22540 
22542 
22546 
22548 
22552 
22554 
22556 
22558 
22559 
22561 
22563 
22565 
22566 
22568 
22571 
22575 
22577 
22579 
22583 
22585 
22587 
22589 
22591 
22593 
22595 
22599 
22601 
22605 
22607 
22610 
22613 
22615 
22617 
22621 
22623 
22627 
22629 
22633 
22635 
22637 
22638 
22640 
22642 
22644 
22646 
22648 
22650 
22652 
22654 
22658 
22660 
22663 
22667 
22669 
22670 
22673 
22675 
22677 
22681 
22682 
22684 
22686 
22688 
22690 
22693 
22697 
22699 
22701 
22703 
22705 
22706 
22707 
22709 
22711 
22715 
22717 
22721 
22723 
22725 
22726 
22728 
22730 
22731 
22733 
22734 
22736 
22738 
22740 
22744 
22746 
22750 
22752 
22754 
22755 
22757 
22759 
22761 
22763 
22764 
22766 
22768 
22772 
22774 
22775 
22777 
22779 
22781 
22784 
22786 
22787 
22789 
22792 
22796 
22798 
22800 
22804 
22806 
22808 
22810 
22812 
22813 
22815 
22819 
22821 
22823 
22827 
22830 
22832 
22833 
22835 
22837 
22839 
22841 
22843 
22844 
22846 
22850 
22851 
22853 
22855 
22857 
22859 
22861 
22865 
22867 
22871 
22873 
22877 
22879 
22881 
22883 
22885 
22887 
22889 
22893 
22895 
22897 
22899 
22901 
22903 
22905 
22907 
22909 
22911 
22913 
22915 
22917 
22919 
22921 
22923 
22926 
22927 
22930 
22932 
22934 
22937 
22940 
22942 
22944 
22948 
22950 
22954 
22956 
22958 
22962 
22966 
22968 
22970 
22974 
22976 
22978 
22980 
22982 
22983 
22985 
22987 
22989 
22993 
22997 
22999 
23001 
23003 
23005 
23007 
23009 
23013 
23014 
23015 
23017 
23019 
23021 
23022 
23024 
23028 
23029 
23033 
23034 
23036 
23038 
23040 
23042 
23044 
23048 
23052 
23054 
23056 
23060 
23062 
23066 
23068 
23070 
23072 
23074 
23075 
23076 
23079 
23083 
23085 
23086 
23087 
23088 
23090 
23092 
23093 
23097 
23099 
23101 
23103 
23105 
23107 
23109 
23111 
23113 
23115 
23116 
23118 
23122 
23124 
23128 
23130 
23131 
23133 
23135 
23137 
23139 
23143 
23145 
23147 
23149 
23151 
23153 
23157 
23159 
23161 
23163 
23167 
23169 
23171 
23173 
23175 
23177 
23178 
23180 
23182 
23184 
23185 
23189 
23191 
23193 
23194 
23195 
23197 
23201 
23202 
23204 
23206 
23208 
23210 
23212 
23216 
23218 
23222 
23224 
23226 
23230 
23232 
23236 
23238 
23241 
23243 
23245 
23249 
23251 
23255 
23257 
23259 
23261 
23262 
23263 
23265 
23269 
23271 
23273 
23275 
23277 
23279 
23281 
23282 
23285 
23287 
23289 
23291 
23292 
23293 
23294 
23296 
23298 
23300 
23302 
23304 
23308 
23310 
23314 
23316 
23318 
23320 
23322 
23324 
23326 
23328 
23330 
23332 
23333 
23335 
23336 
23340 
23342 
23346 
23348 
23350 
23351 
23353 
23355 
23359 
23361 
23363 
23365 
23367 
23369 
23372 
23374 
23378 
23380 
23382 
23385 
23388 
23390 
23391 
23394 
23395 
23397 
23399 
23401 
23402 
23404 
23405 
23406 
23408 
23410 
23412 
23416 
23418 
23420 
23421 
23423 
23425 
23429 
23431 
23433 
23437 
23438 
23440 
23441 
23443 
23445 
23446 
23448 
23449 
23450 
23452 
23454 
23456 
23458 
23461 
23463 
23465 
23467 
23469 
23473 
23475 
23479 
23481 
23483 
23486 
23488 
23492 
23493 
23494 
23496 
23498 
23499 
23501 
23505 
23507 
23508 
23509 
23511 
23513 
23515 
23516 
23518 
23522 
23524 
23526 
23530 
23534 
23536 
23538 
23540 
23542 
23544 
23546 
23548 
23551 
23553 
23555 
23559 
23561 
23563 
23567 
23570 
23572 
23573 
23575 
23577 
23579 
23581 
23583 
23584 
23586 
23590 
23592 
23594 
23596 
23598 
23600 
23602 
23605 
23607 
23608 
23611 
23613 
23614 
23617 
23619 
23622 
23626 
23628 
23630 
23632 
23634 
23636 
23638 
23639 
23643 
23645 
23647 
23651 
23654 
23656 
23657 
23661 
23663 
23666 
23668 
23670 
23672 
23673 
23675 
23677 
23678 
23682 
23686 
23688 
23690 
23691 
23693 
23695 
23697 
23699 
23703 
23705 
23706 
23708 
23710 
23712 
23714 
23718 
23720 
23722 
23724 
23726 
23728 
23730 
23734 
23735 
23737 
23739 
23741 
23743 
23745 
23747 
23750 
23752 
23755 
23757 
23759 
23762 
23764 
23766 
23768 
23770 
23772 
23774 
23776 
23778 
23780 
23783 
23785 
23787 
23790 
23793 
23795 
23797 
23801 
23803 
23805 
23809 
23811 
23815 
23819 
23821 
23823 
23825 
23827 
23829 
23833 
23834 
23835 
23837 
23839 
23840 
23841 
23843 
23845 
23847 
23851 
23853 
23855 
23856 
23858 
23860 
23864 
23866 
23867 
23868 
23870 
23872 
23874 
23876 
23880 
23882 
23884 
23886 
23888 
23890 
23892 
23894 
23896 
23898 
23900 
23901 
23902 
23906 
23908 
23912 
23914 
23916 
23918 
23920 
23922 
23924 
23928 
23930 
23932 
23933 
23935 
23939 
23941 
23944 
23946 
23948 
23951 
23954 
23956 
23957 
23959 
23961 
23963 
23964 
23965 
23967 
23968 
23970 
23972 
23974 
23976 
23979 
23981 
23983 
23985 
23989 
23991 
23993 
23995 
23998 
24000 
24004 
24006 
24008 
24012 
24013 
24014 
24016 
24018 
24020 
24021 
24022 
24024 
24025 
24027 
24029 
24031 
24035 
24037 
24038 
24040 
24044 
24046 
24048 
24052 
24054 
24055 
24057 
24058 
24060 
24064 
24066 
24068 
24070 
24072 
24074 
24076 
24078 
24081 
24083 
24085 
24089 
24091 
24093 
24097 
24101 
24103 
24105 
24107 
24108 
24109 
24111 
24112 
24114 
24118 
24120 
24122 
24126 
24129 
24131 
24133 
24134 
24136 
24138 
24140 
24142 
24143 
24145 
24149 
24151 
24154 
24156 
24158 
24160 
24162 
24164 
24166 
24169 
24171 
24172 
24174 
24177 
24181 
24183 
24184 
24187 
24189 
24191 
24193 
24195 
24196 
24198 
24202 
24204 
24206 
24210 
24213 
24215 
24217 
24220 
24221 
24225 
24227 
24229 
24231 
24233 
24235 
24236 
24237 
24241 
24242 
24244 
24246 
24248 
24250 
24252 
24256 
24258 
24262 
24264 
24268 
24270 
24272 
24274 
24276 
24278 
24280 
24282 
24283 
24285 
24286 
24288 
24292 
24293 
24295 
24297 
24299 
24301 
24303 
24305 
24308 
24310 
24313 
24315 
24317 
24320 
24322 
24324 
24326 
24328 
24330 
24332 
24334 
24336 
24338 
24341 
24343 
24345 
24349 
24351 
24353 
24356 
24358 
24360 
24364 
24366 
24370 
24372 
24374 
24376 
24378 
24382 
24383 
24387 
24389 
24391 
24392 
24394 
24396 
24397 
24399 
24401 
24405 
24407 
24409 
24410 
24411 
24413 
24415 
24417 
24420 
24423 
24425 
24426 
24428 
24430 
24432 
24434 
24438 
24440 
24442 
24444 
24446 
24448 
24450 
24453 
24455 
24457 
24459 
24461 
24462 
24464 
24468 
24470 
24473 
24475 
24477 
24480 
24483 
24485 
24488 
24490 
24492 
24494 
24496 
24498 
24500 
24502 
24506 
24508 
24510 
24513 
24517 
24519 
24521 
24525 
24527 
24529 
24533 
24535 
24537 
24541 
24545 
24547 
24549 
24551 
24553 
24554 
24556 
24557 
24559 
24561 
24563 
24566 
24568 
24570 
24573 
24577 
24579 
24581 
24584 
24585 
24587 
24591 
24593 
24597 
24598 
24599 
24601 
24602 
24605 
24607 
24609 
24611 
24613 
24615 
24619 
24620 
24624 
24626 
24628 
24630 
24631 
24633 
24635 
24637 
24638 
24639 
24641 
24643 
24647 
24649 
24652 
24654 
24656 
24657 
24658 
24660 
24662 
24663 
24664 
24666 
24668 
24670 
24674 
24676 
24678 
24680 
24682 
24686 
24688 
24692 
24694 
24696 
24698 
24700 
24702 
24704 
24708 
24709 
24711 
24713 
24717 
24719 
24722 
24724 
24726 
24730 
24732 
24736 
24738 
24740 
24744 
24746 
24748 
24750 
24752 
24754 
24755 
24756 
24760 
24761 
24763 
24767 
24768 
24772 
24773 
24775 
24777 
24779 
24781 
24782 
24784 
24788 
24789 
24791 
24792 
24794 
24796 
24798 
24802 
24804 
24805 
24807 
24809 
24812 
24813 
24815 
24817 
24819 
24821 
24825 
24827 
24829 
24833 
24834 
24836 
24838 
24840 
24842 
24843 
24846 
24848 
24851 
24853 
24856 
24860 
24862 
24864 
24868 
24870 
24872 
24874 
24876 
24878 
24880 
24884 
24886 
24888 
24892 
24894 
24897 
24900 
24902 
24906 
24908 
24912 
24914 
24916 
24918 
24920 
24924 
24926 
24928 
24932 
24934 
24936 
24937 
24939 
24941 
24943 
24945 
24947 
24949 
24951 
24953 
24957 
24959 
24962 
24966 
24968 
24970 
24974 
24976 
24978 
24982 
24984 
24987 
24991 
24993 
24995 
24997 
24999 
25001 
25004 
25006 
25010 
25012 
25014 
25016 
25018 
25019 
25020 
25022 
25024 
25028 
25030 
25034 
25036 
25038 
25039 
25041 
25043 
25047 
25049 
25051 
25055 
25057 
25059 
25061 
25062 
25064 
25066 
25068 
25072 
25076 
25078 
25080 
25084 
25087 
25089 
25091 
25092 
25095 
25097 
25099 
25101 
25103 
25105 
25106 
25108 
25112 
25114 
25116 
25118 
25119 
25123 
25125 
25127 
25129 
25133 
25134 
25136 
25138 
25141 
25143 
25146 
25150 
25152 
25153 
25155 
25156 
25158 
25159 
25160 
25162 
25164 
25166 
25168 
25170 
25174 
25176 
25178 
25181 
25183 
25186 
25188 
25190 
25192 
25194 
25196 
25197 
25199 
25201 
25205 
25207 
25209 
25212 
25216 
25218 
25220 
25223 
25225 
25229 
25231 
25233 
25235 
25237 
25240 
25241 
25243 
25244 
25245 
25247 
25251 
25253 
25257 
25259 
25261 
25262 
25264 
25266 
25268 
25269 
25271 
25273 
25274 
25276 
25280 
25282 
25284 
25285 
25287 
25289 
25290 
25291 
25293 
25295 
25296 
25300 
25301 
25303 
25306 
25308 
25312 
25314 
25315 
25317 
25319 
25320 
25322 
25325 
25327 
25329 
25333 
25335 
25336 
25340 
25342 
25344 
25347 
25349 
25353 
25355 
25359 
25361 
25365 
25367 
25369 
25373 
25375 
25378 
25380 
25382 
25384 
25386 
25387 
25389 
25393 
25395 
25396 
25398 
25400 
25402 
25404 
25407 
25409 
25411 
25413 
25417 
25419 
25421 
25425 
25429 
25431 
25433 
25435 
25437 
25439 
25441 
25443 
25445 
25448 
25450 
25452 
25454 
25458 
25459 
25461 
25463 
25465 
25467 
25469 
25473 
25475 
25477 
25478 
25480 
25481 
25485 
25487 
25490 
25492 
25494 
25496 
25498 
25499 
25501 
25505 
25507 
25509 
25510 
25512 
25514 
25516 
25518 
25520 
25522 
25524 
25528 
25530 
25532 
25534 
25536 
25538 
25539 
25542 
25544 
25547 
25549 
25551 
25554 
25558 
25560 
25561 
25564 
25568 
25569 
25570 
25573 
25575 
25576 
25580 
25582 
25585 
25586 
25588 
25590 
25592 
25594 
25595 
25597 
25600 
25602 
25603 
25605 
25607 
25609 
25611 
25614 
25616 
25620 
25622 
25624 
25626 
25628 
25630 
25632 
25635 
25639 
25641 
25643 
25646 
25648 
25649 
25651 
25652 
25654 
25657 
25659 
25662 
25664 
25666 
25668 
25670 
25672 
25674 
25676 
25680 
25684 
25686 
25688 
25690 
25692 
25694 
25696 
25699 
25701 
25703 
25705 
25707 
25709 
25711 
25713 
25716 
25717 
25720 
25722 
25724 
25727 
25731 
25733 
25735 
25739 
25741 
25743 
25745 
25747 
25749 
25751 
25755 
25757 
25761 
25763 
25764 
25767 
25771 
25773 
25775 
25779 
25781 
25785 
25787 
25789 
25790 
25792 
25794 
25795 
25797 
25801 
25803 
25807 
25809 
25811 
25812 
25814 
25816 
25818 
25820 
25822 
25824 
25826 
25828 
25832 
25833 
25835 
25838 
25842 
25844 
25846 
25849 
25851 
25853 
25857 
25859 
25862 
25864 
25866 
25868 
25872 
25876 
25878 
25880 
25882 
25884 
25885 
25886 
25888 
25890 
25894 
25896 
25900 
25902 
25904 
25905 
25907 
25909 
25913 
25915 
25917 
25919 
25923 
25925 
25928 
25932 
25934 
25935 
25939 
25941 
25943 
25945 
25947 
25949 
25950 
25951 
25953 
25955 
25957 
25959 
25961 
25965 
25967 
25971 
25973 
25975 
25977 
25979 
25981 
25983 
25985 
25986 
25988 
25990 
25994 
25996 
25997 
25999 
26001 
26003 
26006 
26008 
26011 
26013 
26015 
26018 
26022 
26024 
26026 
26028 
26032 
26034 
26036 
26038 
26040 
26041 
26043 
26044 
26046 
26048 
26050 
26052 
26054 
26058 
26060 
26064 
26066 
26070 
26072 
26074 
26076 
26078 
26080 
26082 
26086 
26088 
26090 
26092 
26094 
26096 
26098 
26100 
26102 
26104 
26106 
26108 
26110 
26112 
26114 
26117 
26119 
26122 
26124 
26126 
26129 
26131 
26133 
26135 
26139 
26141 
26143 
26147 
26151 
26153 
26155 
26159 
26161 
26163 
26165 
26167 
26168 
26170 
26172 
26174 
26178 
26182 
26184 
26186 
26188 
26190 
26192 
26195 
26196 
26197 
26199 
26201 
26203 
26204 
26206 
26210 
26212 
26216 
26218 
26219 
26221 
26223 
26225 
26227 
26229 
26233 
26237 
26239 
26241 
26245 
26247 
26251 
26253 
26255 
26257 
26258 
26259 
26263 
26265 
26266 
26267 
26269 
26271 
26273 
26277 
26279 
26281 
26283 
26285 
26287 
26289 
26291 
26293 
26295 
26296 
26298 
26302 
26304 
26308 
26309 
26310 
26312 
26314 
26316 
26320 
26322 
26324 
26326 
26328 
26330 
26334 
26336 
26338 
26340 
26344 
26346 
26348 
26350 
26351 
26353 
26355 
26358 
26360 
26362 
26366 
26368 
26370 
26371 
26372 
26374 
26375 
26377 
26381 
26382 
26384 
26386 
26388 
26390 
26392 
26396 
26398 
26402 
26404 
26406 
26410 
26412 
26416 
26418 
26421 
26422 
26424 
26428 
26430 
26434 
26436 
26438 
26440 
26441 
26442 
26444 
26448 
26450 
26451 
26453 
26455 
26457 
26459 
26461 
26464 
26466 
26468 
26470 
26471 
26473 
26474 
26476 
26478 
26480 
26483 
26485 
26489 
26491 
26495 
26497 
26499 
26501 
26503 
26505 
26507 
26509 
26511 
26513 
26514 
26516 
26518 
26520 
26524 
26526 
26528 
26529 
26531 
26535 
26537 
26539 
26541 
26543 
26544 
26547 
26549 
26553 
26555 
26557 
26560 
26561 
26564 
26566 
26567 
26568 
26570 
26572 
26574 
26577 
26579 
26582 
26583 
26585 
26587 
26589 
26593 
26595 
26596 
26600 
26601 
26602 
26603 
26605 
26606 
26608 
26610 
26612 
26614 
26616 
26618 
26620 
26623 
26625 
26627 
26629 
26631 
26635 
26637 
26641 
26643 
26645 
26648 
26650 
26654 
26655 
26657 
26659 
26660 
26661 
26665 
26667 
26669 
26671 
26673 
26675 
26679 
26681 
26682 
26685 
26689 
26691 
26693 
26695 
26697 
26699 
26701 
26703 
26706 
26708 
26710 
26714 
26716 
26718 
26721 
26725 
26727 
26729 
26731 
26733 
26735 
26737 
26739 
26740 
26742 
26746 
26747 
26749 
26751 
26753 
26755 
26757 
26759 
26762 
26764 
26767 
26769 
26771 
26773 
26776 
26780 
26782 
26784 
26786 
26788 
26789 
26792 
26794 
26798 
26800 
26801 
26803 
26807 
26809 
26813 
26815 
26817 
26819 
26821 
26822 
26824 
26828 
26829 
26831 
26835 
26838 
26840 
26841 
26845 
26847 
26850 
26852 
26854 
26856 
26857 
26859 
26861 
26862 
26866 
26870 
26872 
26874 
26875 
26877 
26879 
26881 
26883 
26887 
26889 
26891 
26893 
26895 
26897 
26901 
26903 
26905 
26907 
26909 
26911 
26913 
26917 
26918 
26920 
26922 
26924 
26926 
26928 
26930 
26933 
26935 
26938 
26940 
26942 
26945 
26947 
26949 
26951 
26953 
26954 
26956 
26958 
26960 
26962 
26965 
26967 
26968 
26971 
26974 
26976 
26978 
26982 
26984 
26986 
26990 
26992 
26996 
27000 
27002 
27004 
27006 
27008 
27010 
27014 
27016 
27018 
27020 
27021 
27022 
27023 
27025 
27027 
27031 
27033 
27035 
27036 
27037 
27039 
27043 
27045 
27046 
27048 
27050 
27052 
27054 
27058 
27060 
27062 
27064 
27066 
27068 
27070 
27072 
27074 
27076 
27078 
27079 
27081 
27085 
27087 
27091 
27093 
27095 
27097 
27099 
27101 
27103 
27107 
27109 
27111 
27112 
27114 
27118 
27120 
27123 
27125 
27127 
27130 
27133 
27135 
27137 
27139 
27141 
27143 
27145 
27146 
27148 
27151 
27153 
27154 
27156 
27160 
27162 
27164 
27165 
27168 
27170 
27173 
27175 
27178 
27180 
27182 
27183 
27184 
27186 
27188 
27190 
27192 
27194 
27198 
27200 
27201 
27205 
27207 
27209 
27211 
27215 
27216 
27218 
27220 
27221 
27223 
27227 
27229 
27231 
27233 
27235 
27237 
27239 
27241 
27244 
27246 
27248 
27252 
27254 
27256 
27260 
27264 
27266 
27268 
27270 
27271 
27272 
27274 
27275 
27277 
27279 
27283 
27285 
27287 
27291 
27295 
27297 
27299 
27301 
27305 
27306 
27308 
27312 
27314 
27316 
27318 
27320 
27322 
27323 
27326 
27328 
27330 
27332 
27333 
27335 
27337 
27339 
27340 
27342 
27346 
27348 
27351 
27353 
27354 
27356 
27358 
27360 
27362 
27364 
27367 
27369 
27370 
27373 
27377 
27379 
27381 
27385 
27387 
27389 
27391 
27393 
27394 
27396 
27397 
27399 
27401 
27403 
27405 
27407 
27411 
27413 
27417 
27419 
27423 
27425 
27427 
27429 
27430 
27432 
27434 
27438 
27439 
27441 
27443 
27445 
27447 
27449 
27451 
27454 
27456 
27459 
27461 
27463 
27466 
27468 
27470 
27472 
27474 
27476 
27478 
27480 
27482 
27484 
27487 
27488 
27490 
27494 
27496 
27498 
27501 
27502 
27504 
27508 
27510 
27514 
27516 
27518 
27520 
27522 
27526 
27528 
27532 
27534 
27536 
27538 
27540 
27542 
27543 
27545 
27547 
27551 
27553 
27555 
27556 
27557 
27559 
27563 
27565 
27567 
27569 
27571 
27574 
27576 
27580 
27582 
27584 
27586 
27587 
27589 
27590 
27592 
27596 
27598 
27600 
27602 
27604 
27606 
27608 
27612 
27614 
27616 
27618 
27620 
27624 
27626 
27628 
27631 
27633 
27637 
27641 
27643 
27645 
27649 
27651 
27655 
27657 
27659 
27661 
27663 
27664 
27666 
27667 
27669 
27670 
27672 
27674 
27676 
27679 
27680 
27682 
27685 
27687 
27689 
27691 
27693 
27695 
27697 
27698 
27700 
27701 
27705 
27707 
27710 
27712 
27714 
27716 
27718 
27722 
27724 
27726 
27727 
27729 
27731 
27733 
27735 
27737 
27739 
27741 
27745 
27747 
27749 
27751 
27753 
27755 
27757 
27759 
27762 
27764 
27767 
27769 
27771 
27774 
27778 
27780 
27782 
27786 
27790 
27792 
27794 
27797 
27799 
27800 
27804 
27806 
27808 
27810 
27812 
27813 
27815 
27817 
27819 
27823 
27825 
27827 
27829 
27831 
27833 
27835 
27839 
27841 
27845 
27847 
27848 
27851 
27853 
27855 
27859 
27861 
27862 
27864 
27866 
27867 
27871 
27873 
27875 
27876 
27878 
27880 
27882 
27883 
27887 
27889 
27893 
27895 
27897 
27899 
27900 
27902 
27904 
27906 
27908 
27910 
27912 
27916 
27918 
27920 
27922 
27924 
27926 
27928 
27932 
27934 
27936 
27938 
27940 
27942 
27944 
27947 
27949 
27952 
27954 
27957 
27961 
27963 
27964 
27967 
27968 
27970 
27972 
27974 
27976 
27978 
27982 
27984 
27988 
27990 
27994 
27996 
27998 
27999 
28001 
28003 
28005 
28007 
28009 
28011 
28015 
28016 
28017 
28019 
28021 
28023 
28024 
28025 
28028 
28030 
28034 
28036 
28038 
28041 
28045 
28046 
28050 
28053 
28055 
28057 
28059 
28061 
28062 
28064 
28067 
28069 
28071 
28075 
28077 
28079 
28083 
28085 
28087 
28089 
28091 
28093 
28094 
28096 
28098 
28100 
28102 
28104 
28106 
28110 
28111 
28113 
28116 
28118 
28120 
28122 
28126 
28130 
28132 
28134 
28138 
28140 
28144 
28146 
28148 
28150 
28151 
28153 
28157 
28159 
28160 
28162 
28163 
28165 
28168 
28170 
28172 
28175 
28178 
28180 
28182 
28184 
28186 
28188 
28192 
28194 
28196 
28197 
28198 
28200 
28202 
28205 
28207 
28211 
28213 
28215 
28217 
28219 
28221 
28223 
28225 
28227 
28229 
28231 
28232 
28234 
28238 
28240 
28241 
28243 
28245 
28247 
28249 
28250 
28252 
28256 
28258 
28261 
28263 
28265 
28268 
28270 
28273 
28277 
28279 
28281 
28284 
28286 
28288 
28290 
28292 
28294 
28295 
28297 
28299 
28301 
28303 
28305 
28309 
28310 
28312 
28315 
28317 
28319 
28321 
28324 
28326 
28330 
28332 
28334 
28338 
28340 
28342 
28346 
28348 
28352 
28354 
28355 
28357 
28359 
28360 
28362 
28364 
28366 
28368 
28370 
28372 
28374 
28378 
28382 
28384 
28386 
28390 
28393 
28395 
28396 
28397 
28400 
28402 
28404 
28406 
28408 
28409 
28410 
28412 
28416 
28418 
28419 
28421 
28423 
28424 
28428 
28430 
28434 
28436 
28438 
28440 
28444 
28446 
28449 
28453 
28455 
28457 
28459 
28461 
28462 
28463 
28465 
28467 
28469 
28471 
28473 
28475 
28479 
28481 
28483 
28486 
28488 
28491 
28493 
28495 
28497 
28499 
28501 
28505 
28507 
28510 
28513 
28515 
28517 
28521 
28522 
28524 
28526 
28528 
28530 
28534 
28535 
28537 
28538 
28539 
28541 
28543 
28545 
28549 
28551 
28552 
28553 
28555 
28557 
28559 
28561 
28562 
28564 
28566 
28568 
28570 
28572 
28573 
28574 
28578 
28580 
28584 
28586 
28588 
28590 
28592 
28594 
28596 
28598 
28600 
28601 
28605 
28609 
28611 
28612 
28614 
28616 
28618 
28620 
28624 
28626 
28628 
28630 
28632 
28634 
28636 
28638 
28642 
28644 
28645 
28647 
28649 
28650 
28651 
28653 
28655 
28657 
28659 
28661 
28664 
28666 
28669 
28671 
28673 
28675 
28679 
28681 
28683 
28685 
28687 
28691 
28693 
28697 
28699 
28701 
28705 
28707 
28709 
28711 
28713 
28715 
28716 
28717 
28719 
28720 
28722 
28724 
28726 
28730 
28732 
28734 
28736 
28739 
28741 
28743 
28745 
28747 
28749 
28751 
28753 
28755 
28757 
28761 
28763 
28765 
28769 
28773 
28775 
28777 
28779 
28781 
28783 
28785 
28787 
28789 
28791 
28793 
28797 
28799 
28801 
28805 
28807 
28809 
28811 
28813 
28815 
28819 
28821 
28823 
28826 
28828 
28830 
28832 
28834 
28836 
28840 
28842 
28845 
28847 
28849 
28852 
28854 
28858 
28860 
28864 
28866 
28868 
28870 
28872 
28874 
28875 
28879 
28881 
28883 
28885 
28887 
28889 
28891 
28893 
28894 
28896 
28900 
28902 
28906 
28908 
28910 
28913 
28915 
28917 
28919 
28921 
28923 
28926 
28928 
28931 
28933 
28935 
28938 
28942 
28944 
28946 
28949 
28951 
28952 
28954 
28955 
28957 
28961 
28963 
28965 
28968 
28972 
28974 
28976 
28980 
28982 
28986 
28988 
28990 
28992 
28994 
28995 
28999 
29001 
29002 
29004 
29005 
29007 
29009 
29011 
29015 
29017 
29021 
29023 
29024 
29026 
29028 
29030 
29031 
29033 
29035 
29037 
29039 
29041 
29045 
29047 
29051 
29053 
29057 
29059 
29061 
29063 
29065 
29066 
29068 
29070 
29072 
29074 
29076 
29080 
29082 
29084 
29086 
29088 
29090 
29092 
29094 
29097 
29099 
29102 
29104 
29106 
29109 
29111 
29113 
29114 
29116 
29118 
29120 
29121 
29125 
29127 
29131 
29133 
29135 
29139 
29141 
29143 
29145 
29149 
29151 
29154 
29156 
29158 
29162 
29164 
29166 
29168 
29171 
29174 
29177 
29180 
29183 
29185 
29188 
29191 
29194 
29196 
29199 
29202 
29205 
29208 
29211 
29214 
29217 
29220 
29223 
29224 
29226 
29228 
29231 
29234 
29237 
29240 
29243 
29245 
29248 
29250 
29253 
29256 
29259 
29262 
29264 
29267 
29269 
29272 
29274 
29277 
29279 
29282 
29285 
29288 
29291 
29294 
29297 
29300 
29303 
29306 
29308 
29310 
29313 
29316 
29319 
29322 
29325 
29328 
29331 
29334 
29337 
29340 
29343 
29346 
29349 
29352 
29355 
29358 
29361 
29363 
29366 
29369 
29372 
29375 
29377 
29379 
29382 
29385 
29388 
29391 
29394 
29397 
29400 
29403 
29406 
29408 
29411 
29414 
29417 
29419 
29421 
29424 
29427 
29430 
29433 
29436 
29439 
29442 
29445 
29448 
29451 
29454 
29457 
29460 
29463 
29466 
29469 
29472 
29475 
29477 
29480 
29482 
29484 
29486 
29489 
29491 
29493 
29495 
29497 
29499 
29502 
29505 
29508 
29511 
29513 
29516 
29519 
29522 
29525 
29528 
29531 
29534 
29535 
29538 
29540 
29543 
29546 
29549 
29552 
29555 
29558 
29561 
29563 
29566 
29568 
29571 
29574 
29577 
29580 
29581 
29583 
29586 
29589 
29592 
29595 
29598 
29601 
29604 
29607 
29610 
29612 
29615 
29618 
29621 
29623 
29626 
29629 
29632 
29635 
29638 
29640 
29643 
29646 
29648 
29651 
29653 
29654 
29657 
29660 
29663 
29665 
29666 
29669 
29672 
29675 
29678 
29681 
29684 
29686 
29689 
29692 
29695 
29698 
29700 
29703 
29706 
29709 
29712 
29715 
29717 
29720 
29722 
29724 
29726 
29729 
29732 
29734 
29737 
29740 
29743 
29745 
29748 
29751 
29754 
29757 
29760 
29762 
29765 
29768 
29771 
29773 
29776 
29779 
29782 
29785 
29788 
29791 
29794 
29797 
29800 
29803 
29806 
29808 
29810 
29813 
29815 
29818 
29821 
29824 
29826 
29829 
29831 
29834 
29837 
29840 
29843 
29846 
29849 
29852 
29855 
29858 
29861 
29863 
29866 
29869 
29871 
29874 
29877 
29880 
29883 
29885 
29888 
29891 
29894 
29897 
29900 
29903 
29906 
29909 
29912 
29915 
29918 
29921 
29924 
29926 
29929 
29932 
29935 
29938 
29941 
29944 
29946 
29949 
29952 
29955 
29958 
29961 
29964 
29966 
29969 
29972 
29975 
29977 
29980 
29983 
29985 
29988 
29991 
29993 
29995 
29997 
30000 
30002 
30005 
30008 
30011 
30014 
30017 
30020 
30023 
30026 
30029 
30032 
30034 
30037 
30040 
30043 
30046 
30049 
30051 
30054 
30056 
30059 
30062 
30065 
30068 
30071 
30074 
30077 
30080 
30082 
30085 
30088 
30091 
30094 
30097 
30100 
30103 
30106 
30109 
30112 
30115 
30118 
30121 
30124 
30127 
30130 
30132 
30135 
30138 
30141 
30144 
30147 
30150 
30152 
30155 
30158 
30160 
30163 
30166 
30169 
30171 
30174 
30177 
30179 
30182 
30185 
30188 
30191 
30194 
30197 
30199 
30202 
30205 
30208 
30211 
30214 
30217 
30220 
30223 
30226 
30228 
30231 
30234 
30236 
30239 
30242 
30245 
30248 
30251 
30254 
30257 
30260 
30263 
30265 
30268 
30271 
30273 
30275 
30278 
30280 
30281 
30284 
30286 
30289 
30292 
30295 
30298 
30301 
30304 
30307 
30310 
30312 
30315 
30318 
30321 
30323 
30326 
30329 
30332 
30335 
30338 
30341 
30344 
30346 
30348 
30349 
30352 
30355 
30358 
30361 
30364 
30366 
30369 
30372 
30375 
30378 
30380 
30383 
30386 
30389 
30392 
30394 
30397 
30399 
30401 
30403 
30406 
30408 
30411 
30414 
30417 
30419 
30422 
30425 
30428 
30431 
30434 
30437 
30440 
30443 
30446 
30449 
30451 
30454 
30456 
30459 
30462 
30465 
30468 
30471 
30474 
30477 
30479 
30482 
30484 
30487 
30490 
30493 
30496 
30499 
30502 
30504 
30507 
30510 
30512 
30514 
30516 
30518 
30521 
30524 
30527 
30530 
30533 
30535 
30538 
30541 
30544 
30547 
30549 
30552 
30555 
30558 
30560 
30562 
30565 
30568 
30571 
30573 
30576 
30579 
30582 
30585 
30588 
30591 
30594 
30597 
30600 
30603 
30606 
30609 
30611 
30613 
30616 
30619 
30621 
30624 
30627 
30630 
30631 
30634 
30637 
30639 
30642 
30645 
30648 
30650 
30653 
30656 
30659 
30662 
30664 
30666 
30669 
30672 
30675 
30678 
30681 
30684 
30687 
30689 
30692 
30695 
30698 
30700 
30702 
30705 
30708 
30711 
30713 
30716 
30719 
30721 
30724 
30726 
30728 
30731 
30734 
30737 
30740 
30743 
30746 
30748 
30751 
30753 
30756 
30759 
30762 
30765 
30768 
30771 
30774 
30777 
30780 
30783 
30786 
30788 
30790 
30793 
30796 
30799 
30802 
30805 
30808 
30811 
30814 
30817 
30819 
30822 
30825 
30828 
30831 
30834 
30836 
30838 
30841 
30844 
30847 
30850 
30853 
30856 
30859 
30862 
30865 
30868 
30870 
30873 
30876 
30879 
30881 
30884 
30887 
30889 
30892 
30894 
30897 
30900 
30902 
30905 
30908 
30911 
30913 
30916 
30919 
30920 
30923 
30926 
30928 
30930 
30933 
30936 
30937 
30940 
30943 
30946 
30949 
30952 
30955 
30958 
30961 
30964 
30966 
30969 
30972 
30974 
30977 
30979 
30982 
30985 
30988 
30991 
30992 
30994 
30997 
30999 
31002 
31003 
31004 
31007 
31010 
31013 
31016 
31019 
31022 
31024 
31027 
31029 
31032 
31035 
31037 
31039 
31042 
31045 
31048 
31051 
31054 
31056 
31059 
31062 
31065 
31068 
31071 
31073 
31076 
31079 
31082 
31085 
31088 
31090 
31092 
31095 
31098 
31100 
31103 
31106 
31109 
31111 
31113 
31115 
31118 
31121 
31124 
31127 
31130 
31133 
31136 
31139 
31142 
31145 
31148 
31151 
31154 
31157 
31160 
31163 
31165 
31168 
31171 
31174 
31177 
31178 
31181 
31184 
31187 
31190 
31193 
31196 
31199 
31202 
31204 
31207 
31210 
31213 
31216 
31218 
31221 
31224 
31226 
31229 
31232 
31235 
31238 
31241 
31244 
31247 
31248 
31250 
31252 
31255 
31258 
31260 
31262 
31265 
31268 
31270 
31272 
31275 
31278 
31281 
31284 
31287 
31290 
31293 
31296 
31299 
31302 
31304 
31307 
31309 
31312 
31315 
31318 
31320 
31323 
31326 
31329 
31332 
31335 
31337 
31340 
31343 
31346 
31349 
31351 
31354 
31357 
31359 
31361 
31364 
31367 
31370 
31373 
31376 
31379 
31382 
31385 
31387 
31389 
31392 
31395 
31398 
31401 
31404 
31407 
31410 
31413 
31416 
31419 
31422 
31425 
31427 
31430 
31433 
31436 
31439 
31442 
31445 
31448 
31451 
31453 
31456 
31458 
31460 
31462 
31464 
31467 
31470 
31473 
31476 
31479 
31481 
31484 
31486 
31489 
31491 
31494 
31497 
31499 
31502 
31505 
31508 
31511 
31513 
31515 
31518 
31521 
31524 
31527 
31530 
31533 
31536 
31539 
31542 
31545 
31547 
31550 
31553 
31556 
31558 
31561 
31564 
31567 
31570 
31572 
31575 
31577 
31579 
31581 
31584 
31587 
31589 
31592 
31595 
31598 
31601 
31604 
31607 
31610 
31613 
31616 
31619 
31622 
31625 
31628 
31631 
31634 
31637 
31640 
31643 
31646 
31648 
31651 
31654 
31656 
31658 
31661 
31664 
31667 
31670 
31673 
31675 
31678 
31681 
31684 
31687 
31690 
31693 
31695 
31698 
31701 
31704 
31707 
31710 
31713 
31716 
31719 
31721 
31723 
31726 
31729 
31731 
31734 
31737 
31740 
31742 
31745 
31747 
31750 
31753 
31755 
31758 
31761 
31764 
31766 
31769 
31771 
31774 
31777 
31780 
31783 
31786 
31789 
31792 
31795 
31797 
31800 
31803 
31806 
31808 
31811 
31814 
31815 
31817 
31820 
31823 
31826 
31829 
31832 
31835 
31838 
31840 
31843 
31846 
31849 
31852 
31854 
31855 
31858 
31861 
31864 
31866 
31869 
31872 
31874 
31877 
31880 
31883 
31886 
31889 
31892 
31895 
31898 
31900 
31903 
31906 
31908 
31911 
31914 
31917 
31920 
31923 
31926 
31929 
31931 
31933 
31936 
31939 
31942 
31944 
31947 
31950 
31953 
31956 
31959 
31962 
31964 
31966 
31969 
31972 
31974 
31976 
31979 
31982 
31984 
31986 
31988 
31991 
31994 
31997 
32000 
32003 
32006 
32009 
32012 
32014 
32017 
32020 
32022 
32024 
32027 
32030 
32033 
32036 
32039 
32042 
32045 
32048 
32051 
32054 
32057 
32059 
32062 
32065 
32068 
32071 
32074 
32077 
32079 
32082 
32085 
32088 
32091 
32093 
32096 
32099 
32102 
32105 
32108 
32111 
32113 
32116 
32118 
32121 
32124 
32126 
32129 
32132 
32134 
32137 
32140 
32142 
32145 
32148 
32151 
32154 
32157 
32160 
32162 
32165 
32168 
32170 
32172 
32175 
32178 
32181 
32184 
32187 
32190 
32193 
32196 
32199 
32202 
32204 
32207 
32210 
32213 
32216 
32219 
32222 
32225 
32228 
32231 
32233 
32236 
32239 
32242 
32245 
32248 
32251 
32253 
32255 
32258 
32261 
32263 
32266 
32269 
32272 
32275 
32278 
32281 
32284 
32287 
32289 
32291 
32292 
32295 
32297 
32300 
32303 
32306 
32309 
32312 
32315 
32318 
32320 
32323 
32326 
32329 
32332 
32334 
32337 
32340 
32342 
32344 
32347 
32349 
32351 
32354 
32357 
32360 
32362 
32364 
32367 
32370 
32373 
32376 
32378 
32381 
32384 
32387 
32390 
32393 
32396 
32399 
32402 
32405 
32408 
32410 
32412 
32415 
32417 
32420 
32422 
32425 
32427 
32429 
32432 
32435 
32438 
32441 
32444 
32446 
32449 
32451 
32454 
32457 
32459 
32462 
32465 
32468 
32471 
32474 
32477 
32480 
32483 
32486 
32489 
32491 
32492 
32494 
32497 
32500 
32503 
32506 
32509 
32512 
32514 
32517 
32520 
32523 
32525 
32528 
32531 
32534 
32537 
32540 
32542 
32545 
32548 
32551 
32554 
32557 
32560 
32563 
32566 
32569 
32572 
32575 
32578 
32581 
32584 
32587 
32589 
32592 
32595 
32597 
32599 
32602 
32605 
32608 
32611 
32614 
32616 
32619 
32622 
32625 
32628 
32631 
32634 
32637 
32639 
32642 
32644 
32647 
32650 
32652 
32654 
32657 
32660 
32663 
32666 
32669 
32672 
32675 
32678 
32681 
32683 
32686 
32688 
32690 
32693 
32696 
32699 
32702 
32704 
32707 
32710 
32713 
32716 
32719 
32722 
32724 
32726 
32729 
32732 
32735 
32738 
32741 
32744 
32747 
32750 
32752 
32755 
32758 
32760 
32762 
32765 
32768 
32771 
32773 
32776 
32779 
32782 
32785 
32787 
32789 
32792 
32795 
32797 
32800 
32803 
32806 
32809 
32812 
32815 
32818 
32821 
32824 
32827 
32829 
32832 
32835 
32838 
32841 
32844 
32847 
32850 
32852 
32855 
32857 
32860 
32863 
32866 
32869 
32871 
32873 
32876 
32879 
32882 
32885 
32888 
32891 
32894 
32897 
32900 
32902 
32905 
32907 
32910 
32913 
32916 
32919 
32922 
32925 
32928 
32931 
32933 
32936 
32938 
32941 
32943 
32945 
32948 
32951 
32953 
32956 
32957 
32960 
32963 
32966 
32969 
32972 
32974 
32977 
32980 
32983 
32986 
32988 
32991 
32993 
32996 
32999 
33001 
33004 
33007 
33010 
33012 
33015 
33018 
33021 
33023 
33026 
33029 
33032 
33035 
33038 
33041 
33044 
33047 
33050 
33053 
33056 
33058 
33061 
33064 
33067 
33069 
33072 
33075 
33078 
33081 
33084 
33087 
33090 
33093 
33095 
33098 
33101 
33104 
33107 
33109 
33112 
33115 
33118 
33120 
33123 
33125 
33128 
33130 
33133 
33136 
33139 
33141 
33144 
33147 
33150 
33153 
33156 
33158 
33161 
33164 
33167 
33169 
33171 
33174 
33177 
33180 
33183 
33186 
33188 
33191 
33194 
33197 
33199 
33202 
33205 
33208 
33211 
33214 
33217 
33220 
33223 
33226 
33228 
33229 
33232 
33234 
33237 
33240 
33242 
33245 
33248 
33250 
33253 
33256 
33258 
33260 
33262 
33265 
33268 
33271 
33274 
33277 
33279 
33282 
33285 
33288 
33291 
33294 
33297 
33300 
33303 
33305 
33308 
33311 
33314 
33316 
33318 
33321 
33323 
33326 
33329 
33332 
33334 
33337 
33340 
33343 
33346 
33349 
33351 
33354 
33357 
33359 
33362 
33365 
33368 
33371 
33374 
33377 
33380 
33383 
33386 
33389 
33392 
33395 
33397 
33400 
33403 
33406 
33409 
33412 
33415 
33418 
33421 
33423 
33426 
33429 
33432 
33434 
33437 
33440 
33443 
33446 
33449 
33452 
33455 
33458 
33460 
33463 
33466 
33469 
33472 
33475 
33478 
33480 
33483 
33485 
33488 
33491 
33494 
33497 
33500 
33503 
33506 
33509 
33512 
33515 
33518 
33521 
33524 
33527 
33529 
33532 
33534 
33537 
33539 
33542 
33545 
33548 
33551 
33554 
33555 
33558 
33561 
33564 
33566 
33569 
33572 
33575 
33577 
33580 
33583 
33585 
33588 
33591 
33594 
33596 
33599 
33602 
33605 
33608 
33611 
33614 
33617 
33619 
33622 
33624 
33627 
33630 
33633 
33635 
33637 
33640 
33643 
33646 
33649 
33652 
33655 
33658 
33661 
33664 
33667 
33670 
33672 
33675 
33678 
33681 
33683 
33686 
33689 
33692 
33694 
33697 
33700 
33703 
33705 
33708 
33711 
33713 
33716 
33719 
33722 
33725 
33728 
33730 
33733 
33736 
33738 
33740 
33742 
33744 
33747 
33750 
33753 
33755 
33757 
33760 
33762 
33765 
33767 
33770 
33773 
33776 
33779 
33781 
33784 
33786 
33789 
33792 
33795 
33798 
33801 
33803 
33806 
33809 
33812 
33814 
33817 
33820 
33823 
33826 
33829 
33832 
33834 
33837 
33840 
33843 
33846 
33849 
33852 
33855 
33857 
33860 
33863 
33865 
33868 
33869 
33871 
33874 
33876 
33879 
33882 
33885 
33887 
33889 
33891 
33894 
33897 
33900 
33903 
33905 
33907 
33910 
33913 
33916 
33918 
33920 
33923 
33925 
33927 
33929 
33932 
33935 
33938 
33941 
33944 
33947 
33950 
33953 
33956 
33959 
33962 
33965 
33968 
33971 
33974 
33977 
33979 
33982 
33985 
33988 
33991 
33994 
33997 
33999 
34002 
34005 
34008 
34010 
34011 
34014 
34017 
34020 
34023 
34026 
34029 
34032 
34034 
34036 
34039 
34042 
34045 
34048 
34050 
34053 
34055 
34058 
34060 
34063 
34066 
34069 
34071 
34074 
34077 
34079 
34081 
34083 
34086 
34089 
34092 
34095 
34097 
34100 
34103 
34106 
34108 
34111 
34114 
34117 
34119 
34122 
34125 
34128 
34130 
34132 
34134 
34137 
34139 
34142 
34145 
34148 
34151 
34154 
34157 
34160 
34163 
34166 
34169 
34171 
34174 
34176 
34179 
34181 
34183 
34186 
34188 
34191 
34193 
34196 
34199 
34202 
34205 
34208 
34211 
34213 
34215 
34218 
34220 
34223 
34226 
34229 
34232 
34235 
34238 
34241 
34244 
34246 
34249 
34251 
34253 
34256 
34259 
34261 
34264 
34267 
34270 
34273 
34276 
34279 
34282 
34285 
34288 
34291 
34294 
34297 
34300 
34302 
34305 
34308 
34311 
34314 
34316 
34318 
34319 
34322 
34325 
34328 
34331 
34334 
34337 
34339 
34342 
34345 
34348 
34350 
34353 
34356 
34359 
34362 
34364 
34367 
34370 
34373 
34376 
34379 
34382 
34384 
34387 
34389 
34391 
34394 
34396 
34399 
34401 
34404 
34407 
34409 
34412 
34415 
34417 
34420 
34423 
34425 
34427 
34430 
34432 
34435 
34437 
34440 
34443 
34446 
34449 
34452 
34455 
34457 
34460 
34462 
34465 
34468 
34471 
34474 
34477 
34480 
34482 
34485 
34487 
34489 
34492 
34495 
34498 
34501 
34504 
34506 
34508 
34511 
34514 
34517 
34519 
34522 
34525 
34528 
34530 
34532 
34535 
34538 
34540 
34543 
34545 
34548 
34551 
34553 
34555 
34558 
34561 
34564 
34567 
34570 
34573 
34576 
34579 
34582 
34585 
34587 
34590 
34593 
34595 
34598 
34601 
34604 
34606 
34609 
34612 
34615 
34618 
34621 
34624 
34627 
34630 
34632 
34635 
34637 
34640 
34643 
34646 
34649 
34652 
34655 
34658 
34660 
34663 
34666 
34669 
34671 
34674 
34677 
34680 
34683 
34685 
34688 
34691 
34694 
34696 
34699 
34701 
34704 
34706 
34709 
34712 
34715 
34718 
34720 
34722 
34725 
34728 
34730 
34733 
34736 
34738 
34741 
34743 
34746 
34749 
34751 
34754 
34757 
34760 
34762 
34765 
34768 
34771 
34772 
34775 
34778 
34781 
34783 
34786 
34788 
34789 
34792 
34795 
34797 
34800 
34803 
34805 
34808 
34811 
34814 
34817 
34819 
34822 
34825 
34828 
34831 
34834 
34837 
34840 
34843 
34846 
34849 
34852 
34854 
34857 
34860 
34863 
34865 
34868 
34870 
34873 
34876 
34879 
34882 
34884 
34887 
34890 
34893 
34896 
34898 
34901 
34904 
34907 
34910 
34913 
34916 
34919 
34922 
34924 
34925 
34926 
34928 
34931 
34934 
34936 
34939 
34941 
34944 
34947 
34949 
34952 
34954 
34956 
34959 
34962 
34965 
34968 
34971 
34973 
34976 
34979 
34982 
34985 
34988 
34991 
34994 
34996 
34999 
35002 
35005 
35007 
35010 
35013 
35016 
35019 
35022 
35024 
35027 
35030 
35033 
35036 
35039 
35042 
35045 
35047 
35048 
35051 
35052 
35055 
35058 
35061 
35064 
35066 
35069 
35072 
35075 
35078 
35081 
35084 
35087 
35090 
35092 
35094 
35097 
35100 
35102 
35105 
35108 
35111 
35113 
35116 
35118 
35121 
35124 
35125 
35128 
35131 
35133 
35136 
35139 
35142 
35145 
35148 
35151 
35154 
35157 
35160 
35162 
35165 
35168 
35171 
35173 
35175 
35178 
35181 
35182 
35185 
35188 
35191 
35194 
35197 
35200 
35203 
35205 
35208 
35211 
35213 
35215 
35218 
35221 
35224 
35227 
35229 
35231 
35234 
35237 
35240 
35243 
35246 
35248 
35251 
35254 
35256 
35259 
35262 
35265 
35267 
35270 
35273 
35276 
35279 
35282 
35285 
35288 
35291 
35293 
35296 
35299 
35302 
35305 
35308 
35311 
35313 
35316 
35319 
35321 
35323 
35326 
35329 
35332 
35334 
35337 
35340 
35343 
35346 
35348 
35351 
35354 
35357 
35359 
35361 
35364 
35367 
35370 
35372 
35374 
35376 
35379 
35382 
35385 
35387 
35389 
35392 
35395 
35398 
35401 
35404 
35407 
35409 
35412 
35414 
35417 
35419 
35422 
35425 
35427 
35429 
35432 
35435 
35438 
35441 
35444 
35447 
35450 
35453 
35456 
35459 
35462 
35464 
35467 
35470 
35472 
35475 
35478 
35481 
35484 
35486 
35489 
35492 
35494 
35497 
35499 
35502 
35505 
35508 
35511 
35514 
35517 
35519 
35521 
35523 
35525 
35527 
35528 
35530 
35532 
35534 
35537 
35538 
35540 
35542 
35545 
35548 
35551 
35554 
35556 
35559 
35562 
35565 
35568 
35571 
35574 
35577 
35580 
35583 
35586 
35589 
35592 
35595 
35598 
35601 
35604 
35606 
35609 
35612 
35615 
35618 
35621 
35624 
35626 
35627 
35630 
35633 
35635 
35638 
35641 
35644 
35647 
35650 
35653 
35656 
35659 
35661 
35664 
35667 
35670 
35673 
35675 
35677 
35680 
35682 
35685 
35688 
35691 
35694 
35696 
35699 
35701 
35704 
35707 
35710 
35712 
35715 
35718 
35721 
35724 
35727 
35730 
35733 
35736 
35739 
35741 
35743 
35746 
35749 
35752 
35754 
35757 
35759 
35762 
35765 
35768 
35771 
35774 
35777 
35780 
35783 
35785 
35788 
35790 
35793 
35796 
35799 
35801 
35804 
35806 
35809 
35812 
35815 
35818 
35821 
35824 
35827 
35830 
35833 
35836 
35838 
35841 
35844 
35847 
35850 
35853 
35855 
35857 
35860 
35863 
35865 
35867 
35870 
35873 
35876 
35879 
35882 
35884 
35887 
35889 
35892 
35895 
35898 
35900 
35903 
35906 
35908 
35911 
35914 
35916 
35919 
35922 
35924 
35927 
35930 
35933 
35936 
35939 
35942 
35945 
35948 
35950 
35953 
35956 
35959 
35961 
35964 
35967 
35969 
35972 
35974 
35977 
35980 
35983 
35986 
35989 
35992 
35995 
35998 
36001 
36003 
36006 
36009 
36012 
36015 
36018 
36021 
36024 
36027 
36030 
36033 
36036 
36039 
36042 
36045 
36047 
36049 
36051 
36054 
36057 
36060 
36063 
36066 
36068 
36071 
36074 
36077 
36080 
36083 
36085 
36088 
36091 
36094 
36097 
36100 
36103 
36106 
36109 
36111 
36114 
36117 
36120 
36122 
36125 
36128 
36131 
36134 
36137 
36140 
36143 
36145 
36147 
36149 
36151 
36154 
36156 
36159 
36162 
36165 
36168 
36171 
36174 
36177 
36180 
36182 
36184 
36187 
36189 
36192 
36195 
36197 
36200 
36202 
36204 
36206 
36209 
36212 
36215 
36218 
36221 
36224 
36227 
36230 
36232 
36235 
36237 
36240 
36243 
36246 
36249 
36251 
36254 
36256 
36258 
36261 
36264 
36265 
36268 
36271 
36274 
36277 
36280 
36283 
36285 
36288 
36291 
36294 
36297 
36300 
36302 
36304 
36307 
36310 
36313 
36316 
36318 
36320 
36323 
36325 
36328 
36331 
36334 
36337 
36340 
36342 
36345 
36347 
36349 
36352 
36355 
36358 
36360 
36363 
36366 
36369 
36372 
36375 
36378 
36381 
36384 
36387 
36390 
36393 
36396 
36398 
36401 
36404 
36406 
36408 
36410 
36413 
36416 
36419 
36422 
36425 
36428 
36431 
36434 
36436 
36439 
36442 
36445 
36448 
36451 
36454 
36457 
36460 
36463 
36466 
36469 
36471 
36474 
36476 
36479 
36482 
36485 
36487 
36490 
36493 
36494 
36497 
36500 
36503 
36506 
36509 
36512 
36515 
36518 
36520 
36522 
36523 
36526 
36529 
36532 
36535 
36538 
36541 
36543 
36545 
36548 
36551 
36554 
36557 
36560 
36562 
36565 
36568 
36570 
36573 
36576 
36579 
36582 
36584 
36586 
36589 
36592 
36595 
36597 
36600 
36602 
36605 
36608 
36611 
36614 
36616 
36619 
36622 
36625 
36628 
36630 
36632 
36635 
36638 
36641 
36644 
36647 
36650 
36652 
36655 
36658 
36660 
36663 
36666 
36669 
36672 
36675 
36678 
36681 
36684 
36686 
36689 
36692 
36695 
36698 
36700 
36702 
36704 
36707 
36710 
36713 
36716 
36719 
36722 
36725 
36728 
36731 
36734 
36737 
36739 
36742 
36744 
36747 
36750 
36753 
36756 
36759 
36762 
36764 
36766 
36769 
36772 
36775 
36778 
36781 
36784 
36786 
36788 
36790 
36793 
36796 
36799 
36802 
36805 
36807 
36809 
36812 
36814 
36817 
36820 
36823 
36826 
36828 
36831 
36833 
36836 
36839 
36841 
36844 
36847 
36850 
36852 
36855 
36858 
36861 
36864 
36867 
36870 
36873 
36875 
36878 
36881 
36884 
36887 
36890 
36893 
36896 
36899 
36901 
36904 
36907 
36910 
36913 
36916 
36919 
36922 
36925 
36928 
36931 
36934 
36937 
36940 
36943 
36945 
36947 
36950 
36953 
36956 
36959 
36961 
36964 
36967 
36970 
36973 
36976 
36979 
36981 
36984 
36987 
36990 
36993 
36995 
36997 
36999 
37002 
37004 
37007 
37010 
37013 
37015 
37017 
37020 
37023 
37025 
37028 
37031 
37034 
37036 
37038 
37040 
37042 
37045 
37048 
37051 
37054 
37057 
37060 
37063 
37065 
37068 
37071 
37073 
37076 
37079 
37082 
37084 
37086 
37089 
37092 
37094 
37097 
37100 
37103 
37106 
37107 
37110 
37113 
37116 
37119 
37122 
37125 
37127 
37129 
37132 
37135 
37138 
37141 
37144 
37147 
37149 
37152 
37155 
37158 
37161 
37164 
37167 
37170 
37173 
37175 
37177 
37179 
37181 
37183 
37186 
37189 
37192 
37195 
37198 
37200 
37203 
37206 
37209 
37212 
37215 
37218 
37221 
37224 
37227 
37230 
37232 
37235 
37238 
37240 
37242 
37245 
37247 
37250 
37253 
37256 
37259 
37262 
37265 
37268 
37271 
37274 
37277 
37280 
37283 
37285 
37288 
37291 
37293 
37296 
37299 
37302 
37304 
37307 
37309 
37312 
37314 
37317 
37320 
37323 
37326 
37329 
37332 
37335 
37338 
37339 
37342 
37345 
37347 
37348 
37350 
37353 
37356 
37359 
37362 
37365 
37367 
37370 
37373 
37376 
37378 
37380 
37383 
37386 
37388 
37391 
37393 
37396 
37399 
37402 
37405 
37407 
37410 
37413 
37416 
37419 
37421 
37424 
37426 
37429 
37431 
37434 
37436 
37438 
37440 
37443 
37446 
37449 
37452 
37455 
37458 
37461 
37464 
37467 
37470 
37473 
37475 
37477 
37480 
37483 
37485 
37486 
37488 
37491 
37493 
37496 
37498 
37499 
37502 
37505 
37508 
37511 
37514 
37517 
37520 
37523 
37526 
37528 
37531 
37534 
37537 
37540 
37543 
37546 
37549 
37552 
37554 
37557 
37560 
37563 
37566 
37568 
37571 
37574 
37577 
37580 
37583 
37586 
37589 
37592 
37595 
37597 
37600 
37603 
37605 
37608 
37609 
37611 
37614 
37617 
37619 
37622 
37625 
37628 
37631 
37634 
37637 
37640 
37642 
37645 
37647 
37650 
37653 
37656 
37658 
37661 
37664 
37667 
37670 
37673 
37676 
37679 
37682 
37684 
37687 
37690 
37693 
37696 
37699 
37701 
37704 
37707 
37710 
37712 
37715 
37718 
37721 
37724 
37727 
37730 
37733 
37736 
37739 
37742 
37744 
37747 
37750 
37751 
37754 
37757 
37760 
37763 
37766 
37769 
37772 
37775 
37778 
37780 
37783 
37785 
37788 
37791 
37794 
37797 
37800 
37802 
37804 
37807 
37810 
37813 
37816 
37819 
37822 
37825 
37828 
37831 
37833 
37836 
37839 
37841 
37844 
37847 
37850 
37852 
37855 
37858 
37860 
37863 
37866 
37868 
37870 
37873 
37876 
37878 
37881 
37884 
37887 
37890 
37893 
37896 
37898 
37901 
37903 
37904 
37906 
37908 
37910 
37912 
37915 
37917 
37920 
37921 
37924 
37926 
37927 
37929 
37932 
37935 
37937 
37940 
37942 
37945 
37948 
37951 
37954 
37956 
37958 
37961 
37963 
37966 
37967 
37969 
37972 
37975 
37978 
37981 
37984 
37987 
37990 
37992 
37995 
37998 
38001 
38004 
38006 
38009 
38012 
38014 
38017 
38020 
38022 
38025 
38027 
38029 
38032 
38035 
38038 
38041 
38044 
38047 
38049 
38051 
38054 
38056 
38059 
38062 
38065 
38068 
38071 
38074 
38077 
38080 
38083 
38086 
38089 
38091 
38094 
38097 
38100 
38102 
38105 
38108 
38110 
38113 
38115 
38118 
38120 
38123 
38125 
38128 
38130 
38133 
38136 
38139 
38142 
38145 
38148 
38151 
38154 
38157 
38160 
38162 
38165 
38168 
38171 
38173 
38176 
38179 
38182 
38185 
38188 
38191 
38194 
38196 
38198 
38201 
38204 
38206 
38209 
38212 
38214 
38217 
38220 
38223 
38226 
38229 
38232 
38234 
38237 
38239 
38241 
38244 
38246 
38249 
38252 
38254 
38257 
38260 
38263 
38266 
38269 
38272 
38275 
38277 
38279 
38282 
38285 
38287 
38290 
38292 
38295 
38296 
38298 
38301 
38304 
38306 
38309 
38312 
38315 
38318 
38321 
38323 
38326 
38329 
38332 
38335 
38338 
38341 
38344 
38347 
38349 
38352 
38355 
38358 
38361 
38364 
38367 
38369 
38371 
38374 
38377 
38380 
38383 
38386 
38389 
38392 
38394 
38396 
38398 
38401 
38403 
38406 
38408 
38411 
38413 
38416 
38418 
38421 
38424 
38426 
38429 
38432 
38435 
38438 
38440 
38442 
38445 
38448 
38451 
38454 
38457 
38459 
38462 
38464 
38467 
38470 
38472 
38474 
38477 
38479 
38482 
38484 
38486 
38489 
38492 
38494 
38496 
38498 
38500 
38502 
38505 
38508 
38510 
38512 
38514 
38517 
38520 
38523 
38526 
38529 
38531 
38533 
38536 
38538 
38541 
38544 
38546 
38548 
38550 
38553 
38556 
38558 
38560 
38562 
38564 
38567 
38570 
38573 
38575 
38578 
38581 
38584 
38586 
38589 
38592 
38594 
38596 
38598 
38600 
38603 
38606 
38609 
38612 
38615 
38618 
38621 
38624 
38627 
38630 
38633 
38636 
38638 
38641 
38643 
38646 
38649 
38652 
38654 
38657 
38660 
38663 
38666 
38669 
38672 
38675 
38677 
38680 
38682 
38683 
38685 
38688 
38691 
38694 
38697 
38700 
38703 
38705 
38708 
38710 
38713 
38715 
38718 
38720 
38723 
38726 
38729 
38732 
38735 
38738 
38740 
38743 
38746 
38749 
38751 
38753 
38756 
38759 
38762 
38764 
38766 
38769 
38772 
38775 
38777 
38780 
38782 
38785 
38788 
38791 
38794 
38796 
38799 
38802 
38805 
38808 
38810 
38813 
38815 
38818 
38821 
38824 
38827 
38830 
38833 
38836 
38839 
38840 
38843 
38844 
38847 
38850 
38852 
38855 
38858 
38861 
38864 
38867 
38870 
38873 
38876 
38879 
38882 
38885 
38888 
38891 
38893 
38895 
38898 
38901 
38904 
38906 
38908 
38909 
38912 
38915 
38918 
38921 
38924 
38927 
38930 
38932 
38935 
38938 
38941 
38943 
38945 
38948 
38951 
38954 
38956 
38958 
38961 
38964 
38967 
38969 
38972 
38975 
38978 
38980 
38982 
38985 
38986 
38988 
38990 
38993 
38996 
38998 
39000 
39003 
39006 
39009 
39012 
39014 
39016 
39019 
39021 
39024 
39027 
39029 
39032 
39035 
39038 
39041 
39043 
39046 
39049 
39052 
39054 
39057 
39060 
39063 
39066 
39068 
39070 
39072 
39075 
39078 
39081 
39084 
39087 
39090 
39092 
39093 
39095 
39098 
39101 
39104 
39107 
39110 
39111 
39113 
39115 
39118 
39121 
39123 
39126 
39129 
39132 
39134 
39137 
39140 
39142 
39143 
39146 
39149 
39151 
39154 
39157 
39160 
39162 
39165 
39168 
39171 
39174 
39177 
39180 
39183 
39185 
39187 
39190 
39192 
39195 
39198 
39201 
39203 
39205 
39207 
39209 
39212 
39213 
39215 
39217 
39220 
39223 
39226 
39229 
39232 
39233 
39236 
39239 
39242 
39244 
39246 
39249 
39252 
39255 
39258 
39261 
39264 
39267 
39269 
39272 
39274 
39276 
39279 
39282 
39284 
39286 
39289 
39292 
39295 
39298 
39301 
39304 
39307 
39310 
39313 
39316 
39319 
39321 
39324 
39327 
39330 
39333 
39336 
39338 
39341 
39344 
39346 
39349 
39351 
39354 
39357 
39360 
39363 
39366 
39368 
39371 
39372 
39375 
39378 
39381 
39384 
39387 
39390 
39392 
39395 
39398 
39401 
39403 
39405 
39408 
39410 
39413 
39415 
39418 
39420 
39422 
39425 
39427 
39430 
39433 
39436 
39439 
39442 
39445 
39448 
39451 
39454 
39456 
39458 
39461 
39464 
39466 
39469 
39472 
39475 
39478 
39481 
39484 
39487 
39490 
39491 
39493 
39496 
39498 
39501 
39504 
39507 
39509 
39512 
39515 
39518 
39521 
39523 
39526 
39528 
39530 
39533 
39535 
39537 
39540 
39542 
39544 
39546 
39549 
39551 
39554 
39557 
39559 
39562 
39563 
39566 
39567 
39570 
39572 
39575 
39578 
39581 
39584 
39587 
39590 
39593 
39595 
39598 
39601 
39604 
39607 
39610 
39612 
39615 
39618 
39620 
39623 
39626 
39629 
39631 
39633 
39636 
39639 
39641 
39642 
39645 
39648 
39651 
39653 
39656 
39659 
39662 
39663 
39666 
39667 
39669 
39672 
39675 
39678 
39681 
39684 
39687 
39689 
39692 
39695 
39698 
39701 
39703 
39704 
39706 
39709 
39712 
39715 
39718 
39721 
39724 
39727 
39729 
39731 
39732 
39735 
39738 
39741 
39744 
39747 
39749 
39751 
39754 
39756 
39759 
39762 
39764 
39767 
39770 
39772 
39774 
39777 
39780 
39783 
39786 
39789 
39792 
39795 
39798 
39801 
39804 
39807 
39809 
39811 
39814 
39816 
39819 
39822 
39825 
39828 
39830 
39833 
39836 
39839 
39841 
39844 
39846 
39849 
39852 
39854 
39856 
39859 
39862 
39864 
39867 
39870 
39873 
39875 
39878 
39880 
39882 
39885 
39888 
39891 
39893 
39895 
39898 
39901 
39904 
39907 
39909 
39912 
39915 
39918 
39920 
39922 
39925 
39928 
39930 
39933 
39935 
39938 
39941 
39944 
39947 
39950 
39952 
39955 
39958 
39960 
39962 
39965 
39967 
39970 
39973 
39975 
39977 
39980 
39983 
39986 
39989 
39992 
39995 
39998 
40001 
40003 
40006 
40009 
40012 
40015 
40018 
40020 
40023 
40026 
40029 
40031 
40033 
40036 
40039 
40042 
40045 
40048 
40051 
40053 
40055 
40058 
40061 
40064 
40066 
40068 
40071 
40074 
40076 
40078 
40081 
40084 
40087 
40089 
40091 
40093 
40095 
40098 
40100 
40102 
40104 
40107 
40110 
40111 
40113 
40115 
40118 
40121 
40124 
40127 
40129 
40132 
40135 
40136 
40139 
40142 
40144 
40146 
40149 
40151 
40154 
40157 
40159 
40161 
40164 
40167 
40170 
40172 
40175 
40178 
40180 
40182 
40185 
40187 
40189 
40192 
40195 
40198 
40200 
40203 
40206 
40208 
40211 
40214 
40217 
40220 
40222 
40225 
40228 
40231 
40234 
40237 
40240 
40242 
40244 
40246 
40249 
40252 
40255 
40258 
40261 
40264 
40266 
40269 
40272 
40274 
40277 
40280 
40282 
40285 
40288 
40291 
40294 
40297 
40300 
40303 
40306 
40309 
40312 
40315 
40318 
40321 
40324 
40327 
40330 
40333 
40336 
40339 
40342 
40344 
40347 
40350 
40353 
40356 
40359 
40362 
40363 
40366 
40369 
40371 
40374 
40377 
40380 
40383 
40385 
40388 
40391 
40394 
40396 
40398 
40401 
40404 
40407 
40409 
40412 
40414 
40417 
40419 
40422 
40425 
40428 
40430 
40433 
40435 
40436 
40439 
40442 
40444 
40446 
40448 
40451 
40454 
40457 
40460 
40463 
40466 
40469 
40471 
40473 
40475 
40476 
40479 
40482 
40485 
40487 
40489 
40490 
40493 
40495 
40498 
40501 
40503 
40506 
40508 
40511 
40514 
40517 
40520 
40522 
40525 
40527 
40530 
40533 
40536 
40538 
40541 
40544 
40546 
40548 
40550 
40552 
40555 
40558 
40560 
40562 
40564 
40567 
40570 
40573 
40576 
40578 
40580 
40583 
40585 
40587 
40590 
40593 
40596 
40598 
40601 
40604 
40607 
40610 
40613 
40615 
40617 
40619 
40622 
40625 
40628 
40631 
40634 
40637 
40640 
40643 
40645 
40647 
40650 
40653 
40655 
40658 
40660 
40662 
40665 
40667 
40670 
40673 
40676 
40679 
40682 
40685 
40687 
40689 
40692 
40695 
40698 
40700 
40702 
40705 
40708 
40710 
40713 
40715 
40718 
40721 
40724 
40726 
40728 
40731 
40733 
40735 
40738 
40741 
40744 
40746 
40749 
40752 
40755 
40758 
40761 
40762 
40765 
40768 
40771 
40774 
40777 
40780 
40783 
40785 
40787 
40790 
40793 
40796 
40798 
40800 
40803 
40806 
40809 
40812 
40815 
40818 
40821 
40824 
40827 
40829 
40831 
40834 
40837 
40840 
40843 
40846 
40849 
40852 
40855 
40858 
40860 
40862 
40865 
40867 
40869 
40872 
40874 
40877 
40880 
40883 
40886 
40888 
40891 
40894 
40897 
40900 
40903 
40906 
40909 
40912 
40914 
40917 
40920 
40923 
40926 
40928 
40931 
40934 
40937 
40939 
40941 
40944 
40947 
40950 
40953 
40956 
40958 
40961 
40963 
40966 
40969 
40972 
40975 
40977 
40980 
40982 
40984 
40986 
40989 
40990 
40993 
40996 
40999 
41001 
41004 
41006 
41008 
41011 
41014 
41017 
41020 
41023 
41025 
41027 
41030 
41033 
41036 
41039 
41040 
41042 
41045 
41047 
41050 
41053 
41056 
41059 
41062 
41064 
41067 
41069 
41071 
41074 
41077 
41080 
41082 
41084 
41087 
41089 
41091 
41094 
41097 
41100 
41103 
41106 
41109 
41112 
41115 
41117 
41120 
41123 
41125 
41127 
41129 
41132 
41135 
41137 
41140 
41142 
41145 
41148 
41151 
41154 
41157 
41160 
41163 
41166 
41169 
41172 
41175 
41178 
41180 
41182 
41185 
41187 
41190 
41193 
41196 
41198 
41200 
41203 
41206 
41209 
41212 
41215 
41218 
41221 
41224 
41227 
41230 
41232 
41234 
41236 
41239 
41242 
41245 
41248 
41250 
41253 
41255 
41258 
41261 
41264 
41267 
41270 
41272 
41275 
41278 
41280 
41282 
41285 
41288 
41291 
41292 
41294 
41296 
41299 
41302 
41304 
41307 
41309 
41312 
41314 
41317 
41320 
41323 
41325 
41328 
41331 
41334 
41337 
41339 
41341 
41344 
41347 
41350 
41353 
41356 
41359 
41361 
41364 
41367 
41369 
41372 
41374 
41377 
41380 
41383 
41384 
41387 
41390 
41392 
41395 
41398 
41401 
41403 
41406 
41409 
41412 
41414 
41416 
41419 
41422 
41425 
41428 
41431 
41434 
41436 
41439 
41441 
41444 
41446 
41449 
41452 
41454 
41457 
41460 
41462 
41464 
41466 
41469 
41470 
41472 
41475 
41478 
41481 
41484 
41487 
41490 
41493 
41495 
41498 
41501 
41504 
41506 
41509 
41512 
41515 
41517 
41520 
41523 
41526 
41529 
41532 
41534 
41536 
41539 
41542 
41545 
41548 
41551 
41554 
41557 
41559 
41562 
41565 
41568 
41571 
41574 
41577 
41580 
41583 
41585 
41588 
41591 
41594 
41597 
41600 
41603 
41606 
41608 
41611 
41614 
41617 
41620 
41623 
41626 
41629 
41631 
41633 
41636 
41639 
41642 
41645 
41648 
41651 
41653 
41656 
41659 
41662 
41665 
41668 
41671 
41674 
41677 
41680 
41683 
41685 
41687 
41690 
41692 
41695 
41697 
41700 
41703 
41706 
41709 
41712 
41715 
41718 
41721 
41724 
41727 
41730 
41732 
41735 
41737 
41740 
41743 
41746 
41749 
41752 
41754 
41756 
41759 
41761 
41764 
41767 
41769 
41772 
41773 
41775 
41778 
41780 
41782 
41785 
41788 
41791 
41794 
41796 
41798 
41800 
41803 
41806 
41809 
41812 
41815 
41818 
41820 
41822 
41825 
41828 
41831 
41833 
41836 
41839 
41841 
41843 
41845 
41848 
41851 
41854 
41857 
41859 
41861 
41864 
41867 
41870 
41873 
41876 
41879 
41882 
41885 
41888 
41890 
41893 
41896 
41898 
41900 
41903 
41905 
41908 
41911 
41914 
41917 
41920 
41923 
41926 
41929 
41932 
41935 
41938 
41940 
41943 
41946 
41949 
41951 
41954 
41956 
41958 
41960 
41963 
41965 
41968 
41971 
41974 
41977 
41979 
41982 
41985 
41987 
41990 
41993 
41996 
41999 
42001 
42003 
42004 
42006 
42008 
42011 
42014 
42017 
42020 
42022 
42025 
42028 
42030 
42033 
42036 
42039 
42041 
42044 
42046 
42049 
42051 
42053 
42056 
42058 
42060 
42063 
42066 
42069 
42071 
42074 
42077 
42080 
42083 
42085 
42088 
42091 
42094 
42097 
42100 
42103 
42106 
42109 
42112 
42113 
42116 
42118 
42121 
42124 
42127 
42130 
42133 
42135 
42137 
42140 
42142 
42144 
42146 
42149 
42152 
42155 
42158 
42161 
42164 
42166 
42169 
42172 
42175 
42178 
42181 
42184 
42187 
42190 
42193 
42196 
42197 
42200 
42201 
42203 
42205 
42208 
42210 
42212 
42213 
42216 
42219 
42222 
42225 
42227 
42230 
42232 
42235 
42238 
42241 
42242 
42245 
42247 
42249 
42252 
42255 
42256 
42259 
42262 
42265 
42268 
42271 
42274 
42276 
42279 
42281 
42284 
42287 
42289 
42292 
42295 
42297 
42300 
42301 
42304 
42306 
42308 
42310 
42313 
42316 
42319 
42322 
42325 
42328 
42331 
42333 
42335 
42338 
42341 
42343 
42346 
42349 
42351 
42354 
42357 
42359 
42362 
42365 
42368 
42371 
42373 
42375 
42377 
42380 
42383 
42385 
42387 
42389 
42392 
42395 
42398 
42400 
42402 
42405 
42408 
42411 
42414 
42417 
42419 
42422 
42425 
42428 
42431 
42434 
42437 
42440 
42443 
42445 
42448 
42451 
42454 
42457 
42460 
42462 
42465 
42467 
42469 
42471 
42474 
42477 
42480 
42483 
42486 
42489 
42492 
42495 
42498 
42501 
42503 
42506 
42509 
42512 
42514 
42517 
42520 
42521 
42524 
42527 
42530 
42533 
42535 
42537 
42539 
42542 
42545 
42548 
42551 
42552 
42555 
42558 
42560 
42562 
42564 
42566 
42568 
42571 
42573 
42575 
42576 
42578 
42580 
42582 
42584 
42587 
42590 
42591 
42594 
42597 
42600 
42602 
42605 
42608 
42610 
42612 
42614 
42617 
42619 
42622 
42623 
42625 
42627 
42630 
42633 
42636 
42637 
42640 
42643 
42646 
42649 
42652 
42655 
42658 
42661 
42664 
42667 
42669 
42671 
42674 
42677 
42679 
42682 
42685 
42688 
42690 
42692 
42694 
42695 
42698 
42701 
42703 
42706 
42709 
42712 
42715 
42718 
42720 
42723 
42726 
42727 
42730 
42733 
42735 
42737 
42740 
42742 
42745 
42748 
42750 
42751 
42754 
42757 
42759 
42762 
42764 
42767 
42770 
42772 
42775 
42778 
42781 
42784 
42787 
42788 
42790 
42793 
42796 
42799 
42801 
42804 
42806 
42809 
42812 
42815 
42818 
42821 
42824 
42827 
42830 
42833 
42836 
42839 
42841 
42843 
42846 
42848 
42851 
42853 
42856 
42859 
42862 
42865 
42867 
42870 
42873 
42876 
42879 
42882 
42884 
42887 
42890 
42893 
42895 
42897 
42899 
42901 
42903 
42906 
42908 
42911 
42913 
42916 
42918 
42920 
42922 
42925 
42928 
42931 
42933 
42936 
42939 
42941 
42944 
42947 
42950 
42952 
42954 
42957 
42960 
42963 
42965 
42968 
42971 
42974 
42977 
42978 
42980 
42983 
42986 
42989 
42991 
42994 
42997 
43000 
43002 
43005 
43008 
43011 
43012 
43014 
43017 
43020 
43022 
43024 
43026 
43029 
43031 
43034 
43037 
43039 
43042 
43043 
43046 
43048 
43051 
43054 
43056 
43059 
43062 
43064 
43067 
43069 
43072 
43075 
43078 
43081 
43083 
43086 
43088 
43091 
43093 
43095 
43098 
43101 
43104 
43107 
43110 
43112 
43115 
43118 
43120 
43123 
43124 
43127 
43129 
43132 
43135 
43138 
43140 
43141 
43144 
43147 
43149 
43152 
43155 
43158 
43161 
43163 
43166 
43168 
43171 
43174 
43177 
43180 
43182 
43185 
43188 
43191 
43194 
43196 
43199 
43202 
43205 
43208 
43211 
43213 
43216 
43219 
43222 
43225 
43228 
43230 
43233 
43236 
43239 
43241 
43244 
43247 
43250 
43253 
43256 
43259 
43262 
43265 
43267 
43270 
43273 
43276 
43279 
43282 
43284 
43287 
43289 
43292 
43295 
43298 
43301 
43304 
43307 
43308 
43310 
43313 
43315 
43318 
43320 
43322 
43325 
43328 
43330 
43332 
43335 
43338 
43341 
43343 
43346 
43349 
43351 
43353 
43355 
43358 
43360 
43362 
43365 
43368 
43371 
43374 
43377 
43380 
43382 
43384 
43387 
43389 
43392 
43395 
43396 
43399 
43402 
43404 
43407 
43410 
43413 
43415 
43417 
43419 
43420 
43423 
43425 
43427 
43430 
43433 
43436 
43439 
43442 
43445 
43448 
43451 
43454 
43457 
43460 
43463 
43466 
43468 
43471 
43473 
43476 
43477 
43479 
43481 
43484 
43486 
43489 
43491 
43493 
43496 
43499 
43502 
43505 
43508 
43511 
43512 
43514 
43517 
43520 
43522 
43524 
43527 
43529 
43532 
43535 
43537 
43539 
43542 
43545 
43547 
43549 
43552 
43555 
43558 
43561 
43564 
43566 
43569 
43571 
43574 
43577 
43580 
43583 
43585 
43587 
43589 
43592 
43594 
43596 
43598 
43600 
43603 
43604 
43607 
43608 
43611 
43614 
43617 
43620 
43623 
43625 
43628 
43630 
43633 
43635 
43638 
43640 
43642 
43645 
43647 
43650 
43652 
43655 
43658 
43661 
43663 
43666 
43668 
43671 
43673 
43676 
43678 
43680 
43683 
43686 
43689 
43690 
43692 
43695 
43698 
43701 
43704 
43706 
43709 
43711 
43714 
43715 
43718 
43719 
43722 
43724 
43725 
43726 
43729 
43732 
43735 
43738 
43740 
43742 
43745 
43748 
43751 
43753 
43756 
43758 
43761 
43763 
43766 
43768 
43771 
43774 
43776 
43777 
43780 
43782 
43785 
43787 
43790 
43793 
43796 
43799 
43802 
43805 
43807 
43810 
43812 
43815 
43817 
43819 
43822 
43825 
43827 
43829 
43832 
43835 
43838 
43841 
43844 
43847 
43849 
43851 
43853 
43856 
43859 
43862 
43864 
43867 
43869 
43872 
43875 
43877 
43879 
43881 
43883 
43886 
43888 
43890 
43893 
43896 
43898 
43900 
43903 
43906 
43909 
43912 
43914 
43916 
43919 
43922 
43925 
43928 
43931 
43932 
43935 
43938 
43941 
43944 
43947 
43950 
43953 
43956 
43959 
43960 
43963 
43966 
43968 
43971 
43974 
43976 
43979 
43981 
43984 
43987 
43989 
43992 
43995 
43998 
44001 
44003 
44005 
44007 
44010 
44012 
44014 
44017 
44020 
44022 
44025 
44027 
44029 
44031 
44034 
44037 
44039 
44042 
44044 
44046 
44048 
44051 
44054 
44057 
44059 
44062 
44064 
44067 
44068 
44070 
44072 
44074 
44077 
44078 
44080 
44083 
44086 
44087 
44088 
44090 
44093 
44095 
44098 
44100 
44102 
44105 
44107 
44110 
44113 
44116 
44119 
44122 
44125 
44128 
44130 
44132 
44135 
44138 
44141 
44144 
44146 
44148 
44151 
44154 
44157 
44160 
44163 
44166 
44168 
44171 
44173 
44176 
44178 
44181 
44184 
44186 
44187 
44189 
44191 
44194 
44197 
44199 
44202 
44204 
44206 
44208 
44211 
44214 
44216 
44218 
44220 
44223 
44226 
44229 
44232 
44235 
44238 
44241 
44243 
44245 
44248 
44251 
44253 
44256 
44258 
44261 
44262 
44265 
44266 
44269 
44271 
44274 
44276 
44278 
44281 
44283 
44285 
44287 
44290 
44293 
44295 
44298 
44301 
44304 
44307 
44310 
44313 
44316 
44319 
44322 
44325 
44328 
44330 
44333 
44335 
44336 
44338 
44340 
44342 
44346 
44348 
44350 
44354 
44356 
44357 
44359 
44361 
44365 
44367 
44369 
44371 
44373 
44375 
44378 
44380 
44384 
44386 
44387 
44390 
44394 
44395 
44397 
44401 
44403 
44407 
44409 
44411 
44413 
44415 
44416 
44418 
44422 
44426 
44427 
44431 
44433 
44434 
44435 
44436 
44437 
44439 
44440 
44444 
44446 
44448 
44449 
44450 
44452 
44453 
44455 
44456 
44458 
44462 
44464 
44468 
44470 
44472 
44474 
44475 
44477 
44478 
44480 
44484 
44485 
44486 
44488 
44490 
44491 
44493 
44496 
44498 
44500 
44503 
44507 
44509 
44511 
44514 
44516 
44518 
44520 
44522 
44524 
44526 
44530 
44532 
44536 
44538 
44540 
44543 
44547 
44549 
44551 
44554 
44556 
44560 
44562 
44564 
44566 
44568 
44571 
44573 
44577 
44579 
44583 
44585 
44587 
44589 
44590 
44591 
44593 
44594 
44596 
44599 
44601 
44605 
44607 
44609 
44610 
44612 
44614 
44616 
44618 
44620 
44622 
44624 
44626 
44630 
44632 
44635 
44637 
44641 
44643 
44645 
44649 
44651 
44655 
44657 
44659 
44661 
44663 
44667 
44669 
44671 
44675 
44677 
44679 
44680 
44682 
44684 
44688 
44690 
44692 
44694 
44697 
44699 
44702 
44704 
44706 
44708 
44710 
44711 
44713 
44715 
44717 
44721 
44725 
44727 
44729 
44733 
44735 
44737 
44739 
44741 
44743 
44744 
44746 
44750 
44752 
44754 
44756 
44758 
44759 
44760 
44764 
44766 
44769 
44771 
44773 
44775 
44778 
44780 
44781 
44784 
44786 
44790 
44792 
44793 
44796 
44798 
44802 
44803 
44804 
44805 
44806 
44807 
44809 
44811 
44812 
44814 
44816 
44818 
44821 
44825 
44827 
44828 
44829 
44833 
44834 
44837 
44838 
44840 
44842 
44843 
44847 
44849 
44851 
44853 
44855 
44857 
44859 
44861 
44863 
44865 
44866 
44868 
44870 
44872 
44873 
44874 
44876 
44878 
44882 
44884 
44886 
44887 
44888 
44890 
44892 
44894 
44896 
44898 
44900 
44901 
44904 
44906 
44908 
44911 
44913 
44914 
44916 
44918 
44920 
44924 
44926 
44928 
44929 
44931 
44933 
44935 
44939 
44941 
44945 
44947 
44949 
44952 
44956 
44958 
44960 
44962 
44966 
44968 
44971 
44975 
44977 
44981 
44983 
44985 
44987 
44989 
44991 
44992 
44994 
44996 
44997 
44999 
45001 
45005 
45007 
45009 
45012 
45014 
45017 
45019 
45021 
45022 
45023 
45025 
45027 
45030 
45032 
45034 
45035 
45038 
45042 
45044 
45046 
45050 
45052 
45056 
45058 
45060 
45062 
45064 
45067 
45068 
45069 
45070 
45072 
45075 
45077 
45081 
45082 
45084 
45085 
45087 
45089 
45091 
45092 
45094 
45096 
45097 
45099 
45103 
45105 
45107 
45109 
45110 
45112 
45113 
45115 
45119 
45121 
45124 
45126 
45128 
45129 
45130 
45131 
45133 
45136 
45138 
45139 
45141 
45142 
45143 
45144 
45148 
45152 
45154 
45158 
45160 
45161 
45163 
45167 
45169 
45172 
45175 
45177 
45179 
45181 
45185 
45189 
45191 
45192 
45195 
45197 
45199 
45201 
45203 
45205 
45206 
45210 
45212 
45214 
45216 
45218 
45220 
45222 
45224 
45227 
45229 
45231 
45233 
45235 
45239 
45243 
45245 
45247 
45249 
45250 
45252 
45254 
45256 
45259 
45261 
45263 
45267 
45269 
45271 
45275 
45276 
45278 
45280 
45281 
45285 
45286 
45287 
45288 
45290 
45292 
45294 
45296 
45300 
45302 
45306 
45308 
45310 
45312 
45313 
45315 
45317 
45319 
45321 
45323 
45325 
45329 
45332 
45333 
45335 
45337 
45339 
45341 
45342 
45344 
45346 
45348 
45350 
45351 
45353 
45356 
45357 
45360 
45362 
45363 
45366 
45370 
45372 
45373 
45376 
45377 
45378 
45379 
45380 
45382 
45384 
45388 
45390 
45392 
45394 
45396 
45398 
45400 
45403 
45405 
45407 
45408 
45409 
45411 
45413 
45415 
45417 
45419 
45422 
45425 
45427 
45429 
45431 
45433 
45435 
45437 
45439 
45442 
45444 
45447 
45449 
45452 
45456 
45458 
45459 
45463 
45466 
45469 
45471 
45472 
45475 
45479 
45480 
45483 
45485 
45488 
45490 
45492 
45493 
45494 
45496 
45498 
45502 
45504 
45506 
45508 
45510 
45512 
45514 
45517 
45521 
45523 
45525 
45527 
45529 
45531 
45533 
45535 
45537 
45539 
45543 
45544 
45546 
45549 
45551 
45553 
45556 
45560 
45562 
45564 
45567 
45569 
45573 
45575 
45577 
45579 
45582 
45586 
45588 
45589 
45591 
45592 
45593 
45595 
45596 
45598 
45602 
45604 
45608 
45610 
45612 
45613 
45615 
45617 
45619 
45621 
45623 
45625 
45627 
45629 
45633 
45635 
45636 
45639 
45643 
45645 
45649 
45651 
45653 
45657 
45659 
45663 
45665 
45667 
45669 
45670 
45671 
45673 
45675 
45679 
45681 
45685 
45687 
45689 
45690 
45692 
45694 
45696 
45697 
45698 
45700 
45702 
45704 
45708 
45710 
45714 
45716 
45717 
45719 
45721 
45723 
45724 
45725 
45727 
45729 
45731 
45735 
45736 
45738 
45740 
45742 
45744 
45747 
45749 
45752 
45754 
45756 
45758 
45761 
45765 
45767 
45769 
45773 
45775 
45777 
45779 
45781 
45783 
45784 
45786 
45790 
45792 
45794 
45797 
45801 
45803 
45805 
45809 
45810 
45814 
45816 
45818 
45820 
45822 
45823 
45825 
45829 
45831 
45833 
45835 
45839 
45843 
45845 
45847 
45848 
45852 
45854 
45856 
45858 
45860 
45862 
45863 
45865 
45869 
45870 
45871 
45873 
45874 
45876 
45878 
45880 
45884 
45888 
45890 
45892 
45894 
45895 
45897 
45899 
45901 
45904 
45906 
45908 
45909 
45911 
45913 
45917 
45921 
45923 
45925 
45926 
45928 
45930 
45932 
45934 
45938 
45940 
45944 
45946 
45948 
45950 
45952 
45954 
45955 
45959 
45961 
45963 
45965 
45967 
45969 
45970 
45972 
45973 
45975 
45977 
45979 
45981 
45984 
45986 
45989 
45991 
45993 
45996 
45998 
46000 
46001 
46005 
46008 
46010 
46011 
46015 
46016 
46020 
46022 
46024 
46025 
46027 
46028 
46031 
46032 
46034 
46036 
46038 
46040 
46042 
46044 
46045 
46047 
46049 
46051 
46055 
46059 
46060 
46061 
46063 
46065 
46066 
46067 
46069 
46071 
46073 
46075 
46076 
46080 
46081 
46082 
46084 
46086 
46088 
46091 
46093 
46095 
46099 
46101 
46103 
46105 
46106 
46107 
46108 
46110 
46114 
46116 
46120 
46122 
46124 
46125 
46127 
46129 
46133 
46135 
46137 
46139 
46140 
46142 
46143 
46145 
46147 
46149 
46151 
46155 
46157 
46161 
46163 
46165 
46169 
46173 
46175 
46177 
46179 
46183 
46186 
46188 
46191 
46193 
46195 
46197 
46198 
46200 
46201 
46205 
46207 
46209 
46211 
46212 
46214 
46216 
46219 
46221 
46223 
46225 
46227 
46228 
46229 
46231 
46233 
46235 
46238 
46239 
46243 
46245 
46249 
46251 
46253 
46254 
46256 
46258 
46260 
46262 
46263 
46265 
46266 
46268 
46270 
46274 
46276 
46280 
46282 
46284 
46285 
46287 
46289 
46293 
46295 
46297 
46299 
46301 
46303 
46306 
46307 
46311 
46313 
46315 
46318 
46321 
46323 
46324 
46327 
46329 
46331 
46333 
46335 
46337 
46338 
46340 
46341 
46342 
46344 
46346 
46348 
46352 
46354 
46356 
46358 
46362 
46364 
46365 
46369 
46370 
46372 
46374 
46376 
46377 
46378 
46381 
46383 
46385 
46387 
46391 
46393 
46394 
46397 
46399 
46402 
46404 
46406 
46407 
46411 
46413 
46414 
46415 
46417 
46419 
46420 
46422 
46423 
46425 
46429 
46431 
46433 
46437 
46441 
46442 
46444 
46446 
46448 
46450 
46452 
46454 
46457 
46459 
46461 
46465 
46467 
46469 
46473 
46476 
46477 
46479 
46481 
46483 
46485 
46487 
46488 
46490 
46494 
46495 
46497 
46499 
46501 
46503 
46505 
46507 
46510 
46512 
46513 
46516 
46518 
46520 
46524 
46528 
46530 
46532 
46534 
46536 
46538 
46540 
46541 
46543 
46547 
46549 
46550 
46552 
46556 
46558 
46562 
46564 
46566 
46568 
46570 
46571 
46573 
46577 
46578 
46580 
46581 
46583 
46584 
46586 
46588 
46592 
46594 
46598 
46599 
46601 
46603 
46605 
46606 
46610 
46611 
46613 
46614 
46616 
46618 
46620 
46622 
46625 
46627 
46630 
46632 
46634 
46637 
46639 
46641 
46643 
46645 
46647 
46649 
46651 
46653 
46655 
46658 
46659 
46661 
46664 
46667 
46669 
46673 
46675 
46676 
46680 
46682 
46686 
46690 
46692 
46694 
46696 
46698 
46700 
46704 
46706 
46708 
46710 
46712 
46713 
46714 
46716 
46717 
46719 
46723 
46725 
46727 
46728 
46730 
46732 
46736 
46738 
46740 
46741 
46742 
46744 
46746 
46748 
46752 
46753 
46754 
46755 
46757 
46759 
46761 
46763 
46765 
46766 
46767 
46768 
46770 
46772 
46774 
46776 
46777 
46781 
46783 
46785 
46786 
46788 
46791 
46792 
46795 
46796 
46797 
46800 
46802 
46804 
46806 
46808 
46810 
46812 
46814 
46817 
46819 
46821 
46822 
46826 
46828 
46830 
46832 
46835 
46837 
46841 
46843 
46845 
46849 
46850 
46852 
46854 
46855 
46856 
46858 
46859 
46861 
46863 
46865 
46868 
46869 
46871 
46875 
46877 
46878 
46879 
46883 
46884 
46886 
46889 
46891 
46893 
46895 
46897 
46899 
46901 
46903 
46906 
46908 
46910 
46914 
46916 
46918 
46922 
46923 
46925 
46927 
46929 
46931 
46935 
46937 
46938 
46941 
46945 
46947 
46950 
46952 
46954 
46958 
46959 
46961 
46965 
46967 
46969 
46971 
46972 
46974 
46975 
46979 
46981 
46983 
46985 
46987 
46989 
46991 
46993 
46994 
46996 
47000 
47002 
47005 
47007 
47008 
47010 
47012 
47014 
47016 
47018 
47021 
47023 
47025 
47028 
47032 
47034 
47035 
47037 
47039 
47040 
47042 
47046 
47047 
47049 
47053 
47056 
47058 
47060 
47063 
47064 
47068 
47070 
47072 
47074 
47076 
47077 
47078 
47079 
47083 
47084 
47086 
47088 
47090 
47092 
47094 
47098 
47100 
47104 
47106 
47110 
47112 
47114 
47116 
47118 
47120 
47122 
47124 
47126 
47128 
47129 
47133 
47134 
47136 
47137 
47139 
47141 
47143 
47145 
47148 
47150 
47153 
47155 
47157 
47160 
47162 
47164 
47166 
47167 
47169 
47171 
47173 
47175 
47176 
47179 
47181 
47183 
47187 
47189 
47190 
47193 
47195 
47197 
47201 
47202 
47206 
47208 
47210 
47212 
47214 
47218 
47220 
47224 
47226 
47228 
47230 
47231 
47233 
47235 
47238 
47240 
47242 
47243 
47245 
47249 
47251 
47253 
47256 
47258 
47260 
47261 
47264 
47266 
47268 
47270 
47271 
47273 
47274 
47276 
47280 
47282 
47284 
47286 
47288 
47290 
47292 
47296 
47298 
47299 
47302 
47303 
47307 
47309 
47311 
47313 
47316 
47317 
47319 
47321 
47323 
47325 
47329 
47330 
47332 
47333 
47335 
47336 
47340 
47342 
47345 
47347 
47349 
47351 
47353 
47355 
47356 
47359 
47361 
47363 
47364 
47366 
47368 
47370 
47371 
47373 
47374 
47376 
47377 
47378 
47380 
47382 
47384 
47385 
47388 
47390 
47393 
47395 
47399 
47400 
47401 
47404 
47408 
47410 
47412 
47414 
47416 
47419 
47420 
47423 
47425 
47427 
47428 
47429 
47431 
47432 
47434 
47438 
47440 
47442 
47444 
47446 
47448 
47450 
47454 
47456 
47460 
47462 
47464 
47466 
47468 
47470 
47474 
47476 
47479 
47483 
47485 
47487 
47491 
47493 
47497 
47499 
47501 
47503 
47505 
47507 
47508 
47510 
47512 
47513 
47514 
47516 
47517 
47519 
47522 
47523 
47525 
47528 
47529 
47531 
47533 
47534 
47538 
47539 
47541 
47543 
47545 
47547 
47551 
47553 
47555 
47557 
47558 
47560 
47562 
47564 
47566 
47568 
47570 
47574 
47576 
47578 
47580 
47582 
47584 
47586 
47588 
47590 
47591 
47593 
47595 
47596 
47599 
47601 
47604 
47606 
47607 
47610 
47614 
47616 
47617 
47621 
47622 
47624 
47625 
47627 
47629 
47632 
47634 
47638 
47640 
47644 
47646 
47648 
47649 
47651 
47653 
47655 
47657 
47659 
47661 
47662 
47664 
47666 
47670 
47672 
47673 
47675 
47676 
47678 
47680 
47682 
47684 
47687 
47689 
47693 
47695 
47697 
47700 
47704 
47706 
47707 
47710 
47712 
47715 
47717 
47719 
47720 
47722 
47723 
47724 
47728 
47729 
47731 
47735 
47737 
47739 
47743 
47745 
47747 
47751 
47752 
47754 
47755 
47757 
47759 
47760 
47762 
47764 
47766 
47768 
47770 
47774 
47776 
47778 
47781 
47783 
47785 
47787 
47790 
47794 
47796 
47798 
47802 
47805 
47807 
47808 
47811 
47812 
47814 
47816 
47817 
47818 
47820 
47822 
47824 
47828 
47830 
47832 
47834 
47836 
47838 
47840 
47844 
47846 
47848 
47850 
47852 
47854 
47855 
47859 
47861 
47864 
47865 
47867 
47870 
47873 
47875 
47876 
47878 
47880 
47882 
47884 
47886 
47887 
47891 
47893 
47895 
47898 
47902 
47904 
47906 
47910 
47912 
47914 
47918 
47920 
47922 
47926 
47928 
47930 
47932 
47933 
47934 
47937 
47938 
47940 
47944 
47946 
47947 
47948 
47952 
47953 
47955 
47957 
47958 
47960 
47962 
47963 
47965 
47967 
47969 
47973 
47974 
47978 
47980 
47981 
47983 
47984 
47986 
47988 
47990 
47991 
47993 
47995 
47997 
47999 
48001 
48002 
48006 
48008 
48010 
48011 
48012 
48014 
48016 
48017 
48020 
48022 
48026 
48028 
48029 
48031 
48033 
48035 
48036 
48038 
48041 
48042 
48043 
48044 
48046 
48047 
48051 
48053 
48056 
48057 
48059 
48062 
48065 
48067 
48069 
48070 
48071 
48072 
48074 
48076 
48078 
48080 
48082 
48084 
48088 
48089 
48091 
48094 
48095 
48097 
48099 
48103 
48105 
48109 
48110 
48112 
48114 
48116 
48117 
48119 
48123 
48125 
48127 
48130 
48132 
48136 
48138 
48140 
48142 
48144 
48145 
48147 
48150 
48152 
48153 
48155 
48157 
48159 
48160 
48161 
48162 
48164 
48165 
48169 
48171 
48175 
48177 
48178 
48180 
48182 
48184 
48186 
48190 
48192 
48194 
48196 
48198 
48199 
48201 
48203 
48204 
48206 
48208 
48210 
48212 
48214 
48215 
48217 
48219 
48220 
48221 
48222 
48223 
48225 
48227 
48229 
48233 
48235 
48237 
48238 
48240 
48242 
48244 
48245 
48247 
48250 
48251 
48253 
48255 
48257 
48260 
48262 
48264 
48268 
48270 
48272 
48276 
48278 
48282 
48284 
48286 
48288 
48290 
48291 
48293 
48297 
48299 
48301 
48303 
48305 
48307 
48309 
48311 
48313 
48314 
48316 
48320 
48322 
48324 
48327 
48329 
48330 
48332 
48334 
48336 
48338 
48340 
48342 
48344 
48346 
48348 
48350 
48354 
48358 
48360 
48362 
48363 
48365 
48367 
48369 
48371 
48372 
48374 
48378 
48380 
48383 
48385 
48387 
48389 
48391 
48393 
48395 
48398 
48400 
48403 
48405 
48408 
48410 
48412 
48413 
48416 
48420 
48422 
48424 
48425 
48426 
48428 
48429 
48431 
48432 
48434 
48436 
48438 
48442 
48444 
48446 
48449 
48451 
48453 
48455 
48457 
48459 
48462 
48464 
48468 
48470 
48472 
48476 
48478 
48481 
48483 
48486 
48488 
48490 
48492 
48494 
48495 
48496 
48500 
48502 
48503 
48506 
48510 
48512 
48514 
48517 
48518 
48521 
48523 
48524 
48525 
48527 
48529 
48530 
48532 
48534 
48535 
48537 
48538 
48540 
48544 
48546 
48550 
48551 
48553 
48555 
48556 
48558 
48562 
48564 
48566 
48567 
48569 
48571 
48573 
48575 
48579 
48581 
48583 
48585 
48587 
48589 
48593 
48595 
48597 
48598 
48600 
48602 
48603 
48606 
48608 
48610 
48612 
48614 
48616 
48618 
48619 
48622 
48624 
48627 
48629 
48631 
48634 
48636 
48637 
48639 
48640 
48642 
48645 
48647 
48648 
48650 
48654 
48656 
48658 
48662 
48664 
48665 
48667 
48669 
48672 
48674 
48676 
48678 
48680 
48682 
48686 
48688 
48690 
48692 
48694 
48696 
48698 
48701 
48702 
48704 
48706 
48708 
48710 
48714 
48718 
48720 
48722 
48724 
48726 
48728 
48730 
48731 
48733 
48735 
48737 
48740 
48744 
48746 
48748 
48751 
48752 
48756 
48758 
48760 
48762 
48763 
48765 
48767 
48769 
48771 
48775 
48777 
48781 
48782 
48784 
48785 
48787 
48789 
48790 
48792 
48795 
48796 
48797 
48798 
48800 
48802 
48805 
48806 
48807 
48809 
48811 
48813 
48817 
48819 
48821 
48822 
48824 
48825 
48827 
48829 
48831 
48835 
48837 
48841 
48843 
48845 
48847 
48849 
48851 
48854 
48856 
48857 
48859 
48861 
48862 
48863 
48866 
48868 
48871 
48872 
48874 
48877 
48881 
48883 
48885 
48889 
48891 
48893 
48894 
48896 
48898 
48900 
48904 
48906 
48908 
48910 
48912 
48915 
48917 
48920 
48922 
48923 
48925 
48927 
48930 
48932 
48936 
48938 
48939 
48941 
48945 
48947 
48949 
48950 
48952 
48954 
48956 
48957 
48959 
48960 
48962 
48964 
48966 
48969 
48973 
48975 
48977 
48980 
48982 
48984 
48988 
48990 
48993 
48997 
48999 
49001 
49003 
49005 
49007 
49011 
49013 
49017 
49019 
49021 
49023 
49025 
49026 
49027 
49029 
49030 
49034 
49036 
49040 
49042 
49044 
49045 
49047 
49049 
49053 
49054 
49056 
49060 
49062 
49064 
49066 
49068 
49069 
49072 
49075 
49077 
49079 
49083 
49086 
49088 
49089 
49090 
49094 
49096 
49098 
49100 
49102 
49104 
49105 
49107 
49110 
49112 
49114 
49115 
49117 
49119 
49123 
49124 
49126 
49128 
49131 
49135 
49137 
49139 
49141 
49143 
49146 
49150 
49152 
49154 
49156 
49157 
49159 
49161 
49162 
49164 
49165 
49167 
49168 
49171 
49173 
49175 
49178 
49180 
49182 
49184 
49185 
49186 
49188 
49189 
49190 
49192 
49196 
49197 
49200 
49202 
49204 
49205 
49207 
49209 
49211 
49212 
49214 
49216 
49217 
49219 
49222 
49224 
49226 
49227 
49229 
49231 
49233 
49235 
49237 
49238 
49240 
49242 
49243 
49245 
49249 
49251 
49255 
49257 
49259 
49260 
49262 
49264 
49266 
49269 
49271 
49273 
49275 
49277 
49281 
49283 
49285 
49289 
49293 
49295 
49297 
49299 
49301 
49303 
49304 
49305 
49307 
49309 
49311 
49314 
49316 
49317 
49320 
49322 
49324 
49326 
49330 
49332 
49333 
49335 
49337 
49339 
49341 
49343 
49345 
49349 
49353 
49355 
49357 
49359 
49360 
49362 
49364 
49366 
49368 
49370 
49372 
49376 
49378 
49380 
49384 
49386 
49388 
49390 
49392 
49394 
49396 
49400 
49402 
49403 
49406 
49408 
49412 
49414 
49416 
49417 
49421 
49423 
49425 
49426 
49428 
49430 
49432 
49436 
49438 
49441 
49442 
49444 
49447 
49451 
49453 
49455 
49458 
49460 
49464 
49466 
49468 
49470 
49472 
49473 
49474 
49475 
49477 
49479 
49483 
49485 
49487 
49488 
49490 
49492 
49494 
49495 
49497 
49499 
49500 
49502 
49506 
49508 
49511 
49513 
49515 
49516 
49518 
49520 
49523 
49525 
49527 
49528 
49532 
49533 
49535 
49537 
49541 
49543 
49545 
49547 
49549 
49550 
49552 
49554 
49556 
49559 
49563 
49564 
49566 
49568 
49570 
49572 
49573 
49575 
49577 
49579 
49580 
49582 
49585 
49587 
49591 
49593 
49595 
49597 
49599 
49600 
49602 
49604 
49606 
49610 
49612 
49614 
49615 
49616 
49618 
49620 
49622 
49623 
49625 
49627 
49629 
49633 
49635 
49637 
49641 
49643 
49645 
49646 
49648 
49652 
49654 
49658 
49660 
49662 
49664 
49666 
49667 
49669 
49673 
49675 
49676 
49678 
49680 
49682 
49684 
49686 
49688 
49691 
49693 
49695 
49697 
49699 
49703 
49705 
49708 
49709 
49711 
49714 
49718 
49720 
49722 
49726 
49728 
49732 
49734 
49735 
49737 
49738 
49740 
49742 
49745 
49747 
49749 
49751 
49753 
49755 
49756 
49757 
49759 
49761 
49762 
49764 
49766 
49768 
49769 
49770 
49771 
49773 
49777 
49779 
49780 
49782 
49784 
49786 
49790 
49791 
49793 
49795 
49797 
49799 
49803 
49805 
49807 
49809 
49811 
49813 
49815 
49817 
49820 
49821 
49823 
49827 
49829 
49831 
49835 
49838 
49840 
49842 
49845 
49846 
49850 
49852 
49854 
49856 
49858 
49860 
49861 
49862 
49866 
49868 
49870 
49872 
49873 
49875 
49879 
49881 
49883 
49887 
49889 
49890 
49893 
49894 
49898 
49902 
49904 
49906 
49910 
49911 
49915 
49917 
49919 
49921 
49923 
49924 
49926 
49927 
49930 
49931 
49934 
49936 
49937 
49938 
49939 
49943 
49946 
49947 
49948 
49949 
49951 
49953 
49955 
49956 
49958 
49960 
49961 
49962 
49964 
49965 
49967 
49968 
49970 
49972 
49975 
49976 
49979 
49981 
49983 
49987 
49989 
49990 
49994 
49995 
49997 
49999 
50001 
50003 
50005 
50009 
50011 
50015 
50017 
50021 
50023 
50025 
50026 
50028 
50029 
50031 
50033 
50035 
50037 
50038 
50039 
50043 
50045 
50046 
50050 
50052 
50054 
50056 
50058 
50060 
50063 
50065 
50069 
50071 
50073 
50076 
50080 
50082 
50083 
50087 
50088 
50090 
50092 
50094 
50096 
50097 
50099 
50103 
50105 
50107 
50111 
50113 
50115 
50119 
50121 
50123 
50125 
50127 
50129 
50130 
50132 
50134 
50135 
50137 
50139 
50141 
50145 
50146 
50148 
50151 
50153 
50155 
50157 
50159 
50163 
50167 
50169 
50171 
50175 
50177 
50181 
50183 
50184 
50186 
50188 
50189 
50191 
50193 
50196 
50198 
50200 
50203 
50204 
50206 
50208 
50210 
50212 
50216 
50218 
50220 
50221 
50223 
50225 
50226 
50228 
50232 
50234 
50238 
50240 
50241 
50243 
50245 
50247 
50249 
50250 
50252 
50254 
50255 
50257 
50261 
50263 
50265 
50267 
50269 
50271 
50272 
50273 
50275 
50279 
50281 
50284 
50286 
50288 
50291 
50293 
50296 
50300 
50302 
50304 
50307 
50309 
50311 
50313 
50315 
50317 
50318 
50320 
50322 
50324 
50326 
50327 
50329 
50333 
50334 
50335 
50338 
50340 
50342 
50346 
50348 
50350 
50352 
50354 
50356 
50358 
50359 
50363 
50367 
50369 
50371 
50375 
50378 
50380 
50381 
50384 
50386 
50387 
50389 
50391 
50392 
50393 
50396 
50398 
50399 
50401 
50403 
50405 
50409 
50411 
50415 
50417 
50419 
50421 
50425 
50427 
50430 
50434 
50436 
50438 
50440 
50442 
50443 
50444 
50446 
50448 
50450 
50452 
50454 
50456 
50460 
50462 
50464 
50467 
50469 
50473 
50475 
50477 
50478 
50481 
50483 
50485 
50487 
50489 
50491 
50493 
50497 
50499 
50500 
50503 
50506 
50508 
50510 
50514 
50516 
50519 
50521 
50523 
50525 
50527 
50531 
50532 
50534 
50535 
50536 
50537 
50541 
50543 
50545 
50546 
50548 
50550 
50552 
50554 
50555 
50557 
50559 
50562 
50564 
50566 
50567 
50569 
50570 
50574 
50575 
50579 
50580 
50581 
50583 
50585 
50587 
50589 
50591 
50592 
50594 
50596 
50597 
50598 
50601 
50602 
50606 
50608 
50610 
50612 
50614 
50616 
50618 
50622 
50624 
50626 
50628 
50630 
50632 
50633 
50635 
50638 
50642 
50643 
50645 
50646 
50648 
50649 
50651 
50653 
50655 
50657 
50659 
50662 
50664 
50667 
50669 
50671 
50673 
50677 
50679 
50681 
50683 
50685 
50689 
50691 
50695 
50697 
50699 
50703 
50705 
50707 
50709 
50711 
50713 
50714 
50715 
50717 
50718 
50720 
50722 
50726 
50727 
50729 
50731 
50733 
50736 
50737 
50739 
50740 
50741 
50743 
50745 
50747 
50749 
50751 
50753 
50757 
50759 
50761 
50765 
50769 
50771 
50773 
50775 
50777 
50778 
50780 
50782 
50784 
50785 
50787 
50791 
50793 
50794 
50798 
50799 
50801 
50803 
50805 
50808 
50810 
50811 
50813 
50817 
50819 
50821 
50822 
50824 
50826 
50828 
50830 
50832 
50834 
50836 
50838 
50840 
50841 
50842 
50846 
50848 
50850 
50852 
50854 
50856 
50858 
50860 
50862 
50864 
50865 
50868 
50869 
50871 
50872 
50874 
50878 
50880 
50882 
50886 
50890 
50892 
50894 
50898 
50900 
50904 
50905 
50907 
50909 
50910 
50912 
50913 
50914 
50917 
50919 
50920 
50922 
50923 
50925 
50927 
50929 
50933 
50935 
50939 
50941 
50942 
50944 
50946 
50948 
50949 
50951 
50952 
50954 
50955 
50957 
50961 
50963 
50967 
50969 
50973 
50975 
50977 
50979 
50981 
50982 
50984 
50986 
50987 
50989 
50993 
50995 
50997 
50999 
51001 
51003 
51005 
51007 
51010 
51012 
51015 
51017 
51019 
51022 
51024 
51026 
51027 
51029 
51031 
51032 
51034 
51036 
51040 
51041 
51043 
51047 
51049 
51052 
51054 
51058 
51060 
51061 
51062 
51064 
51066 
51070 
51072 
51074 
51076 
51080 
51082 
51084 
51086 
51088 
51090 
51092 
51095 
51097 
51100 
51104 
51106 
51107 
51110 
51112 
51114 
51116 
51118 
51119 
51122 
51124 
51126 
51128 
51130 
51132 
51135 
51137 
51138 
51140 
51142 
51146 
51148 
51150 
51152 
51154 
51156 
51158 
51162 
51164 
51168 
51170 
51171 
51173 
51175 
51177 
51178 
51180 
51182 
51184 
51186 
51190 
51192 
51196 
51198 
51199 
51201 
51202 
51203 
51205 
51207 
51210 
51211 
51212 
51213 
51215 
51217 
51221 
51223 
51225 
51227 
51230 
51231 
51232 
51234 
51236 
51238 
51239 
51240 
51242 
51244 
51246 
51250 
51252 
51256 
51258 
51260 
51262 
51264 
51266 
51269 
51271 
51273 
51274 
51276 
51277 
51278 
51281 
51282 
51285 
51287 
51289 
51292 
51296 
51298 
51300 
51304 
51305 
51307 
51309 
51311 
51313 
51315 
51316 
51318 
51321 
51325 
51327 
51328 
51330 
51334 
51336 
51338 
51340 
51342 
51346 
51348 
51352 
51354 
51358 
51360 
51362 
51364 
51365 
51367 
51369 
51370 
51371 
51375 
51377 
51381 
51383 
51385 
51386 
51388 
51390 
51392 
51394 
51395 
51397 
51399 
51401 
51405 
51407 
51409 
51411 
51413 
51416 
51418 
51421 
51425 
51427 
51429 
51430 
51432 
51434 
51437 
51439 
51440 
51442 
51446 
51448 
51450 
51451 
51453 
51455 
51458 
51460 
51462 
51466 
51469 
51471 
51472 
51475 
51476 
51478 
51480 
51482 
51483 
51485 
51487 
51489 
51492 
51496 
51497 
51499 
51503 
51505 
51507 
51509 
51511 
51512 
51513 
51515 
51517 
51520 
51522 
51524 
51526 
51529 
51532 
51534 
51535 
51537 
51539 
51540 
51542 
51544 
51548 
51549 
51551 
51554 
51556 
51558 
51562 
51564 
51566 
51570 
51572 
51574 
51576 
51578 
51579 
51581 
51582 
51584 
51585 
51587 
51589 
51590 
51594 
51595 
51596 
51599 
51601 
51603 
51605 
51606 
51608 
51610 
51612 
51613 
51614 
51616 
51618 
51621 
51623 
51625 
51626 
51628 
51630 
51631 
51632 
51634 
51635 
51637 
51638 
51640 
51644 
51646 
51648 
51650 
51652 
51654 
51656 
51658 
51662 
51664 
51666 
51667 
51669 
51671 
51675 
51677 
51680 
51682 
51684 
51688 
51691 
51693 
51695 
51697 
51698 
51701 
51703 
51707 
51709 
51711 
51713 
51715 
51717 
51719 
51721 
51723 
51727 
51729 
51731 
51735 
51739 
51741 
51743 
51745 
51746 
51747 
51749 
51751 
51753 
51757 
51759 
51761 
51762 
51764 
51766 
51768 
51772 
51774 
51777 
51781 
51783 
51784 
51786 
51790 
51792 
51795 
51799 
51801 
51803 
51805 
51806 
51808 
51810 
51812 
51813 
51814 
51816 
51818 
51822 
51824 
51827 
51829 
51830 
51831 
51833 
51835 
51838 
51839 
51841 
51843 
51846 
51850 
51852 
51854 
51858 
51860 
51864 
51865 
51867 
51869 
51871 
51873 
51874 
51877 
51879 
51880 
51881 
51882 
51884 
51886 
51887 
51889 
51891 
51893 
51895 
51896 
51898 
51900 
51901 
51903 
51905 
51909 
51911 
51912 
51914 
51916 
51918 
51920 
51924 
51926 
51927 
51929 
51931 
51935 
51937 
51939 
51941 
51943 
51945 
51947 
51949 
51951 
51954 
51958 
51960 
51962 
51966 
51968 
51971 
51973 
51974 
51978 
51979 
51981 
51985 
51987 
51989 
51991 
51993 
51994 
51996 
52000 
52001 
52003 
52005 
52007 
52009 
52010 
52012 
52013 
52015 
52017 
52019 
52022 
52024 
52026 
52028 
52031 
52033 
52037 
52039 
52041 
52043 
52045 
52047 
52049 
52051 
52053 
52057 
52059 
52061 
52062 
52063 
52065 
52066 
52068 
52070 
52072 
52076 
52078 
52082 
52084 
52086 
52088 
52092 
52094 
52095 
52097 
52101 
52103 
52105 
52107 
52109 
52111 
52112 
52116 
52118 
52120 
52122 
52123 
52125 
52127 
52129 
52132 
52134 
52136 
52138 
52140 
52142 
52146 
52149 
52151 
52153 
52154 
52158 
52161 
52163 
52165 
52167 
52168 
52170 
52172 
52173 
52177 
52179 
52181 
52183 
52185 
52186 
52190 
52192 
52196 
52198 
52200 
52201 
52205 
52206 
52209 
52213 
52215 
52217 
52221 
52222 
52226 
52228 
52230 
52232 
52234 
52236 
52237 
52238 
52241 
52242 
52244 
52245 
52246 
52250 
52253 
52254 
52256 
52257 
52258 
52260 
52262 
52264 
52265 
52267 
52268 
52269 
52271 
52272 
52274 
52275 
52277 
52279 
52282 
52284 
52287 
52288 
52290 
52294 
52296 
52297 
52301 
52302 
52304 
52306 
52308 
52310 
52311 
52315 
52317 
52321 
52323 
52325 
52326 
52328 
52330 
52332 
52334 
52335 
52337 
52339 
52343 
52346 
52348 
52351 
52353 
52355 
52358 
52362 
52364 
52366 
52368 
52371 
52373 
52375 
52377 
52379 
52380 
52382 
52386 
52388 
52390 
52394 
52397 
52399 
52400 
52401 
52403 
52405 
52407 
52408 
52411 
52413 
52415 
52417 
52419 
52420 
52421 
52425 
52427 
52429 
52431 
52433 
52435 
52437 
52440 
52442 
52445 
52447 
52449 
52452 
52455 
52457 
52458 
52460 
52462 
52464 
52466 
52468 
52470 
52474 
52476 
52478 
52481 
52485 
52487 
52489 
52493 
52495 
52497 
52500 
52502 
52503 
52507 
52508 
52511 
52514 
52516 
52518 
52522 
52524 
52526 
52529 
52531 
52535 
52536 
52538 
52539 
52540 
52542 
52544 
52546 
52548 
52552 
52553 
52557 
52559 
52561 
52563 
52564 
52566 
52568 
52569 
52570 
52572 
52573 
52575 
52577 
52578 
52580 
52584 
52586 
52588 
52589 
52591 
52593 
52595 
52597 
52601 
52603 
52607 
52609 
52610 
52612 
52614 
52616 
52617 
52619 
52621 
52622 
52624 
52625 
52629 
52630 
52634 
52636 
52638 
52640 
52642 
52644 
52646 
52650 
52652 
52655 
52657 
52658 
52662 
52664 
52667 
52671 
52673 
52674 
52676 
52678 
52680 
52682 
52683 
52685 
52687 
52688 
52690 
52692 
52694 
52698 
52700 
52703 
52705 
52707 
52709 
52713 
52715 
52717 
52719 
52723 
52724 
52725 
52727 
52729 
52731 
52732 
52734 
52738 
52740 
52742 
52746 
52748 
52752 
52754 
52756 
52758 
52760 
52761 
52763 
52765 
52766 
52768 
52770 
52772 
52774 
52775 
52777 
52780 
52784 
52785 
52789 
52790 
52792 
52793 
52795 
52797 
52799 
52800 
52802 
52804 
52805 
52807 
52808 
52811 
52813 
52817 
52819 
52821 
52823 
52825 
52826 
52830 
52832 
52834 
52836 
52838 
52840 
52841 
52843 
52845 
52848 
52851 
52852 
52853 
52855 
52857 
52858 
52860 
52861 
52863 
52865 
52869 
52870 
52872 
52874 
52876 
52878 
52880 
52882 
52884 
52886 
52888 
52891 
52893 
52896 
52898 
52900 
52902 
52904 
52908 
52910 
52912 
52916 
52918 
52920 
52924 
52926 
52930 
52932 
52934 
52936 
52938 
52939 
52941 
52945 
52947 
52949 
52950 
52952 
52954 
52956 
52958 
52960 
52961 
52963 
52967 
52969 
52970 
52974 
52975 
52976 
52978 
52980 
52981 
52983 
52985 
52987 
52989 
52991 
52995 
52997 
52999 
53003 
53005 
53007 
53009 
53011 
53013 
53015 
53017 
53018 
53019 
53023 
53025 
53027 
53029 
53031 
53033 
53035 
53037 
53039 
53041 
53042 
53043 
53045 
53046 
53047 
53049 
53051 
53053 
53054 
53057 
53059 
53061 
53065 
53067 
53069 
53070 
53072 
53074 
53078 
53080 
53082 
53086 
53090 
53092 
53094 
53098 
53100 
53104 
53106 
53107 
53108 
53109 
53111 
53112 
53113 
53116 
53117 
53119 
53121 
53123 
53125 
53126 
53128 
53132 
53134 
53138 
53139 
53141 
53143 
53145 
53147 
53151 
53153 
53155 
53156 
53157 
53159 
53161 
53162 
53166 
53168 
53169 
53171 
53173 
53177 
53179 
53181 
53183 
53185 
53187 
53188 
53192 
53194 
53196 
53198 
53200 
53202 
53204 
53206 
53209 
53211 
53214 
53216 
53218 
53221 
53223 
53225 
53226 
53228 
53229 
53230 
53232 
53236 
53237 
53240 
53242 
53246 
53248 
53250 
53252 
53256 
53257 
53258 
53260 
53262 
53266 
53268 
53270 
53272 
53276 
53278 
53280 
53284 
53286 
53289 
53291 
53292 
53293 
53295 
53297 
53299 
53301 
53302 
53303 
53305 
53308 
53310 
53311 
53312 
53313 
53315 
53317 
53321 
53322 
53325 
53327 
53328 
53330 
53332 
53336 
53338 
53341 
53345 
53347 
53349 
53351 
53354 
53356 
53358 
53360 
53362 
53363 
53364 
53365 
53369 
53371 
53373 
53374 
53376 
53377 
53379 
53381 
53384 
53386 
53388 
53389 
53392 
53393 
53394 
53396 
53398 
53400 
53402 
53403 
53405 
53408 
53410 
53412 
53416 
53418 
53420 
53423 
53424 
53425 
53427 
53428 
53431 
53432 
53434 
53435 
53437 
53439 
53441 
53443 
53447 
53448 
53452 
53453 
53454 
53456 
53457 
53459 
53461 
53463 
53465 
53466 
53469 
53471 
53473 
53474 
53476 
53479 
53481 
53483 
53486 
53488 
53489 
53490 
53493 
53495 
53499 
53501 
53503 
53505 
53506 
53508 
53509 
53511 
53513 
53515 
53517 
53519 
53520 
53522 
53524 
53525 
53527 
53529 
53531 
53535 
53538 
53540 
53542 
53543 
53545 
53547 
53549 
53552 
53555 
53557 
53559 
53563 
53564 
53566 
53568 
53570 
53573 
53574 
53578 
53582 
53584 
53586 
53588 
53590 
53592 
53593 
53596 
53598 
53602 
53604 
53606 
53609 
53610 
53612 
53614 
53616 
53618 
53622 
53624 
53625 
53626 
53627 
53629 
53631 
53633 
53636 
53638 
53640 
53642 
53644 
53646 
53650 
53652 
53653 
53654 
53656 
53658 
53660 
53662 
53664 
53666 
53670 
53672 
53673 
53675 
53677 
53678 
53679 
53681 
53683 
53687 
53689 
53691 
53694 
53698 
53700 
53702 
53706 
53710 
53712 
53714 
53716 
53717 
53718 
53720 
53721 
53723 
53727 
53729 
53732 
53733 
53735 
53736 
53738 
53740 
53742 
53744 
53746 
53748 
53751 
53753 
53755 
53758 
53762 
53764 
53766 
53770 
53772 
53774 
53778 
53780 
53784 
53786 
53788 
53790 
53792 
53794 
53798 
53800 
53802 
53804 
53805 
53806 
53807 
53809 
53811 
53815 
53817 
53821 
53823 
53825 
53826 
53827 
53829 
53831 
53833 
53835 
53837 
53840 
53842 
53843 
53847 
53849 
53850 
53853 
53855 
53859 
53861 
53865 
53867 
53870 
53872 
53874 
53876 
53878 
53879 
53880 
53882 
53884 
53888 
53890 
53893 
53896 
53897 
53898 
53900 
53902 
53904 
53906 
53910 
53912 
53913 
53915 
53916 
53920 
53921 
53923 
53925 
53926 
53927 
53929 
53930 
53932 
53934 
53936 
53938 
53940 
53942 
53943 
53947 
53948 
53950 
53951 
53954 
53956 
53957 
53961 
53962 
53963 
53965 
53967 
53969 
53971 
53974 
53976 
53979 
53981 
53982 
53984 
53986 
53988 
53990 
53992 
53994 
53995 
53997 
54001 
54003 
54005 
54007 
54009 
54011 
54013 
54016 
54018 
54020 
54022 
54024 
54027 
54029 
54030 
54033 
54037 
54039 
54041 
54042 
54044 
54046 
54048 
54049 
54051 
54053 
54055 
54057 
54059 
54060 
54064 
54068 
54070 
54071 
54075 
54078 
54079 
54080 
54081 
54083 
54085 
54087 
54088 
54089 
54090 
54092 
54096 
54097 
54098 
54100 
54103 
54106 
54108 
54110 
54112 
54114 
54116 
54118 
54122 
54124 
54126 
54129 
54130 
54134 
54136 
54138 
54139 
54141 
54143 
54145 
54147 
54149 
54150 
54152 
54156 
54158 
54160 
54163 
54166 
54168 
54170 
54174 
54176 
54179 
54181 
54183 
54184 
54186 
54189 
54190 
54192 
54193 
54194 
54196 
54200 
54202 
54206 
54207 
54209 
54210 
54212 
54214 
54216 
54218 
54219 
54221 
54224 
54225 
54227 
54231 
54235 
54237 
54239 
54242 
54244 
54248 
54249 
54251 
54253 
54255 
54256 
54258 
54262 
54264 
54266 
54268 
54270 
54271 
54272 
54274 
54276 
54278 
54281 
54285 
54287 
54288 
54289 
54291 
54293 
54294 
54295 
54296 
54299 
54301 
54305 
54307 
54309 
54311 
54313 
54315 
54319 
54320 
54322 
54324 
54326 
54328 
54330 
54332 
54333 
54334 
54336 
54340 
54341 
54345 
54347 
54348 
54350 
54352 
54354 
54358 
54360 
54362 
54364 
54365 
54367 
54368 
54370 
54372 
54374 
54377 
54381 
54383 
54385 
54387 
54389 
54390 
54392 
54394 
54397 
54399 
54401 
54404 
54406 
54409 
54411 
54413 
54414 
54415 
54417 
54419 
54421 
54424 
54426 
54428 
54431 
54433 
54435 
54436 
54437 
54439 
54440 
54441 
54443 
54445 
54449 
54450 
54451 
54453 
54456 
54458 
54460 
54463 
54465 
54469 
54471 
54475 
54477 
54479 
54481 
54484 
54486 
54488 
54490 
54491 
54492 
54493 
54494 
54496 
54498 
54499 
54501 
54502 
54504 
54507 
54509 
54511 
54513 
54517 
54519 
54521 
54524 
54528 
54530 
54532 
54533 
54535 
54536 
54538 
54540 
54542 
54545 
54547 
54548 
54551 
54553 
54555 
54557 
54559 
54561 
54565 
54566 
54567 
54568 
54570 
54571 
54574 
54575 
54579 
54580 
54582 
54583 
54584 
54586 
54588 
54590 
54592 
54593 
54596 
54599 
54601 
54602 
54603 
54604 
54606 
54608 
54609 
54613 
54615 
54618 
54622 
54624 
54626 
54628 
54630 
54632 
54634 
54635 
54636 
54639 
54641 
54644 
54646 
54647 
54649 
54651 
54653 
54655 
54659 
54661 
54664 
54666 
54668 
54670 
54672 
54674 
54678 
54680 
54681 
54682 
54684 
54686 
54687 
54689 
54693 
54695 
54697 
54699 
54700 
54701 
54703 
54705 
54707 
54709 
54713 
54715 
54716 
54718 
54719 
54721 
54725 
54726 
54729 
54731 
54733 
54735 
54736 
54738 
54739 
54741 
54743 
54745 
54746 
54748 
54749 
54751 
54753 
54757 
54760 
54761 
54762 
54763 
54765 
54767 
54769 
54772 
54775 
54777 
54779 
54783 
54785 
54787 
54788 
54790 
54792 
54795 
54796 
54798 
54802 
54804 
54806 
54809 
54813 
54815 
54817 
54821 
54823 
54827 
54829 
54831 
54832 
54834 
54836 
54840 
54842 
54844 
54846 
54847 
54849 
54850 
54851 
54853 
54857 
54859 
54863 
54865 
54867 
54868 
54869 
54871 
54873 
54875 
54876 
54877 
54879 
54881 
54885 
54887 
54889 
54892 
54896 
54898 
54900 
54904 
54908 
54910 
54912 
54914 
54916 
54917 
54918 
54919 
54921 
54925 
54927 
54930 
54932 
54933 
54934 
54936 
54938 
54940 
54942 
54944 
54947 
54949 
54953 
54955 
54956 
54958 
54962 
54963 
54966 
54968 
54972 
54974 
54977 
54979 
54981 
54983 
54985 
54986 
54989 
54990 
54991 
54993 
54995 
54997 
54999 
55003 
55005 
55006 
55008 
55012 
55014 
55017 
55018 
55020 
55022 
55023 
55027 
55028 
55029 
55031 
55033 
55034 
55036 
55038 
55040 
55042 
55044 
55045 
55049 
55051 
55053 
55054 
55055 
55056 
55057 
55060 
55062 
55063 
55067 
55068 
55069 
55071 
55073 
55075 
55077 
55080 
55082 
55085 
55087 
55089 
55090 
55092 
55094 
55096 
55098 
55100 
55101 
55103 
55107 
55109 
55112 
55114 
55116 
55118 
55120 
55122 
55124 
55126 
55129 
55130 
55132 
55134 
55135 
55138 
55142 
55144 
55145 
55147 
55149 
55151 
55152 
55154 
55158 
55160 
55161 
55165 
55168 
55169 
55170 
55171 
55173 
55175 
55176 
55177 
55179 
55180 
55182 
55186 
55188 
55190 
55192 
55194 
55196 
55197 
55201 
55203 
55205 
55207 
55209 
55211 
55213 
55217 
55219 
55223 
55225 
55227 
55230 
55233 
55234 
55235 
55237 
55238 
55240 
55241 
55243 
55245 
55247 
55249 
55250 
55252 
55254 
55257 
55260 
55262 
55264 
55268 
55270 
55272 
55275 
55277 
55281 
55282 
55284 
55286 
55287 
55291 
55293 
55295 
55297 
55299 
55300 
55303 
55304 
55308 
55309 
55311 
55313 
55314 
55316 
55318 
55320 
55321 
55324 
55325 
55327 
55329 
55333 
55337 
55339 
55341 
55345 
55347 
55350 
55352 
55353 
55355 
55357 
55358 
55360 
55364 
55366 
55367 
55368 
55369 
55370 
55372 
55374 
55375 
55378 
55382 
55384 
55386 
55388 
55390 
55392 
55394 
55398 
55400 
55401 
55403 
55405 
55407 
55409 
55413 
55414 
55416 
55418 
55420 
55421 
55425 
55427 
55428 
55430 
55434 
55436 
55438 
55440 
55442 
55444 
55445 
55447 
55448 
55450 
55452 
55453 
55454 
55456 
55460 
55462 
55464 
55466 
55469 
55473 
55475 
55477 
55478 
55480 
55482 
55484 
55486 
55488 
55491 
55493 
55495 
55498 
55501 
55503 
55505 
55507 
55508 
55509 
55510 
55512 
55514 
55516 
55520 
55521 
55522 
55524 
55527 
55528 
55529 
55532 
55533 
55535 
55537 
55539 
55540 
55543 
55545 
55549 
55551 
55553 
55556 
55559 
55561 
55565 
55566 
55568 
55570 
55572 
55576 
55578 
55580 
55582 
55584 
55585 
55589 
55591 
55593 
55595 
55597 
55599 
55600 
55602 
55605 
55607 
55608 
55610 
55612 
55614 
55618 
55622 
55624 
55626 
55628 
55630 
55632 
55634 
55636 
55638 
55641 
55643 
55645 
55647 
55649 
55651 
55652 
55653 
55657 
55659 
55663 
55665 
55667 
55669 
55670 
55672 
55674 
55676 
55680 
55683 
55685 
55687 
55689 
55691 
55693 
55694 
55696 
55698 
55700 
55702 
55704 
55708 
55712 
55713 
55715 
55716 
55718 
55720 
55722 
55724 
55728 
55729 
55733 
55735 
55737 
55739 
55741 
55743 
55745 
55747 
55750 
55754 
55756 
55758 
55760 
55762 
55764 
55766 
55768 
55770 
55772 
55774 
55776 
55777 
55780 
55781 
55784 
55786 
55788 
55791 
55794 
55796 
55798 
55801 
55803 
55805 
55808 
55810 
55814 
55815 
55816 
55818 
55820 
55822 
55824 
55826 
55828 
55830 
55832 
55833 
55835 
55837 
55839 
55843 
55845 
55847 
55849 
55851 
55852 
55853 
55855 
55859 
55861 
55863 
55865 
55867 
55869 
55873 
55874 
55876 
55878 
55880 
55882 
55884 
55887 
55889 
55890 
55891 
55892 
55894 
55898 
55899 
55903 
55905 
55907 
55909 
55911 
55913 
55917 
55919 
55920 
55922 
55923 
55924 
55926 
55927 
55928 
55930 
55932 
55934 
55936 
55940 
55942 
55944 
55948 
55951 
55953 
55955 
55957 
55961 
55964 
55965 
55967 
55971 
55973 
55975 
55977 
55979 
55981 
55982 
55984 
55986 
55988 
55990 
55992 
55993 
55996 
55998 
56000 
56002 
56004 
56007 
56009 
56011 
56014 
56016 
56020 
56022 
56024 
56026 
56028 
56030 
56031 
56033 
56036 
56039 
56041 
56043 
56045 
56047 
56050 
56052 
56054 
56056 
56058 
56062 
56063 
56065 
56067 
56069 
56071 
56073 
56075 
56078 
56080 
56082 
56084 
56088 
56090 
56092 
56096 
56100 
56102 
56104 
56105 
56107 
56109 
56111 
56113 
56116 
56118 
56120 
56124 
56125 
56127 
56129 
56130 
56132 
56136 
56138 
56140 
56142 
56143 
56147 
56149 
56153 
56155 
56157 
56159 
56161 
56163 
56165 
56167 
56169 
56171 
56173 
56175 
56177 
56180 
56183 
56184 
56186 
56188 
56190 
56192 
56194 
56197 
56199 
56202 
56203 
56205 
56208 
56212 
56214 
56215 
56219 
56221 
56222 
56223 
56225 
56226 
56228 
56230 
56231 
56232 
56234 
56236 
56239 
56240 
56244 
56245 
56248 
56250 
56251 
56253 
56254 
56256 
56258 
56259 
56261 
56264 
56266 
56269 
56270 
56271 
56273 
56275 
56277 
56278 
56280 
56283 
56287 
56289 
56291 
56293 
56295 
56298 
56300 
56304 
56308 
56310 
56312 
56314 
56315 
56317 
56319 
56321 
56325 
56327 
56329 
56333 
56335 
56337 
56338 
56340 
56342 
56344 
56347 
56351 
56353 
56355 
56356 
56359 
56360 
56361 
56363 
56367 
56368 
56370 
56372 
56374 
56378 
56380 
56382 
56384 
56386 
56388 
56390 
56391 
56392 
56394 
56396 
56400 
56402 
56406 
56408 
56410 
56411 
56412 
56415 
56417 
56419 
56421 
56425 
56429 
56431 
56433 
56437 
56439 
56443 
56445 
56447 
56449 
56451 
56453 
56454 
56456 
56459 
56463 
56465 
56466 
56467 
56469 
56470 
56472 
56474 
56477 
56479 
56480 
56482 
56484 
56485 
56487 
56488 
56490 
56493 
56494 
56496 
56498 
56500 
56502 
56506 
56508 
56510 
56512 
56514 
56516 
56520 
56521 
56523 
56527 
56529 
56531 
56533 
56535 
56536 
56537 
56538 
56540 
56541 
56545 
56549 
56551 
56553 
56555 
56557 
56559 
56561 
56563 
56565 
56568 
56570 
56574 
56576 
56578 
56582 
56584 
56588 
56590 
56592 
56596 
56599 
56601 
56602 
56606 
56608 
56611 
56613 
56615 
56617 
56618 
56620 
56624 
56626 
56627 
56629 
56631 
56632 
56634 
56635 
56637 
56639 
56641 
56645 
56647 
56648 
56650 
56651 
56653 
56654 
56655 
56657 
56660 
56662 
56666 
56668 
56670 
56672 
56674 
56676 
56678 
56680 
56682 
56684 
56686 
56688 
56689 
56691 
56693 
56697 
56699 
56703 
56705 
56707 
56709 
56711 
56713 
56717 
56719 
56721 
56722 
56723 
56725 
56727 
56729 
56731 
56733 
56735 
56739 
56743 
56745 
56746 
56748 
56752 
56754 
56756 
56758 
56760 
56762 
56763 
56767 
56769 
56771 
56773 
56775 
56777 
56779 
56781 
56784 
56786 
56788 
56791 
56793 
56795 
56799 
56801 
56802 
56804 
56806 
56808 
56810 
56814 
56816 
56820 
56822 
56824 
56826 
56828 
56830 
56832 
56835 
56837 
56840 
56842 
56844 
56848 
56850 
56853 
56857 
56859 
56860 
56862 
56863 
56865 
56867 
56868 
56869 
56871 
56872 
56874 
56876 
56878 
56882 
56884 
56888 
56890 
56892 
56894 
56896 
56898 
56899 
56901 
56903 
56907 
56909 
56911 
56912 
56914 
56917 
56919 
56921 
56923 
56926 
56930 
56932 
56934 
56936 
56940 
56942 
56944 
56946 
56948 
56949 
56950 
56952 
56954 
56956 
56960 
56962 
56964 
56966 
56967 
56968 
56969 
56971 
56975 
56977 
56979 
56980 
56982 
56984 
56986 
56987 
56988 
56992 
56995 
56997 
56999 
57000 
57003 
57004 
57006 
57008 
57010 
57012 
57014 
57016 
57018 
57019 
57022 
57024 
57026 
57030 
57032 
57034 
57038 
57040 
57043 
57045 
57046 
57047 
57049 
57051 
57052 
57056 
57060 
57062 
57064 
57066 
57067 
57069 
57071 
57073 
57075 
57077 
57081 
57083 
57086 
57087 
57089 
57091 
57093 
57095 
57096 
57100 
57102 
57104 
57105 
57109 
57113 
57114 
57116 
57117 
57119 
57121 
57123 
57125 
57127 
57129 
57130 
57132 
57136 
57139 
57141 
57142 
57144 
57146 
57150 
57152 
57154 
57156 
57158 
57162 
57164 
57166 
57168 
57171 
57173 
57175 
57176 
57177 
57179 
57181 
57185 
57187 
57189 
57193 
57195 
57197 
57199 
57200 
57202 
57203 
57205 
57208 
57209 
57211 
57213 
57215 
57217 
57218 
57222 
57224 
57226 
57230 
57232 
57236 
57238 
57241 
57242 
57244 
57248 
57250 
57253 
57255 
57257 
57259 
57261 
57262 
57264 
57266 
57268 
57270 
57272 
57275 
57279 
57281 
57282 
57283 
57285 
57287 
57289 
57290 
57292 
57295 
57297 
57298 
57300 
57302 
57306 
57308 
57310 
57312 
57314 
57316 
57318 
57322 
57324 
57328 
57329 
57332 
57334 
57336 
57337 
57339 
57341 
57345 
57347 
57351 
57353 
57355 
57356 
57357 
57359 
57361 
57365 
57366 
57368 
57370 
57371 
57373 
57375 
57377 
57381 
57383 
57385 
57387 
57391 
57392 
57393 
57394 
57396 
57398 
57402 
57404 
57405 
57407 
57409 
57411 
57413 
57417 
57419 
57421 
57423 
57425 
57427 
57429 
57431 
57434 
57438 
57440 
57442 
57444 
57446 
57448 
57449 
57451 
57453 
57455 
57457 
57459 
57462 
57464 
57467 
57469 
57471 
57474 
57478 
57480 
57482 
57486 
57488 
57490 
57491 
57493 
57495 
57498 
57502 
57504 
57505 
57507 
57511 
57513 
57515 
57517 
57519 
57523 
57525 
57529 
57531 
57535 
57537 
57539 
57541 
57542 
57544 
57546 
57547 
57549 
57553 
57555 
57559 
57561 
57563 
57564 
57566 
57568 
57570 
57572 
57574 
57576 
57578 
57582 
57584 
57587 
57589 
57591 
57592 
57594 
57598 
57600 
57604 
57608 
57610 
57612 
57614 
57616 
57618 
57621 
57623 
57625 
57627 
57631 
57633 
57635 
57636 
57638 
57640 
57641 
57643 
57647 
57650 
57652 
57653 
57656 
57658 
57660 
57662 
57663 
57665 
57667 
57668 
57672 
57674 
57676 
57680 
57682 
57683 
57685 
57687 
57689 
57691 
57693 
57695 
57697 
57698 
57700 
57703 
57706 
57708 
57710 
57712 
57714 
57716 
57718 
57719 
57723 
57725 
57727 
57730 
57733 
57735 
57739 
57741 
57743 
57747 
57749 
57751 
57754 
57755 
57757 
57759 
57761 
57763 
57764 
57766 
57768 
57769 
57771 
57773 
57775 
57779 
57781 
57783 
57786 
57787 
57789 
57790 
57794 
57796 
57798 
57800 
57802 
57804 
57807 
57811 
57813 
57815 
57816 
57818 
57820 
57822 
57823 
57824 
57826 
57828 
57832 
57834 
57836 
57837 
57839 
57841 
57843 
57845 
57846 
57848 
57849 
57850 
57854 
57855 
57857 
57859 
57863 
57865 
57867 
57869 
57871 
57873 
57875 
57877 
57879 
57882 
57884 
57888 
57891 
57892 
57894 
57895 
57897 
57899 
57903 
57905 
57907 
57911 
57913 
57915 
57917 
57919 
57921 
57923 
57927 
57929 
57931 
57932 
57934 
57936 
57939 
57940 
57942 
57945 
57948 
57950 
57952 
57955 
57957 
57960 
57964 
57966 
57968 
57969 
57971 
57973 
57974 
57975 
57977 
57979 
57983 
57987 
57988 
57990 
57992 
57995 
57997 
57999 
58000 
58002 
58006 
58008 
58009 
58011 
58013 
58017 
58019 
58023 
58025 
58027 
58031 
58033 
58036 
58040 
58042 
58046 
58047 
58049 
58051 
58052 
58053 
58055 
58057 
58059 
58061 
58063 
58064 
58068 
58070 
58072 
58075 
58077 
58080 
58082 
58084 
58087 
58088 
58089 
58091 
58093 
58096 
58098 
58101 
58102 
58104 
58107 
58111 
58113 
58115 
58119 
58121 
58125 
58127 
58129 
58131 
58133 
58134 
58135 
58136 
58138 
58141 
58143 
58147 
58149 
58151 
58152 
58154 
58156 
58158 
58159 
58161 
58163 
58164 
58166 
58170 
58173 
58175 
58177 
58178 
58179 
58181 
58184 
58185 
58187 
58189 
58193 
58195 
58197 
58199 
58203 
58205 
58209 
58211 
58213 
58215 
58217 
58218 
58220 
58221 
58222 
58223 
58225 
58227 
58229 
58232 
58234 
58236 
58238 
58240 
58241 
58242 
58244 
58246 
58247 
58249 
58252 
58254 
58255 
58257 
58259 
58261 
58263 
58267 
58269 
58270 
58272 
58274 
58276 
58280 
58282 
58286 
58288 
58292 
58294 
58298 
58300 
58302 
58304 
58306 
58307 
58309 
58313 
58315 
58317 
58319 
58321 
58323 
58325 
58327 
58329 
58332 
58336 
58338 
58340 
58344 
58346 
58350 
58352 
58354 
58358 
58361 
58363 
58365 
58369 
58371 
58374 
58376 
58378 
58380 
58381 
58383 
58384 
58386 
58388 
58390 
58391 
58393 
58394 
58396 
58398 
58400 
58404 
58406 
58407 
58408 
58410 
58412 
58414 
58417 
58419 
58423 
58425 
58427 
58429 
58431 
58433 
58435 
58437 
58439 
58441 
58443 
58445 
58449 
58451 
58453 
58455 
58456 
58458 
58460 
58462 
58464 
58466 
58470 
58474 
58476 
58478 
58482 
58484 
58487 
58489 
58491 
58493 
58495 
58496 
58500 
58502 
58504 
58506 
58508 
58510 
58512 
58514 
58517 
58519 
58521 
58524 
58526 
58528 
58532 
58533 
58535 
58537 
58539 
58541 
58542 
58544 
58548 
58550 
58554 
58556 
58558 
58560 
58562 
58564 
58566 
58570 
58572 
58574 
58576 
58578 
58580 
58582 
58584 
58586 
58588 
58590 
58592 
58594 
58596 
58598 
58601 
58604 
58606 
58607 
58610 
58612 
58614 
58618 
58620 
58622 
58623 
58627 
58628 
58631 
58633 
58635 
58637 
58638 
58640 
58642 
58644 
58648 
58649 
58650 
58652 
58654 
58656 
58660 
58662 
58666 
58668 
58670 
58672 
58674 
58677 
58681 
58683 
58685 
58689 
58691 
58695 
58697 
58699 
58701 
58703 
58705 
58706 
58708 
58709 
58710 
58713 
58714 
58716 
58718 
58719 
58723 
58724 
58726 
58728 
58730 
58732 
58735 
58737 
58739 
58741 
58742 
58744 
58746 
58748 
58750 
58752 
58753 
58756 
58757 
58759 
58761 
58762 
58764 
58766 
58768 
58770 
58773 
58775 
58778 
58780 
58782 
58785 
58789 
58791 
58793 
58797 
58801 
58803 
58805 
58809 
58812 
58814 
58815 
58816 
58817 
58819 
58820 
58822 
58824 
58826 
58830 
58832 
58834 
58836 
58838 
58839 
58841 
58845 
58847 
58849 
58851 
58853 
58854 
58857 
58859 
58861 
58863 
58866 
58869 
58871 
58873 
58875 
58877 
58878 
58880 
58882 
58884 
58887 
58889 
58891 
58894 
58898 
58899 
58901 
58905 
58907 
58909 
58911 
58912 
58916 
58917 
58920 
58923 
58925 
58927 
58930 
58931 
58934 
58936 
58940 
58941 
58943 
58945 
58946 
58948 
58950 
58952 
58954 
58956 
58960 
58961 
58965 
58967 
58968 
58969 
58971 
58973 
58975 
58979 
58981 
58982 
58984 
58986 
58988 
58990 
58994 
58996 
59000 
59002 
59003 
59005 
59007 
59009 
59011 
59013 
59015 
59016 
59018 
59020 
59024 
59027 
59029 
59031 
59033 
59035 
59037 
59039 
59043 
59045 
59048 
59050 
59051 
59055 
59057 
59060 
59064 
59066 
59067 
59070 
59072 
59074 
59076 
59078 
59079 
59081 
59083 
59085 
59087 
59089 
59091 
59092 
59095 
59097 
59099 
59102 
59104 
59106 
59108 
59111 
59113 
59115 
59116 
59118 
59122 
59124 
59126 
59130 
59132 
59136 
59138 
59140 
59142 
59144 
59145 
59147 
59149 
59151 
59152 
59154 
59156 
59158 
59161 
59163 
59165 
59166 
59168 
59171 
59175 
59177 
59181 
59183 
59184 
59186 
59188 
59190 
59192 
59194 
59195 
59196 
59197 
59201 
59203 
59205 
59206 
59208 
59212 
59214 
59216 
59218 
59219 
59220 
59222 
59224 
59227 
59228 
59229 
59231 
59233 
59235 
59237 
59239 
59241 
59243 
59244 
59246 
59248 
59250 
59251 
59253 
59255 
59257 
59259 
59262 
59264 
59266 
59268 
59270 
59274 
59276 
59278 
59282 
59284 
59286 
59290 
59292 
59295 
59297 
59299 
59301 
59302 
59303 
59307 
59309 
59311 
59313 
59315 
59317 
59321 
59323 
59324 
59328 
59329 
59331 
59333 
59335 
59337 
59339 
59341 
59343 
59346 
59348 
59350 
59353 
59356 
59358 
59360 
59362 
59364 
59366 
59368 
59370 
59371 
59373 
59377 
59379 
59382 
59384 
59386 
59388 
59390 
59392 
59395 
59397 
59399 
59401 
59402 
59405 
59407 
59409 
59410 
59412 
59414 
59416 
59418 
59420 
59422 
59424 
59426 
59427 
59428 
59430 
59432 
59434 
59438 
59440 
59442 
59444 
59448 
59450 
59452 
59454 
59456 
59457 
59458 
59462 
59463 
59465 
59469 
59473 
59475 
59477 
59481 
59483 
59487 
59489 
59490 
59491 
59492 
59494 
59496 
59497 
59501 
59502 
59504 
59506 
59508 
59510 
59511 
59513 
59517 
59519 
59523 
59524 
59526 
59528 
59530 
59532 
59536 
59538 
59540 
59541 
59543 
59545 
59547 
59549 
59553 
59555 
59557 
59559 
59563 
59565 
59567 
59569 
59571 
59573 
59574 
59578 
59580 
59582 
59583 
59585 
59587 
59589 
59592 
59594 
59597 
59599 
59601 
59604 
59606 
59607 
59609 
59611 
59612 
59614 
59618 
59619 
59621 
59625 
59627 
59629 
59631 
59635 
59637 
59639 
59640 
59642 
59644 
59648 
59650 
59652 
59654 
59658 
59660 
59662 
59666 
59668 
59671 
59673 
59674 
59676 
59678 
59680 
59682 
59684 
59685 
59686 
59688 
59691 
59693 
59695 
59697 
59698 
59700 
59701 
59703 
59705 
59707 
59709 
59713 
59715 
59718 
59722 
59724 
59726 
59729 
59731 
59733 
59736 
59738 
59740 
59741 
59742 
59743 
59746 
59748 
59750 
59751 
59753 
59754 
59756 
59758 
59760 
59761 
59762 
59764 
59767 
59769 
59771 
59773 
59775 
59776 
59778 
59780 
59781 
59782 
59784 
59785 
59787 
59788 
59790 
59791 
59795 
59796 
59798 
59799 
59801 
59802 
59803 
59805 
59806 
59808 
59811 
59813 
59817 
59819 
59821 
59823 
59824 
59827 
59828 
59830 
59832 
59834 
59836 
59837 
59838 
59840 
59841 
59842 
59844 
59846 
59848 
59852 
59853 
59854 
59855 
59857 
59859 
59861 
59863 
59866 
59868 
59869 
59870 
59872 
59874 
59876 
59879 
59880 
59884 
59888 
59890 
59892 
59894 
59896 
59898 
59900 
59902 
59904 
59908 
59910 
59912 
59913 
59915 
59917 
59919 
59921 
59925 
59927 
59928 
59930 
59932 
59934 
59936 
59939 
59941 
59943 
59945 
59946 
59948 
59952 
59954 
59955 
59957 
59959 
59961 
59962 
59964 
59967 
59969 
59971 
59973 
59975 
59977 
59979 
59981 
59983 
59986 
59989 
59991 
59993 
59997 
59999 
60001 
60002 
60003 
60005 
60006 
60008 
60012 
60013 
60015 
60017 
60018 
60020 
60022 
60026 
60028 
60030 
60033 
60037 
60039 
60041 
60045 
60047 
60049 
60052 
60054 
60058 
60060 
60062 
60064 
60066 
60070 
60072 
60074 
60076 
60077 
60078 
60079 
60081 
60083 
60087 
60089 
60092 
60094 
60096 
60097 
60098 
60100 
60102 
60104 
60106 
60110 
60112 
60114 
60115 
60119 
60121 
60123 
60126 
60128 
60132 
60134 
60138 
60140 
60144 
60146 
60148 
60150 
60152 
60153 
60154 
60157 
60158 
60160 
60162 
60166 
60168 
60169 
60172 
60175 
60177 
60178 
60180 
60182 
60184 
60186 
60190 
60192 
60193 
60195 
60196 
60200 
60202 
60203 
60205 
60207 
60208 
60210 
60212 
60213 
60215 
60217 
60219 
60223 
60226 
60228 
60231 
60233 
60235 
60239 
60241 
60243 
60244 
60248 
60250 
60252 
60253 
60255 
60257 
60259 
60261 
60265 
60267 
60271 
60273 
60275 
60276 
60278 
60280 
60282 
60286 
60287 
60289 
60290 
60292 
60294 
60296 
60299 
60301 
60304 
60306 
60308 
60311 
60313 
60314 
60315 
60316 
60318 
60320 
60322 
60324 
60327 
60329 
60330 
60332 
60334 
60336 
60338 
60340 
60342 
60343 
60345 
60349 
60351 
60353 
60355 
60357 
60359 
60361 
60364 
60366 
60368 
60370 
60372 
60374 
60376 
60379 
60383 
60385 
60387 
60389 
60391 
60393 
60394 
60396 
60397 
60399 
60401 
60403 
60406 
60410 
60412 
60414 
60418 
60421 
60423 
60424 
60425 
60427 
60429 
60431 
60433 
60435 
60436 
60438 
60442 
60443 
60445 
60448 
60451 
60453 
60455 
60457 
60459 
60461 
60463 
60467 
60469 
60471 
60474 
60475 
60479 
60481 
60483 
60485 
60487 
60489 
60491 
60493 
60494 
60495 
60497 
60499 
60501 
60504 
60506 
60510 
60512 
60514 
60516 
60518 
60520 
60522 
60525 
60526 
60528 
60529 
60530 
60532 
60536 
60538 
60542 
60543 
60545 
60546 
60548 
60550 
60552 
60554 
60555 
60556 
60558 
60562 
60566 
60568 
60571 
60573 
60577 
60578 
60580 
60582 
60584 
60586 
60588 
60590 
60592 
60594 
60595 
60596 
60598 
60600 
60602 
60605 
60609 
60611 
60612 
60613 
60615 
60617 
60619 
60620 
60622 
60625 
60629 
60631 
60633 
60635 
60637 
60639 
60643 
60644 
60646 
60648 
60650 
60652 
60654 
60656 
60657 
60658 
60659 
60661 
60665 
60667 
60671 
60673 
60675 
60677 
60679 
60681 
60685 
60687 
60689 
60691 
60693 
60695 
60696 
60700 
60701 
60703 
60705 
60708 
60712 
60714 
60716 
60718 
60720 
60721 
60723 
60726 
60728 
60730 
60732 
60734 
60735 
60736 
60737 
60738 
60740 
60742 
60743 
60747 
60749 
60751 
60754 
60756 
60758 
60759 
60760 
60761 
60763 
60765 
60767 
60771 
60773 
60775 
60779 
60781 
60784 
60786 
60790 
60792 
60796 
60798 
60800 
60802 
60806 
60807 
60809 
60811 
60813 
60814 
60815 
60817 
60818 
60820 
60821 
60823 
60825 
60826 
60828 
60831 
60833 
60835 
60837 
60841 
60843 
60845 
60848 
60852 
60854 
60856 
60857 
60859 
60861 
60863 
60865 
60867 
60870 
60872 
60874 
60877 
60878 
60880 
60882 
60884 
60887 
60889 
60891 
60892 
60894 
60895 
60899 
60901 
60903 
60904 
60906 
60908 
60910 
60912 
60914 
60915 
60918 
60920 
60921 
60922 
60925 
60927 
60929 
60930 
60931 
60933 
60935 
60937 
60939 
60941 
60942 
60943 
60945 
60948 
60949 
60950 
60952 
60954 
60956 
60958 
60961 
60963 
60965 
60967 
60969 
60973 
60975 
60977 
60978 
60979 
60983 
60985 
60987 
60989 
60991 
60993 
60995 
60998 
61000 
61002 
61004 
61008 
61010 
61013 
61015 
61017 
61019 
61020 
61022 
61023 
61025 
61028 
61029 
61030 
61032 
61034 
61036 
61038 
61042 
61046 
61048 
61051 
61052 
61053 
61054 
61056 
61058 
61060 
61062 
61065 
61067 
61069 
61073 
61074 
61076 
61078 
61079 
61081 
61083 
61087 
61089 
61093 
61095 
61097 
61100 
61104 
61106 
61108 
61112 
61114 
61118 
61120 
61122 
61123 
61125 
61127 
61131 
61133 
61135 
61137 
61138 
61140 
61142 
61143 
61145 
61149 
61151 
61155 
61157 
61159 
61160 
61161 
61163 
61165 
61167 
61169 
61171 
61173 
61175 
61179 
61181 
61183 
61186 
61190 
61192 
61194 
61198 
61199 
61203 
61205 
61207 
61209 
61211 
61212 
61213 
61214 
61216 
61220 
61222 
61225 
61227 
61228 
61229 
61231 
61232 
61234 
61236 
61238 
61239 
61240 
61243 
61245 
61249 
61251 
61255 
61257 
61259 
61261 
61262 
61264 
61266 
61270 
61271 
61273 
61275 
61277 
61279 
61281 
61283 
61286 
61288 
61291 
61293 
61295 
61298 
61301 
61303 
61305 
61307 
61309 
61311 
61315 
61319 
61321 
61323 
61325 
61329 
61331 
61334 
61336 
61340 
61342 
61344 
61346 
61348 
61350 
61352 
61353 
61354 
61357 
61359 
61360 
61362 
61364 
61366 
61368 
61372 
61374 
61377 
61378 
61380 
61384 
61386 
61387 
61390 
61391 
61393 
61395 
61396 
61400 
61401 
61402 
61403 
61405 
61407 
61409 
61411 
61413 
61415 
61419 
61420 
61421 
61423 
61425 
61428 
61429 
61431 
61432 
61436 
61438 
61440 
61444 
61448 
61450 
61452 
61456 
61458 
61459 
61460 
61462 
61464 
61466 
61467 
61469 
61471 
61473 
61477 
61479 
61481 
61483 
61485 
61487 
61491 
61493 
61495 
61497 
61499 
61500 
61501 
61505 
61508 
61510 
61512 
61515 
61516 
61518 
61520 
61522 
61524 
61525 
61527 
61529 
61532 
61535 
61537 
61539 
61542 
61543 
61546 
61548 
61551 
61552 
61554 
61556 
61557 
61561 
61563 
61565 
61567 
61569 
61571 
61574 
61575 
61579 
61580 
61582 
61584 
61585 
61587 
61589 
61591 
61592 
61595 
61596 
61598 
61600 
61604 
61608 
61610 
61612 
61616 
61618 
61621 
61623 
61624 
61626 
61627 
61631 
61633 
61634 
61635 
61636 
61637 
61639 
61640 
61642 
61644 
61648 
61650 
61652 
61654 
61656 
61658 
61661 
61662 
61664 
61666 
61668 
61672 
61673 
61675 
61677 
61679 
61681 
61685 
61687 
61689 
61691 
61695 
61697 
61699 
61701 
61702 
61703 
61705 
61707 
61710 
61712 
61714 
61715 
61716 
61718 
61719 
61721 
61725 
61727 
61728 
61730 
61733 
61736 
61738 
61740 
61741 
61743 
61745 
61747 
61749 
61751 
61754 
61756 
61758 
61761 
61763 
61765 
61767 
61769 
61771 
61775 
61777 
61779 
61781 
61785 
61787 
61789 
61790 
61792 
61794 
61796 
61798 
61800 
61802 
61805 
61807 
61811 
61813 
61815 
61818 
61822 
61823 
61827 
61829 
61831 
61833 
61835 
61836 
61838 
61839 
61842 
61844 
61846 
61850 
61854 
61856 
61857 
61860 
61862 
61866 
61868 
61870 
61872 
61873 
61875 
61877 
61879 
61883 
61885 
61887 
61889 
61890 
61892 
61894 
61896 
61898 
61899 
61901 
61905 
61906 
61909 
61911 
61913 
61915 
61917 
61918 
61920 
61922 
61924 
61925 
61927 
61929 
61931 
61933 
61937 
61939 
61943 
61945 
61947 
61949 
61951 
61953 
61955 
61958 
61959 
61961 
61963 
61965 
61967 
61969 
61971 
61974 
61976 
61979 
61981 
61983 
61986 
61989 
61990 
61992 
61996 
61998 
62001 
62002 
62004 
62006 
62007 
62011 
62013 
62015 
62016 
62018 
62020 
62022 
62026 
62029 
62031 
62033 
62036 
62038 
62040 
62042 
62044 
62046 
62048 
62050 
62051 
62053 
62055 
62056 
62058 
62060 
62062 
62065 
62067 
62068 
62070 
62072 
62074 
62076 
62077 
62080 
62082 
62084 
62087 
62091 
62093 
62095 
62099 
62101 
62103 
62106 
62108 
62110 
62114 
62116 
62118 
62120 
62122 
62124 
62125 
62127 
62129 
62132 
62134 
62136 
62139 
62143 
62145 
62149 
62150 
62151 
62153 
62154 
62157 
62159 
62161 
62163 
62165 
62167 
62171 
62172 
62175 
62176 
62178 
62179 
62181 
62183 
62184 
62185 
62186 
62188 
62191 
62193 
62195 
62197 
62198 
62199 
62201 
62203 
62204 
62205 
62207 
62209 
62211 
62215 
62217 
62219 
62221 
62223 
62225 
62229 
62231 
62233 
62235 
62237 
62239 
62243 
62245 
62248 
62250 
62252 
62255 
62257 
62261 
62263 
62267 
62269 
62271 
62273 
62275 
62277 
62278 
62281 
62283 
62285 
62287 
62291 
62295 
62297 
62299 
62302 
62304 
62308 
62310 
62312 
62314 
62316 
62318 
62319 
62321 
62325 
62326 
62328 
62329 
62331 
62332 
62334 
62338 
62339 
62341 
62343 
62345 
62347 
62349 
62352 
62353 
62355 
62357 
62359 
62363 
62367 
62369 
62371 
62375 
62377 
62379 
62381 
62382 
62384 
62386 
62388 
62392 
62396 
62398 
62400 
62404 
62407 
62409 
62411 
62413 
62414 
62416 
62418 
62419 
62420 
62422 
62423 
62425 
62427 
62429 
62433 
62435 
62439 
62441 
62443 
62446 
62450 
62452 
62454 
62458 
62461 
62464 
62466 
62468 
62470 
62472 
62474 
62476 
62478 
62481 
62483 
62485 
62488 
62490 
62492 
62494 
62496 
62497 
62499 
62501 
62503 
62505 
62508 
62510 
62514 
62515 
62517 
62519 
62521 
62523 
62525 
62526 
62527 
62529 
62532 
62533 
62535 
62536 
62538 
62540 
62542 
62543 
62545 
62547 
62549 
62551 
62552 
62555 
62557 
62559 
62561 
62563 
62566 
62568 
62570 
62572 
62573 
62575 
62578 
62580 
62582 
62584 
62586 
62588 
62589 
62591 
62595 
62596 
62597 
62599 
62601 
62603 
62605 
62608 
62610 
62614 
62616 
62617 
62619 
62621 
62624 
62628 
62630 
62632 
62633 
62636 
62638 
62640 
62642 
62644 
62646 
62647 
62650 
62651 
62653 
62655 
62656 
62657 
62659 
62660 
62662 
62664 
62666 
62667 
62671 
62672 
62675 
62676 
62678 
62680 
62681 
62683 
62685 
62687 
62688 
62690 
62692 
62694 
62696 
62698 
62699 
62700 
62703 
62705 
62708 
62710 
62712 
62716 
62717 
62719 
62721 
62722 
62726 
62728 
62730 
62731 
62733 
62735 
62737 
62739 
62741 
62745 
62748 
62750 
62752 
62754 
62756 
62758 
62760 
62762 
62765 
62767 
62770 
62773 
62775 
62777 
62781 
62783 
62787 
62789 
62790 
62793 
62795 
62796 
62800 
62802 
62806 
62808 
62810 
62812 
62813 
62815 
62817 
62820 
62821 
62823 
62825 
62827 
62829 
62831 
62834 
62835 
62839 
62840 
62841 
62842 
62844 
62846 
62848 
62849 
62851 
62853 
62855 
62857 
62861 
62865 
62867 
62869 
62871 
62873 
62875 
62877 
62881 
62883 
62885 
62887 
62889 
62891 
62893 
62895 
62898 
62900 
62902 
62905 
62907 
62909 
62912 
62913 
62914 
62915 
62918 
62920 
62924 
62926 
62927 
62929 
62930 
62932 
62933 
62937 
62939 
62940 
62942 
62944 
62946 
62949 
62950 
62952 
62953 
62955 
62957 
62960 
62962 
62966 
62968 
62970 
62971 
62973 
62975 
62977 
62981 
62983 
62985 
62987 
62990 
62992 
62994 
62996 
62997 
63000 
63001 
63002 
63003 
63005 
63007 
63009 
63013 
63015 
63016 
63020 
63022 
63024 
63026 
63028 
63032 
63034 
63038 
63040 
63044 
63045 
63047 
63051 
63055 
63057 
63059 
63061 
63063 
63064 
63066 
63068 
63072 
63074 
63076 
63080 
63082 
63084 
63085 
63087 
63089 
63091 
63094 
63096 
63098 
63099 
63101 
63105 
63106 
63108 
63110 
63112 
63116 
63118 
63120 
63121 
63123 
63125 
63127 
63129 
63131 
63133 
63134 
63136 
63138 
63140 
63142 
63144 
63145 
63148 
63150 
63153 
63155 
63158 
63161 
63163 
63166 
63170 
63172 
63174 
63175 
63177 
63179 
63181 
63185 
63187 
63189 
63191 
63193 
63195 
63196 
63197 
63199 
63201 
63203 
63205 
63207 
63209 
63212 
63214 
63216 
63218 
63220 
63224 
63226 
63227 
63229 
63231 
63233 
63237 
63239 
63241 
63243 
63245 
63247 
63249 
63250 
63253 
63257 
63258 
63260 
63262 
63264 
63266 
63268 
63271 
63273 
63275 
63277 
63279 
63281 
63283 
63286 
63287 
63290 
63293 
63295 
63297 
63300 
63304 
63306 
63309 
63311 
63315 
63317 
63320 
63324 
63325 
63326 
63329 
63331 
63333 
63335 
63336 
63337 
63338 
63340 
63342 
63344 
63346 
63348 
63352 
63354 
63358 
63360 
63362 
63364 
63366 
63368 
63370 
63372 
63373 
63375 
63377 
63380 
63382 
63383 
63385 
63386 
63389 
63391 
63393 
63395 
63397 
63400 
63404 
63406 
63407 
63411 
63413 
63414 
63415 
63416 
63417 
63421 
63423 
63425 
63429 
63431 
63433 
63435 
63437 
63439 
63440 
63441 
63444 
63445 
63447 
63449 
63451 
63452 
63454 
63457 
63459 
63463 
63465 
63466 
63468 
63470 
63471 
63474 
63475 
63477 
63479 
63481 
63483 
63485 
63487 
63489 
63490 
63492 
63494 
63497 
63499 
63501 
63503 
63505 
63508 
63509 
63511 
63515 
63518 
63522 
63524 
63526 
63528 
63529 
63531 
63533 
63535 
63539 
63541 
63543 
63545 
63547 
63549 
63551 
63554 
63556 
63558 
63559 
63561 
63562 
63566 
63568 
63570 
63571 
63575 
63576 
63578 
63579 
63581 
63583 
63584 
63586 
63588 
63590 
63591 
63593 
63595 
63596 
63598 
63601 
63603 
63605 
63606 
63610 
63612 
63614 
63616 
63620 
63622 
63624 
63626 
63628 
63630 
63631 
63633 
63635 
63638 
63640 
63642 
63644 
63645 
63646 
63648 
63651 
63652 
63654 
63656 
63657 
63659 
63661 
63663 
63665 
63668 
63670 
63673 
63675 
63678 
63680 
63682 
63683 
63685 
63688 
63690 
63692 
63693 
63695 
63697 
63699 
63702 
63703 
63704 
63706 
63708 
63710 
63712 
63715 
63716 
63718 
63720 
63722 
63724 
63728 
63730 
63732 
63734 
63737 
63738 
63740 
63741 
63742 
63744 
63746 
63748 
63749 
63751 
63754 
63756 
63758 
63759 
63761 
63764 
63767 
63768 
63770 
63772 
63774 
63776 
63778 
63780 
63782 
63785 
63787 
63788 
63789 
63792 
63795 
63797 
63801 
63803 
63805 
63806 
63808 
63810 
63812 
63813 
63815 
63817 
63819 
63821 
63823 
63825 
63827 
63829 
63832 
63834 
63835 
63839 
63841 
63843 
63845 
63847 
63849 
63851 
63852 
63853 
63854 
63858 
63860 
63862 
63864 
63866 
63868 
63872 
63874 
63875 
63878 
63879 
63881 
63883 
63885 
63887 
63891 
63893 
63895 
63897 
63899 
63901 
63903 
63905 
63908 
63910 
63912 
63914 
63916 
63918 
63920 
63922 
63925 
63927 
63930 
63933 
63935 
63937 
63939 
63941 
63943 
63947 
63949 
63952 
63954 
63955 
63957 
63958 
63959 
63961 
63964 
63966 
63968 
63972 
63973 
63975 
63978 
63979 
63981 
63983 
63987 
63989 
63991 
63994 
63996 
64000 
64002 
64004 
64006 
64008 
64009 
64011 
64015 
64017 
64019 
64021 
64022 
64023 
64025 
64027 
64028 
64029 
64031 
64033 
64035 
64037 
64040 
64044 
64046 
64048 
64049 
64053 
64055 
64057 
64059 
64061 
64065 
64067 
64069 
64071 
64073 
64074 
64075 
64077 
64079 
64083 
64084 
64087 
64088 
64089 
64090 
64092 
64096 
64097 
64100 
64101 
64103 
64106 
64108 
64112 
64114 
64115 
64117 
64118 
64119 
64123 
64127 
64128 
64130 
64132 
64134 
64136 
64139 
64141 
64143 
64145 
64146 
64148 
64151 
64152 
64154 
64156 
64158 
64160 
64164 
64166 
64168 
64170 
64171 
64175 
64176 
64177 
64179 
64181 
64183 
64185 
64187 
64188 
64190 
64194 
64196 
64198 
64200 
64202 
64204 
64207 
64209 
64212 
64213 
64214 
64216 
64219 
64221 
64223 
64224 
64226 
64228 
64230 
64232 
64235 
64236 
64240 
64242 
64243 
64246 
64248 
64252 
64254 
64257 
64259 
64263 
64265 
64268 
64270 
64272 
64274 
64276 
64278 
64279 
64282 
64283 
64284 
64286 
64288 
64290 
64292 
64296 
64298 
64300 
64302 
64304 
64305 
64306 
64309 
64310 
64312 
64316 
64318 
64319 
64323 
64324 
64326 
64327 
64331 
64332 
64334 
64335 
64337 
64339 
64340 
64342 
64344 
64346 
64347 
64349 
64351 
64353 
64355 
64356 
64360 
64362 
64364 
64366 
64367 
64369 
64372 
64373 
64376 
64377 
64378 
64379 
64381 
64382 
64384 
64387 
64389 
64391 
64393 
64395 
64396 
64398 
64399 
64401 
64403 
64407 
64409 
64411 
64412 
64414 
64416 
64418 
64420 
64422 
64424 
64425 
64427 
64431 
64432 
64433 
64434 
64435 
64436 
64438 
64442 
64444 
64445 
64447 
64451 
64453 
64455 
64457 
64459 
64460 
64464 
64466 
64468 
64470 
64472 
64474 
64476 
64478 
64481 
64482 
64484 
64486 
64488 
64490 
64494 
64496 
64498 
64500 
64503 
64505 
64506 
64507 
64509 
64511 
64513 
64514 
64516 
64518 
64520 
64524 
64526 
64528 
64530 
64532 
64534 
64536 
64540 
64541 
64543 
64545 
64547 
64551 
64552 
64555 
64557 
64558 
64560 
64561 
64563 
64564 
64565 
64567 
64568 
64570 
64571 
64573 
64575 
64577 
64578 
64581 
64584 
64586 
64588 
64591 
64594 
64596 
64598 
64599 
64601 
64603 
64604 
64608 
64610 
64612 
64614 
64616 
64618 
64622 
64623 
64627 
64629 
64630 
64631 
64633 
64635 
64637 
64638 
64640 
64644 
64645 
64649 
64651 
64653 
64657 
64659 
64660 
64662 
64663 
64665 
64667 
64668 
64672 
64673 
64674 
64676 
64677 
64680 
64682 
64686 
64688 
64690 
64692 
64694 
64695 
64697 
64699 
64700 
64704 
64706 
64708 
64710 
64711 
64713 
64717 
64721 
64723 
64724 
64725 
64727 
64729 
64731 
64733 
64735 
64738 
64740 
64742 
64743 
64746 
64749 
64752 
64755 
64758 
64760 
64763 
64766 
64769 
64772 
64775 
64778 
64781 
64784 
64787 
64790 
64792 
64795 
64797 
64800 
64803 
64806 
64809 
64812 
64815 
64817 
64820 
64823 
64825 
64828 
64831 
64833 
64836 
64839 
64842 
64844 
64847 
64850 
64852 
64855 
64858 
64861 
64864 
64867 
64870 
64873 
64875 
64877 
64880 
64881 
64884 
64886 
64888 
64890 
64892 
64894 
64896 
64898 
64901 
64904 
64907 
64909 
64911 
64913 
64915 
64918 
64921 
64924 
64927 
64930 
64933 
64936 
64939 
64942 
64945 
64946 
64949 
64951 
64954 
64957 
64960 
64963 
64966 
64968 
64970 
64972 
64975 
64977 
64979 
64982 
64985 
64988 
64991 
64994 
64997 
64998 
65001 
65003 
65006 
65009 
65012 
65015 
65018 
65020 
65023 
65026 
65029 
65032 
65035 
65038 
65040 
65043 
65046 
65048 
65051 
65054 
65056 
65058 
65061 
65063 
65066 
65068 
65071 
65073 
65076 
65079 
65082 
65085 
65088 
65091 
65093 
65096 
65098 
65101 
65104 
65106 
65109 
65112 
65114 
65115 
65118 
65121 
65123 
65126 
65129 
65132 
65135 
65138 
65141 
65143 
65146 
65149 
65152 
65154 
65157 
65160 
65163 
65166 
65169 
65172 
65175 
65178 
65181 
65184 
65187 
65190 
65193 
65195 
65198 
65201 
65204 
65206 
65209 
65211 
65214 
65216 
65219 
65221 
65224 
65225 
65228 
65231 
65234 
65237 
65240 
65243 
65246 
65249 
65252 
65255 
65258 
65260 
65263 
65266 
65269 
65272 
65275 
65278 
65281 
65283 
65286 
65288 
65291 
65293 
65295 
65297 
65299 
65302 
65304 
65307 
65310 
65313 
65316 
65319 
65321 
65324 
65327 
65330 
65333 
65336 
65338 
65341 
65344 
65347 
65350 
65353 
65356 
65359 
65361 
65363 
65366 
65369 
65372 
65374 
65377 
65380 
65382 
65385 
65388 
65391 
65394 
65397 
65400 
65403 
65406 
65408 
65410 
65412 
65415 
65417 
65420 
65423 
65424 
65426 
65429 
65432 
65433 
65435 
65438 
65440 
65443 
65445 
65447 
65450 
65452 
65455 
65458 
65461 
65463 
65466 
65469 
65472 
65474 
65476 
65478 
65480 
65483 
65486 
65489 
65492 
65495 
65497 
65499 
65502 
65505 
65508 
65510 
65513 
65515 
65518 
65521 
65524 
65526 
65529 
65531 
65533 
65536 
65539 
65542 
65545 
65547 
65549 
65552 
65555 
65558 
65561 
65563 
65566 
65568 
65570 
65573 
65576 
65578 
65581 
65584 
65587 
65590 
65593 
65595 
65598 
65601 
65603 
65606 
65607 
65609 
65612 
65615 
65618 
65621 
65624 
65626 
65629 
65632 
65635 
65638 
65641 
65644 
65647 
65650 
65653 
65656 
65659 
65661 
65664 
65667 
65670 
65672 
65674 
65677 
65680 
65682 
65685 
65688 
65691 
65694 
65697 
65700 
65703 
65706 
65709 
65711 
65714 
65716 
65719 
65722 
65725 
65728 
65731 
65734 
65737 
65740 
65743 
65746 
65748 
65751 
65752 
65755 
65758 
65761 
65763 
65764 
65766 
65769 
65772 
65774 
65777 
65780 
65783 
65786 
65789 
65792 
65794 
65797 
65799 
65802 
65804 
65807 
65810 
65813 
65816 
65819 
65821 
65824 
65827 
65830 
65833 
65836 
65839 
65842 
65845 
65848 
65850 
65853 
65856 
65859 
65862 
65865 
65868 
65871 
65874 
65876 
65879 
65881 
65884 
65886 
65889 
65891 
65894 
65897 
65899 
65902 
65905 
65908 
65911 
65914 
65915 
65918 
65921 
65924 
65927 
65929 
65931 
65934 
65937 
65938 
65941 
65943 
65946 
65949 
65952 
65955 
65957 
65960 
65962 
65964 
65967 
65970 
65973 
65976 
65979 
65981 
65984 
65987 
65990 
65993 
65995 
65998 
66001 
66004 
66007 
66010 
66013 
66016 
66019 
66021 
66024 
66027 
66030 
66031 
66034 
66036 
66038 
66041 
66044 
66047 
66050 
66053 
66056 
66058 
66061 
66064 
66067 
66069 
66072 
66073 
66075 
66078 
66081 
66082 
66085 
66087 
66090 
66093 
66096 
66099 
66102 
66105 
66108 
66111 
66114 
66117 
66120 
66123 
66125 
66127 
66130 
66133 
66135 
66138 
66141 
66144 
66146 
66148 
66150 
66153 
66156 
66159 
66161 
66164 
66167 
66170 
66172 
66175 
66178 
66180 
66183 
66186 
66189 
66190 
66193 
66196 
66199 
66202 
66203 
66206 
66208 
66210 
66212 
66215 
66217 
66220 
66223 
66226 
66229 
66232 
66234 
66237 
66240 
66242 
66245 
66248 
66251 
66254 
66257 
66260 
66262 
66264 
66267 
66270 
66273 
66276 
66279 
66282 
66285 
66288 
66290 
66292 
66295 
66298 
66301 
66304 
66307 
66309 
66312 
66315 
66317 
66320 
66323 
66326 
66329 
66331 
66334 
66337 
66339 
66342 
66345 
66348 
66351 
66354 
66357 
66360 
66363 
66366 
66368 
66371 
66374 
66377 
66380 
66383 
66386 
66389 
66391 
66393 
66396 
66399 
66402 
66405 
66408 
66411 
66413 
66414 
66416 
66418 
66421 
66423 
66426 
66429 
66432 
66434 
66437 
66440 
66442 
66444 
66447 
66449 
66452 
66455 
66458 
66461 
66463 
66465 
66468 
66470 
66473 
66476 
66479 
66481 
66483 
66486 
66488 
66491 
66494 
66497 
66500 
66503 
66506 
66509 
66511 
66514 
66517 
66520 
66521 
66523 
66526 
66528 
66531 
66534 
66537 
66539 
66542 
66544 
66547 
66549 
66552 
66554 
66555 
66557 
66560 
66562 
66565 
66567 
66570 
66573 
66575 
66578 
66581 
66584 
66586 
66589 
66591 
66594 
66597 
66600 
66603 
66605 
66608 
66611 
66614 
66616 
66619 
66622 
66625 
66628 
66631 
66634 
66637 
66639 
66640 
66643 
66646 
66648 
66651 
66654 
66657 
66660 
66663 
66666 
66669 
66672 
66674 
66677 
66679 
66681 
66683 
66686 
66688 
66691 
66693 
66696 
66698 
66701 
66704 
66707 
66710 
66713 
66716 
66719 
66722 
66724 
66726 
66729 
66732 
66735 
66737 
66740 
66742 
66745 
66748 
66751 
66754 
66755 
66758 
66761 
66764 
66765 
66768 
66771 
66774 
66777 
66780 
66783 
66786 
66789 
66791 
66793 
66794 
66797 
66800 
66802 
66804 
66807 
66810 
66813 
66815 
66818 
66821 
66823 
66826 
66829 
66831 
66834 
66836 
66839 
66842 
66845 
66848 
66851 
66854 
66857 
66860 
66863 
66866 
66869 
66872 
66874 
66877 
66879 
66881 
66884 
66886 
66889 
66890 
66893 
66896 
66898 
66901 
66904 
66907 
66910 
66913 
66915 
66918 
66921 
66922 
66924 
66927 
66930 
66933 
66936 
66939 
66941 
66944 
66947 
66950 
66952 
66954 
66957 
66959 
66962 
66965 
66967 
66970 
66973 
66976 
66979 
66982 
66985 
66988 
66991 
66993 
66996 
66999 
67002 
67005 
67008 
67011 
67014 
67017 
67020 
67023 
67026 
67028 
67031 
67033 
67036 
67039 
67042 
67044 
67047 
67049 
67052 
67054 
67057 
67059 
67062 
67065 
67067 
67070 
67073 
67076 
67079 
67082 
67084 
67086 
67089 
67092 
67094 
67097 
67100 
67103 
67105 
67107 
67110 
67112 
67115 
67118 
67121 
67124 
67126 
67129 
67132 
67134 
67136 
67138 
67140 
67143 
67146 
67149 
67151 
67154 
67157 
67160 
67163 
67166 
67168 
67170 
67172 
67174 
67176 
67179 
67182 
67184 
67187 
67190 
67192 
67194 
67197 
67200 
67201 
67204 
67205 
67207 
67209 
67211 
67214 
67217 
67220 
67223 
67226 
67229 
67232 
67234 
67237 
67239 
67242 
67244 
67246 
67249 
67252 
67255 
67258 
67261 
67263 
67266 
67269 
67271 
67274 
67277 
67280 
67282 
67284 
67286 
67289 
67292 
67295 
67298 
67301 
67303 
67306 
67309 
67311 
67314 
67317 
67319 
67322 
67325 
67328 
67331 
67334 
67336 
67339 
67342 
67345 
67348 
67350 
67353 
67356 
67359 
67361 
67364 
67367 
67370 
67373 
67376 
67379 
67382 
67385 
67388 
67391 
67394 
67397 
67400 
67403 
67406 
67409 
67412 
67415 
67418 
67420 
67423 
67426 
67429 
67432 
67435 
67438 
67440 
67443 
67446 
67449 
67450 
67453 
67456 
67458 
67461 
67464 
67467 
67469 
67471 
67474 
67477 
67480 
67482 
67485 
67488 
67490 
67493 
67496 
67499 
67501 
67503 
67506 
67508 
67511 
67514 
67516 
67519 
67522 
67525 
67528 
67531 
67533 
67536 
67539 
67542 
67544 
67546 
67549 
67552 
67555 
67558 
67560 
67561 
67564 
67567 
67570 
67573 
67576 
67579 
67582 
67585 
67587 
67590 
67592 
67595 
67597 
67599 
67601 
67604 
67606 
67609 
67612 
67615 
67618 
67621 
67624 
67626 
67629 
67632 
67634 
67637 
67640 
67643 
67646 
67649 
67651 
67653 
67656 
67659 
67662 
67665 
67668 
67670 
67673 
67676 
67679 
67682 
67685 
67688 
67690 
67693 
67695 
67698 
67700 
67703 
67706 
67708 
67711 
67713 
67716 
67719 
67722 
67725 
67728 
67730 
67733 
67736 
67739 
67741 
67744 
67747 
67749 
67752 
67755 
67757 
67759 
67761 
67764 
67767 
67770 
67773 
67776 
67779 
67782 
67785 
67788 
67791 
67794 
67797 
67800 
67803 
67805 
67807 
67810 
67813 
67816 
67819 
67822 
67824 
67827 
67830 
67833 
67836 
67839 
67841 
67844 
67847 
67850 
67853 
67856 
67859 
67862 
67865 
67867 
67869 
67872 
67874 
67877 
67880 
67883 
67886 
67889 
67892 
67895 
67898 
67901 
67903 
67905 
67908 
67911 
67914 
67917 
67920 
67923 
67925 
67928 
67931 
67933 
67934 
67937 
67939 
67942 
67945 
67947 
67950 
67952 
67955 
67957 
67960 
67963 
67966 
67969 
67972 
67975 
67978 
67981 
67984 
67986 
67989 
67992 
67995 
67998 
68001 
68004 
68007 
68010 
68013 
68015 
68018 
68020 
68023 
68026 
68029 
68031 
68033 
68036 
68039 
68042 
68045 
68048 
68051 
68054 
68057 
68060 
68062 
68064 
68067 
68069 
68071 
68074 
68077 
68080 
68082 
68085 
68088 
68091 
68094 
68096 
68099 
68102 
68104 
68106 
68109 
68111 
68112 
68114 
68117 
68120 
68123 
68126 
68129 
68132 
68135 
68137 
68140 
68143 
68146 
68148 
68151 
68154 
68156 
68159 
68162 
68164 
68167 
68169 
68172 
68174 
68177 
68179 
68182 
68185 
68188 
68191 
68194 
68197 
68200 
68203 
68205 
68208 
68211 
68213 
68215 
68217 
68219 
68220 
68222 
68225 
68228 
68231 
68234 
68236 
68238 
68241 
68244 
68247 
68250 
68252 
68254 
68257 
68260 
68262 
68265 
68268 
68270 
68272 
68275 
68278 
68280 
68283 
68286 
68288 
68290 
68292 
68294 
68297 
68298 
68300 
68303 
68305 
68307 
68309 
68312 
68315 
68318 
68319 
68321 
68323 
68325 
68328 
68331 
68334 
68337 
68340 
68343 
68346 
68349 
68352 
68355 
68357 
68360 
68362 
68365 
68368 
68371 
68374 
68376 
68379 
68381 
68383 
68386 
68389 
68392 
68393 
68395 
68397 
68399 
68401 
68404 
68407 
68410 
68413 
68415 
68418 
68420 
68423 
68426 
68428 
68430 
68433 
68435 
68438 
68440 
68443 
68445 
68448 
68451 
68454 
68457 
68459 
68462 
68465 
68466 
68469 
68472 
68475 
68477 
68480 
68482 
68485 
68488 
68490 
68493 
68496 
68498 
68501 
68503 
68506 
68509 
68512 
68514 
68516 
68519 
68522 
68525 
68528 
68530 
68533 
68536 
68539 
68541 
68544 
68547 
68549 
68552 
68555 
68557 
68560 
68563 
68566 
68568 
68570 
68573 
68576 
68579 
68582 
68584 
68586 
68589 
68592 
68595 
68598 
68601 
68604 
68607 
68609 
68612 
68615 
68618 
68620 
68623 
68625 
68628 
68631 
68634 
68637 
68640 
68642 
68644 
68647 
68649 
68651 
68654 
68657 
68660 
68662 
68665 
68668 
68671 
68674 
68677 
68679 
68682 
68685 
68687 
68690 
68693 
68696 
68698 
68700 
68703 
68706 
68708 
68711 
68713 
68716 
68719 
68722 
68724 
68727 
68730 
68733 
68736 
68738 
68740 
68743 
68746 
68749 
68752 
68754 
68757 
68759 
68762 
68765 
68768 
68771 
68774 
68777 
68780 
68783 
68785 
68787 
68789 
68790 
68792 
68795 
68798 
68801 
68804 
68806 
68808 
68810 
68812 
68815 
68818 
68821 
