0 
0 
1 
2 
3 
4 
5 
6 
7 
8 
9 
10 
11 
12 
13 
14 
15 
16 
17 
18 
19 
20 
21 
22 
23 
24 
25 
26 
27 
28 
29 
30 
31 
32 
33 
34 
35 
36 
37 
38 
39 
40 
42 
43 
44 
45 
46 
47 
48 
49 
50 
51 
52 
53 
54 
55 
56 
57 
58 
59 
60 
62 
63 
64 
65 
67 
68 
69 
70 
71 
72 
73 
74 
75 
76 
77 
78 
79 
80 
81 
82 
83 
84 
85 
86 
87 
89 
90 
91 
92 
93 
94 
96 
97 
98 
99 
100 
101 
102 
103 
104 
105 
106 
107 
108 
109 
110 
111 
112 
113 
114 
115 
116 
117 
118 
119 
120 
121 
123 
124 
125 
126 
128 
129 
130 
131 
132 
133 
134 
135 
137 
138 
139 
141 
142 
143 
144 
145 
146 
148 
149 
150 
152 
154 
155 
156 
157 
158 
159 
160 
161 
162 
163 
164 
165 
166 
167 
168 
169 
170 
171 
172 
173 
174 
175 
176 
177 
178 
179 
181 
182 
183 
184 
185 
186 
187 
188 
189 
190 
192 
193 
195 
196 
197 
198 
199 
200 
201 
202 
203 
204 
205 
207 
208 
209 
210 
211 
213 
214 
215 
216 
217 
218 
220 
221 
222 
223 
224 
225 
227 
228 
229 
230 
231 
232 
233 
234 
236 
237 
238 
239 
240 
241 
242 
243 
244 
245 
246 
247 
248 
249 
250 
251 
252 
253 
255 
256 
257 
258 
259 
260 
261 
262 
263 
264 
265 
266 
267 
268 
269 
270 
271 
272 
274 
275 
276 
277 
278 
280 
281 
282 
283 
284 
285 
286 
287 
288 
289 
291 
292 
293 
294 
295 
296 
297 
299 
300 
301 
302 
303 
305 
306 
307 
308 
310 
312 
313 
314 
315 
317 
318 
319 
320 
321 
322 
323 
324 
325 
326 
327 
328 
329 
330 
331 
332 
333 
334 
335 
336 
337 
338 
339 
340 
341 
342 
343 
344 
345 
346 
347 
349 
350 
351 
352 
354 
355 
356 
357 
358 
359 
360 
361 
362 
363 
364 
365 
367 
368 
369 
370 
371 
372 
373 
374 
376 
377 
378 
379 
380 
381 
382 
383 
384 
386 
387 
388 
389 
390 
391 
392 
393 
394 
395 
396 
397 
399 
400 
401 
402 
404 
405 
406 
407 
408 
409 
410 
411 
412 
413 
414 
415 
416 
418 
420 
421 
422 
423 
424 
425 
426 
428 
429 
430 
431 
432 
433 
434 
435 
436 
437 
438 
439 
441 
442 
443 
444 
445 
447 
448 
449 
451 
452 
453 
454 
455 
456 
457 
458 
459 
460 
461 
463 
464 
465 
466 
467 
468 
469 
470 
471 
472 
473 
474 
475 
476 
477 
478 
479 
480 
481 
482 
484 
485 
486 
487 
488 
489 
490 
491 
492 
493 
494 
495 
496 
497 
498 
499 
500 
502 
503 
504 
505 
506 
508 
509 
510 
511 
512 
513 
514 
515 
516 
517 
518 
520 
521 
522 
523 
524 
525 
526 
527 
528 
529 
530 
532 
535 
536 
537 
538 
539 
542 
543 
544 
545 
546 
547 
550 
551 
552 
553 
554 
555 
556 
557 
558 
559 
561 
562 
563 
564 
565 
566 
567 
568 
569 
570 
572 
573 
574 
577 
578 
579 
580 
581 
582 
583 
584 
585 
586 
587 
588 
589 
590 
591 
592 
594 
595 
596 
597 
598 
599 
600 
601 
602 
603 
605 
606 
607 
608 
609 
610 
611 
612 
613 
614 
615 
616 
617 
618 
619 
621 
622 
623 
624 
625 
626 
627 
628 
629 
630 
632 
633 
634 
635 
636 
637 
638 
639 
640 
641 
642 
644 
645 
646 
647 
648 
649 
650 
651 
653 
654 
655 
656 
657 
658 
659 
660 
661 
662 
663 
664 
666 
667 
668 
669 
670 
672 
673 
674 
675 
676 
677 
678 
679 
680 
681 
682 
683 
684 
685 
686 
687 
689 
690 
691 
692 
693 
694 
695 
696 
697 
698 
700 
701 
702 
703 
704 
705 
706 
707 
708 
709 
710 
711 
712 
713 
714 
715 
716 
718 
719 
720 
721 
722 
723 
725 
726 
727 
728 
729 
730 
731 
732 
733 
735 
736 
738 
739 
740 
741 
742 
743 
744 
745 
746 
747 
748 
749 
750 
752 
753 
754 
755 
756 
757 
758 
759 
760 
761 
762 
763 
764 
765 
766 
767 
768 
770 
771 
773 
774 
775 
777 
778 
779 
780 
781 
782 
783 
785 
786 
787 
788 
789 
790 
791 
792 
793 
794 
795 
796 
797 
798 
799 
800 
801 
803 
804 
805 
806 
808 
809 
810 
811 
812 
813 
814 
815 
816 
817 
818 
819 
821 
822 
823 
824 
825 
826 
827 
829 
830 
832 
833 
834 
835 
836 
837 
838 
839 
840 
841 
842 
844 
845 
846 
848 
849 
850 
851 
852 
854 
855 
856 
857 
858 
859 
860 
861 
862 
863 
864 
865 
867 
868 
869 
870 
871 
872 
873 
874 
875 
876 
877 
878 
879 
880 
881 
882 
883 
885 
886 
888 
889 
890 
891 
892 
893 
895 
896 
897 
898 
899 
900 
901 
903 
904 
905 
906 
907 
908 
909 
910 
911 
912 
913 
915 
916 
917 
918 
919 
920 
921 
922 
923 
924 
925 
926 
927 
928 
929 
931 
932 
933 
934 
936 
937 
938 
939 
940 
941 
942 
944 
945 
946 
947 
948 
950 
951 
952 
953 
954 
955 
956 
957 
958 
959 
960 
961 
962 
963 
964 
966 
967 
968 
969 
970 
971 
972 
973 
974 
975 
976 
977 
978 
979 
980 
981 
982 
984 
985 
986 
987 
988 
989 
990 
992 
993 
994 
995 
996 
997 
998 
999 
1000 
1001 
1002 
1003 
1004 
1005 
1006 
1008 
1009 
1011 
1012 
1013 
1014 
1015 
1016 
1017 
1018 
1019 
1020 
1021 
1022 
1023 
1025 
1026 
1027 
1028 
1029 
1030 
1032 
1033 
1034 
1035 
1037 
1038 
1039 
1040 
1041 
1042 
1043 
1044 
1045 
1046 
1048 
1049 
1050 
1051 
1052 
1053 
1054 
1055 
1056 
1057 
1058 
1059 
1060 
1061 
1062 
1063 
1064 
1065 
1066 
1068 
1070 
1071 
1072 
1073 
1075 
1076 
1077 
1078 
1079 
1080 
1081 
1083 
1084 
1085 
1086 
1087 
1089 
1090 
1091 
1092 
1093 
1094 
1095 
1096 
1097 
1098 
1099 
1100 
1101 
1102 
1103 
1105 
1106 
1107 
1108 
1109 
1110 
1111 
1112 
1113 
1114 
1115 
1116 
1117 
1118 
1119 
1120 
1121 
1122 
1124 
1125 
1126 
1127 
1128 
1129 
1130 
1132 
1133 
1134 
1135 
1136 
1137 
1138 
1139 
1140 
1141 
1142 
1143 
1144 
1145 
1146 
1148 
1149 
1150 
1151 
1152 
1154 
1155 
1156 
1157 
1158 
1159 
1160 
1161 
1162 
1163 
1164 
1165 
1166 
1167 
1168 
1169 
1170 
1171 
1172 
1174 
1175 
1176 
1177 
1178 
1179 
1180 
1182 
1183 
1185 
1186 
1187 
1188 
1189 
1190 
1191 
1192 
1193 
1194 
1195 
1196 
1197 
1199 
1200 
1201 
1202 
1203 
1204 
1205 
1206 
1207 
1208 
1209 
1211 
1212 
1213 
1214 
1215 
1216 
1217 
1218 
1219 
1221 
1222 
1223 
1224 
1225 
1226 
1227 
1228 
1229 
1231 
1232 
1233 
1234 
1236 
1237 
1238 
1239 
1240 
1241 
1242 
1243 
1244 
1245 
1247 
1248 
1249 
1250 
1251 
1252 
1253 
1254 
1255 
1256 
1257 
1258 
1259 
1260 
1262 
1263 
1264 
1265 
1266 
1268 
1269 
1270 
1271 
1272 
1273 
1274 
1275 
1276 
1277 
1278 
1279 
1280 
1281 
1282 
1284 
1285 
1286 
1287 
1288 
1289 
1290 
1291 
1292 
1294 
1295 
1296 
1297 
1298 
1299 
1300 
1301 
1302 
1303 
1304 
1305 
1306 
1307 
1308 
1309 
1311 
1312 
1313 
1314 
1315 
1316 
1317 
1319 
1320 
1321 
1323 
1324 
1325 
1326 
1328 
1329 
1330 
1331 
1332 
1333 
1334 
1335 
1336 
1337 
1338 
1340 
1341 
1342 
1343 
1344 
1345 
1346 
1347 
1348 
1349 
1350 
1351 
1352 
1353 
1354 
1355 
1356 
1357 
1358 
1359 
1360 
1361 
1362 
1364 
1365 
1367 
1368 
1369 
1371 
1372 
1373 
1374 
1375 
1376 
1377 
1378 
1379 
1380 
1382 
1383 
1384 
1385 
1386 
1387 
1388 
1389 
1390 
1391 
1392 
1394 
1395 
1396 
1397 
1398 
1399 
1400 
1401 
1402 
1403 
1405 
1406 
1407 
1408 
1409 
1410 
1412 
1413 
1414 
1415 
1416 
1417 
1418 
1420 
1421 
1422 
1423 
1424 
1425 
1426 
1427 
1428 
1429 
1430 
1431 
1432 
1433 
1434 
1435 
1436 
1437 
1439 
1440 
1441 
1442 
1443 
1444 
1445 
1446 
1447 
1448 
1449 
1450 
1451 
1452 
1453 
1454 
1456 
1457 
1459 
1460 
1461 
1463 
1464 
1465 
1466 
1467 
1468 
1469 
1470 
1471 
1472 
1474 
1475 
1476 
1477 
1478 
1479 
1480 
1481 
1482 
1484 
1485 
1486 
1487 
1488 
1489 
1490 
1491 
1492 
1493 
1494 
1495 
1496 
1497 
1498 
1499 
1500 
1501 
1503 
1504 
1505 
1506 
1507 
1508 
1510 
1511 
1512 
1513 
1514 
1515 
1516 
1517 
1518 
1519 
1520 
1521 
1522 
1523 
1524 
1525 
1526 
1527 
1528 
1529 
1530 
1531 
1532 
1533 
1534 
1535 
1536 
1537 
1538 
1539 
1540 
1542 
1543 
1545 
1546 
1547 
1549 
1550 
1551 
1552 
1553 
1554 
1555 
1556 
1557 
1558 
1559 
1560 
1561 
1562 
1563 
1564 
1565 
1567 
1568 
1569 
1570 
1571 
1572 
1573 
1574 
1575 
1576 
1577 
1578 
1579 
1580 
1581 
1582 
1583 
1585 
1586 
1587 
1589 
1590 
1591 
1592 
1593 
1594 
1595 
1597 
1598 
1599 
1600 
1601 
1602 
1603 
1604 
1605 
1606 
1607 
1608 
1610 
1611 
1612 
1613 
1614 
1615 
1616 
1617 
1618 
1619 
1620 
1621 
1622 
1623 
1624 
1625 
1626 
1627 
1628 
1629 
1630 
1632 
1634 
1635 
1636 
1637 
1638 
1639 
1640 
1641 
1643 
1644 
1645 
1646 
1647 
1648 
1649 
1650 
1651 
1653 
1654 
1655 
1656 
1657 
1658 
1659 
1660 
1661 
1662 
1664 
1666 
1667 
1668 
1669 
1670 
1671 
1672 
1673 
1674 
1675 
1676 
1677 
1679 
1680 
1681 
1682 
1683 
1684 
1685 
1686 
1688 
1689 
1690 
1691 
1692 
1693 
1694 
1695 
1696 
1698 
1699 
1700 
1701 
1702 
1704 
1705 
1706 
1707 
1708 
1709 
1710 
1711 
1712 
1713 
1714 
1716 
1717 
1718 
1719 
1720 
1721 
1722 
1723 
1724 
1725 
1726 
1727 
1728 
1729 
1730 
1731 
1733 
1734 
1735 
1736 
1737 
1738 
1740 
1741 
1742 
1743 
1744 
1745 
1747 
1749 
1750 
1751 
1752 
1753 
1755 
1756 
1757 
1758 
1759 
1760 
1761 
1762 
1763 
1765 
1766 
1767 
1768 
1769 
1770 
1771 
1772 
1774 
1775 
1776 
1777 
1778 
1779 
1780 
1781 
1782 
1783 
1784 
1785 
1786 
1787 
1788 
1789 
1790 
1791 
1792 
1793 
1794 
1795 
1796 
1797 
1798 
1799 
1800 
1801 
1802 
1804 
1805 
1807 
1808 
1809 
1811 
1812 
1813 
1814 
1815 
1816 
1817 
1818 
1819 
1820 
1821 
1822 
1824 
1825 
1826 
1827 
1828 
1830 
1831 
1832 
1833 
1834 
1835 
1836 
1837 
1838 
1839 
1840 
1841 
1842 
1843 
1844 
1845 
1846 
1847 
1848 
1850 
1851 
1852 
1854 
1855 
1856 
1857 
1858 
1859 
1860 
1862 
1863 
1864 
1865 
1866 
1867 
1868 
1869 
1870 
1871 
1872 
1874 
1876 
1877 
1878 
1879 
1880 
1881 
1882 
1883 
1884 
1885 
1886 
1887 
1888 
1889 
1890 
1891 
1892 
1893 
1894 
1895 
1896 
1898 
1900 
1902 
1903 
1904 
1905 
1906 
1907 
1908 
1910 
1911 
1912 
1913 
1914 
1915 
1916 
1918 
1919 
1920 
1921 
1922 
1923 
1924 
1925 
1927 
1928 
1929 
1930 
1931 
1932 
1933 
1934 
1935 
1936 
1937 
1938 
1939 
1940 
1942 
1943 
1944 
1945 
1946 
1947 
1948 
1950 
1951 
1952 
1953 
1954 
1955 
1956 
1958 
1960 
1961 
1962 
1964 
1965 
1966 
1967 
1968 
1969 
1970 
1971 
1972 
1973 
1974 
1976 
1977 
1978 
1979 
1980 
1981 
1982 
1983 
1984 
1985 
1986 
1988 
1989 
1990 
1991 
1992 
1993 
1995 
1996 
1997 
1999 
2000 
2001 
2002 
2003 
2004 
2005 
2006 
2008 
2009 
2010 
2011 
2013 
2015 
2016 
2017 
2018 
2019 
2021 
2022 
2023 
2025 
2026 
2027 
2028 
2029 
2030 
2031 
2032 
2033 
2034 
2035 
2036 
2037 
2039 
2040 
2041 
2042 
2044 
2046 
2047 
2048 
2049 
2050 
2052 
2053 
2054 
2056 
2058 
2059 
2060 
2061 
2062 
2063 
2064 
2066 
2068 
2069 
2070 
2071 
2072 
2073 
2075 
2076 
2077 
2079 
2080 
2081 
2082 
2084 
2085 
2086 
2087 
2088 
2089 
2091 
2092 
2093 
2094 
2095 
2096 
2097 
2098 
2099 
2100 
2102 
2103 
2104 
2105 
2106 
2107 
2108 
2109 
2110 
2111 
2112 
2113 
2114 
2115 
2116 
2117 
2118 
2119 
2120 
2121 
2123 
2124 
2126 
2128 
2129 
2130 
2131 
2132 
2133 
2134 
2136 
2137 
2138 
2139 
2140 
2142 
2143 
2144 
2145 
2146 
2147 
2148 
2149 
2150 
2151 
2152 
2153 
2154 
2155 
2156 
2158 
2159 
2160 
2161 
2162 
2163 
2164 
2165 
2166 
2167 
2168 
2170 
2171 
2172 
2173 
2174 
2175 
2177 
2178 
2179 
2180 
2182 
2183 
2184 
2186 
2187 
2188 
2189 
2190 
2191 
2192 
2193 
2194 
2195 
2196 
2197 
2198 
2199 
2200 
2201 
2203 
2204 
2205 
2206 
2207 
2208 
2209 
2210 
2211 
2212 
2214 
2215 
2216 
2217 
2218 
2219 
2220 
2221 
2222 
2223 
2224 
2225 
2226 
2228 
2229 
2230 
2231 
2232 
2233 
2234 
2235 
2236 
2237 
2239 
2240 
2241 
2243 
2244 
2246 
2248 
2249 
2250 
2251 
2252 
2254 
2257 
2258 
2259 
2260 
2261 
2262 
2263 
2264 
2265 
2266 
2267 
2268 
2270 
2271 
2272 
2273 
2274 
2275 
2277 
2278 
2280 
2282 
2283 
2284 
2285 
2286 
2287 
2288 
2290 
2291 
2292 
2293 
2294 
2295 
2296 
2297 
2299 
2301 
2302 
2303 
2304 
2306 
2307 
2308 
2309 
2310 
2311 
2313 
2314 
2315 
2316 
2317 
2318 
2319 
2320 
2321 
2323 
2324 
2325 
2326 
2327 
2328 
2329 
2330 
2331 
2332 
2333 
2334 
2335 
2337 
2338 
2339 
2340 
2341 
2342 
2343 
2344 
2345 
2346 
2347 
2349 
2352 
2353 
2354 
2355 
2356 
2357 
2358 
2359 
2360 
2361 
2362 
2363 
2364 
2366 
2367 
2368 
2369 
2370 
2371 
2373 
2374 
2376 
2377 
2378 
2379 
2380 
2381 
2382 
2383 
2384 
2385 
2386 
2387 
2388 
2390 
2391 
2392 
2393 
2394 
2395 
2396 
2397 
2398 
2400 
2401 
2403 
2404 
2405 
2406 
2407 
2408 
2409 
2410 
2411 
2413 
2414 
2415 
2416 
2417 
2418 
2419 
2420 
2422 
2423 
2424 
2425 
2426 
2427 
2428 
2429 
2431 
2432 
2433 
2435 
2437 
2438 
2439 
2440 
2441 
2442 
2444 
2445 
2446 
2447 
2448 
2449 
2450 
2451 
2452 
2454 
2455 
2456 
2457 
2458 
2459 
2460 
2461 
2462 
2463 
2464 
2465 
2466 
2467 
2468 
2469 
2470 
2472 
2473 
2474 
2475 
2476 
2477 
2480 
2482 
2483 
2484 
2485 
2486 
2487 
2488 
2489 
2490 
2491 
2493 
2494 
2495 
2496 
2497 
2498 
2499 
2500 
2501 
2502 
2503 
2504 
2505 
2507 
2508 
2510 
2511 
2512 
2513 
2514 
2515 
2517 
2518 
2519 
2520 
2521 
2522 
2523 
2524 
2526 
2527 
2528 
2529 
2530 
2532 
2533 
2534 
2535 
2536 
2537 
2538 
2539 
2540 
2542 
2543 
2545 
2546 
2547 
2548 
2549 
2550 
2551 
2552 
2553 
2554 
2555 
2556 
2557 
2558 
2559 
2560 
2561 
2563 
2564 
2565 
2566 
2567 
2568 
2569 
2571 
2572 
2574 
2575 
2577 
2578 
2579 
2580 
2581 
2582 
2583 
2584 
2586 
2588 
2589 
2590 
2591 
2593 
2594 
2595 
2596 
2597 
2598 
2599 
2600 
2601 
2602 
2603 
2604 
2606 
2607 
2608 
2609 
2611 
2612 
2613 
2614 
2615 
2616 
2617 
2618 
2619 
2620 
2621 
2622 
2623 
2625 
2626 
2627 
2628 
2629 
2630 
2631 
2632 
2633 
2634 
2636 
2637 
2639 
2640 
2641 
2642 
2644 
2645 
2646 
2647 
2648 
2649 
2650 
2651 
2653 
2655 
2656 
2657 
2658 
2659 
2661 
2662 
2663 
2664 
2665 
2666 
2667 
2668 
2669 
2670 
2671 
2672 
2674 
2675 
2676 
2677 
2678 
2679 
2680 
2681 
2682 
2684 
2685 
2686 
2687 
2688 
2690 
2691 
2692 
2694 
2695 
2696 
2697 
2698 
2699 
2700 
2701 
2702 
2703 
2704 
2705 
2707 
2709 
2710 
2711 
2712 
2713 
2714 
2715 
2717 
2718 
2719 
2720 
2721 
2722 
2723 
2724 
2725 
2726 
2727 
2729 
2730 
2731 
2732 
2733 
2734 
2735 
2736 
2737 
2738 
2739 
2741 
2742 
2744 
2745 
2746 
2747 
2748 
2749 
2750 
2751 
2752 
2753 
2754 
2756 
2757 
2758 
2760 
2761 
2762 
2763 
2764 
2766 
2767 
2768 
2769 
2770 
2771 
2772 
2773 
2774 
2775 
2776 
2777 
2779 
2780 
2781 
2782 
2783 
2784 
2786 
2787 
2788 
2790 
2791 
2792 
2793 
2794 
2795 
2797 
2798 
2799 
2801 
2803 
2804 
2805 
2806 
2807 
2808 
2809 
2810 
2811 
2812 
2813 
2814 
2815 
2817 
2818 
2819 
2820 
2821 
2822 
2823 
2824 
2826 
2827 
2828 
2829 
2830 
2831 
2832 
2833 
2834 
2835 
2836 
2837 
2838 
2839 
2840 
2841 
2842 
2843 
2845 
2846 
2847 
2848 
2850 
2851 
2852 
2853 
2854 
2855 
2857 
2858 
2859 
2860 
2861 
2862 
2863 
2865 
2866 
2867 
2868 
2869 
2870 
2871 
2872 
2873 
2874 
2875 
2876 
2877 
2879 
2880 
2882 
2883 
2884 
2885 
2886 
2887 
2889 
2890 
2891 
2892 
2893 
2894 
2895 
2896 
2897 
2898 
2899 
2900 
2901 
2903 
2904 
2905 
2906 
2907 
2908 
2909 
2910 
2911 
2913 
2914 
2916 
2917 
2918 
2919 
2920 
2921 
2922 
2923 
2924 
2925 
2926 
2927 
2928 
2929 
2930 
2931 
2933 
2934 
2935 
2936 
2937 
2939 
2940 
2942 
2943 
2945 
2946 
2948 
2949 
2950 
2951 
2952 
2954 
2955 
2956 
2957 
2958 
2959 
2960 
2961 
2963 
2964 
2965 
2966 
2968 
2969 
2970 
2971 
2972 
2973 
2974 
2975 
2976 
2977 
2978 
2979 
2981 
2982 
2983 
2984 
2986 
2987 
2988 
2989 
2990 
2991 
2992 
2993 
2994 
2995 
2996 
2997 
2999 
3000 
3001 
3002 
3003 
3004 
3005 
3006 
3007 
3008 
3010 
3011 
3013 
3014 
3015 
3016 
3018 
3019 
3020 
3021 
3022 
3023 
3024 
3025 
3026 
3027 
3028 
3029 
3030 
3031 
3033 
3034 
3035 
3036 
3037 
3038 
3039 
3040 
3041 
3042 
3043 
3045 
3046 
3047 
3048 
3049 
3050 
3051 
3052 
3053 
3055 
3056 
3057 
3059 
3060 
3062 
3064 
3065 
3067 
3069 
3070 
3071 
3072 
3073 
3074 
3075 
3076 
3077 
3078 
3079 
3080 
3081 
3082 
3083 
3085 
3086 
3087 
3088 
3089 
3090 
3091 
3092 
3093 
3094 
3095 
3096 
3097 
3099 
3100 
3101 
3102 
3103 
3104 
3105 
3106 
3108 
3109 
3110 
3111 
3112 
3113 
3114 
3116 
3118 
3119 
3120 
3121 
3123 
3124 
3126 
3127 
3128 
3129 
3131 
3132 
3133 
3134 
3135 
3136 
3137 
3138 
3139 
3140 
3141 
3143 
3144 
3145 
3146 
3147 
3148 
3149 
3150 
3151 
3153 
3154 
3155 
3156 
3157 
3159 
3160 
3161 
3162 
3163 
3164 
3165 
3166 
3167 
3168 
3170 
3171 
3172 
3173 
3174 
3175 
3177 
3178 
3179 
3180 
3181 
3182 
3184 
3185 
3186 
3187 
3188 
3189 
3190 
3191 
3193 
3194 
3196 
3197 
3198 
3199 
3201 
3202 
3203 
3204 
3205 
3206 
3207 
3208 
3209 
3210 
3211 
3212 
3213 
3214 
3216 
3217 
3218 
3219 
3220 
3221 
3222 
3223 
3225 
3226 
3227 
3228 
3229 
3230 
3231 
3232 
3233 
3234 
3235 
3237 
3238 
3239 
3241 
3243 
3244 
3245 
3246 
3247 
3248 
3249 
3250 
3251 
3252 
3253 
3254 
3255 
3256 
3257 
3258 
3259 
3260 
3261 
3262 
3263 
3264 
3265 
3267 
3268 
3269 
3270 
3271 
3273 
3274 
3275 
3276 
3277 
3278 
3279 
3280 
3281 
3282 
3283 
3284 
3285 
3286 
3288 
3289 
3290 
3291 
3292 
3294 
3295 
3296 
3297 
3298 
3299 
3300 
3301 
3302 
3303 
3304 
3306 
3307 
3308 
3309 
3310 
3311 
3312 
3313 
3314 
3315 
3316 
3317 
3318 
3319 
3320 
3321 
3322 
3323 
3325 
3326 
3327 
3328 
3330 
3331 
3333 
3334 
3335 
3336 
3337 
3338 
3340 
3342 
3343 
3344 
3345 
3346 
3348 
3349 
3350 
3351 
3353 
3354 
3355 
3356 
3357 
3358 
3359 
3360 
3362 
3363 
3364 
3365 
3366 
3367 
3368 
3369 
3370 
3371 
3372 
3373 
3374 
3375 
3376 
3377 
3378 
3379 
3380 
3381 
3382 
3383 
3384 
3385 
3386 
3387 
3388 
3389 
3390 
3391 
3392 
3393 
3395 
3396 
3398 
3399 
3400 
3402 
3403 
3404 
3405 
3406 
3407 
3408 
3409 
3410 
3411 
3412 
3413 
3414 
3415 
3416 
3417 
3419 
3421 
3422 
3423 
3424 
3425 
3426 
3427 
3428 
3429 
3430 
3431 
3432 
3433 
3434 
3435 
3436 
3437 
3439 
3440 
3442 
3443 
3444 
3445 
3446 
3447 
3448 
3450 
3451 
3452 
3453 
3454 
3455 
3456 
3457 
3458 
3459 
3460 
3462 
3463 
3464 
3465 
3466 
3467 
3468 
3469 
3470 
3471 
3472 
3473 
3474 
3475 
3476 
3477 
3478 
3479 
3480 
3481 
3482 
3483 
3484 
3486 
3488 
3489 
3490 
3491 
3492 
3493 
3494 
3495 
3497 
3498 
3499 
3500 
3501 
3502 
3503 
3504 
3505 
3506 
3508 
3509 
3510 
3511 
3512 
3513 
3514 
3515 
3516 
3518 
3519 
3520 
3521 
3522 
3523 
3524 
3525 
3526 
3527 
3529 
3530 
3531 
3532 
3533 
3534 
3535 
3536 
3537 
3538 
3539 
3540 
3541 
3542 
3544 
3545 
3546 
3547 
3548 
3549 
3550 
3552 
3553 
3554 
3556 
3557 
3558 
3559 
3560 
3561 
3562 
3564 
3565 
3566 
3567 
3568 
3569 
3570 
3571 
3572 
3574 
3575 
3576 
3577 
3578 
3579 
3581 
3582 
3583 
3584 
3585 
3586 
3587 
3588 
3589 
3590 
3592 
3593 
3594 
3595 
3596 
3597 
3598 
3599 
3600 
3601 
3602 
3603 
3604 
3605 
3607 
3609 
3610 
3611 
3612 
3613 
3614 
3615 
3617 
3618 
3619 
3620 
3622 
3623 
3624 
3626 
3627 
3628 
3629 
3630 
3631 
3633 
3634 
3636 
3637 
3638 
3639 
3640 
3641 
3642 
3643 
3644 
3645 
3646 
3647 
3648 
3650 
3651 
3652 
3653 
3654 
3656 
3657 
3659 
3660 
3661 
3662 
3663 
3664 
3665 
3666 
3667 
3668 
3669 
3670 
3671 
3672 
3673 
3674 
3676 
3677 
3678 
3679 
3680 
3682 
3683 
3684 
3685 
3686 
3687 
3688 
3689 
3690 
3691 
3693 
3694 
3695 
3696 
3698 
3699 
3700 
3701 
3702 
3703 
3704 
3706 
3707 
3708 
3711 
3712 
3713 
3714 
3715 
3716 
3717 
3718 
3719 
3720 
3721 
3723 
3724 
3725 
3726 
3727 
3728 
3729 
3730 
3731 
3732 
3734 
3735 
3736 
3737 
3738 
3739 
3740 
3741 
3742 
3743 
3744 
3746 
3747 
3748 
3749 
3750 
3751 
3752 
3753 
3754 
3755 
3757 
3758 
3759 
3760 
3761 
3763 
3765 
3766 
3767 
3768 
3769 
3770 
3771 
3772 
3773 
3774 
3775 
3776 
3777 
3778 
3779 
3780 
3782 
3784 
3785 
3787 
3788 
3789 
3790 
3791 
3792 
3793 
3794 
3795 
3796 
3797 
3798 
3800 
3801 
3802 
3803 
3804 
3805 
3806 
3807 
3808 
3809 
3810 
3811 
3812 
3813 
3814 
3816 
3817 
3818 
3819 
3820 
3821 
3822 
3823 
3824 
3825 
3826 
3828 
3829 
3830 
3831 
3832 
3833 
3834 
3835 
3836 
3837 
3839 
3840 
3841 
3843 
3844 
3845 
3846 
3847 
3848 
3849 
3850 
3851 
3852 
3853 
3854 
3856 
3857 
3858 
3859 
3861 
3863 
3864 
3865 
3866 
3867 
3868 
3869 
3870 
3872 
3873 
3874 
3875 
3876 
3877 
3879 
3880 
3881 
3882 
3883 
3884 
3885 
3886 
3887 
3889 
3890 
3891 
3892 
3893 
3895 
3896 
3897 
3899 
3900 
3901 
3902 
3903 
3904 
3905 
3906 
3907 
3908 
3909 
3910 
3911 
3912 
3913 
3914 
3915 
3916 
3918 
3919 
3920 
3921 
3922 
3924 
3925 
3926 
3927 
3928 
3929 
3930 
3931 
3932 
3934 
3935 
3936 
3938 
3939 
3940 
3941 
3942 
3944 
3945 
3947 
3948 
3949 
3950 
3951 
3954 
3955 
3956 
3957 
3959 
3960 
3961 
3962 
3964 
3965 
3966 
3968 
3969 
3970 
3971 
3972 
3973 
3974 
3975 
3976 
3977 
3978 
3979 
3980 
3981 
3982 
3983 
3985 
3986 
3987 
3988 
3989 
3990 
3991 
3992 
3993 
3994 
3995 
3997 
3998 
3999 
4000 
4001 
4002 
4003 
4005 
4007 
4008 
4009 
4010 
4012 
4013 
4014 
4015 
4017 
4018 
4019 
4020 
4021 
4022 
4023 
4024 
4025 
4027 
4028 
4029 
4031 
4032 
4033 
4034 
4035 
4036 
4037 
4039 
4040 
4041 
4042 
4043 
4044 
4045 
4046 
4047 
4048 
4050 
4051 
4052 
4053 
4054 
4056 
4057 
4058 
4059 
4060 
4061 
4062 
4063 
4064 
4065 
4066 
4067 
4068 
4069 
4071 
4072 
4073 
4074 
4075 
4076 
4077 
4078 
4079 
4080 
4081 
4082 
4083 
4085 
4087 
4088 
4089 
4090 
4091 
4092 
4093 
4095 
4096 
4097 
4098 
4100 
4101 
4102 
4104 
4105 
4106 
4107 
4108 
4109 
4110 
4112 
4113 
4114 
4115 
4116 
4117 
4118 
4119 
4120 
4121 
4122 
4123 
4124 
4125 
4126 
4127 
4128 
4129 
4130 
4132 
4133 
4135 
4136 
4137 
4138 
4140 
4142 
4144 
4145 
4146 
4147 
4148 
4149 
4151 
4152 
4153 
4154 
4155 
4157 
4158 
4159 
4160 
4162 
4163 
4164 
4165 
4166 
4167 
4169 
4170 
4171 
4172 
4173 
4174 
4175 
4176 
4177 
4178 
4179 
4180 
4183 
4184 
4186 
4187 
4188 
4191 
4192 
4193 
4194 
4196 
4197 
4198 
4199 
4200 
4201 
4202 
4203 
4204 
4205 
4206 
4207 
4208 
4209 
4210 
4212 
4213 
4214 
4215 
4216 
4217 
4218 
4219 
4220 
4222 
4223 
4224 
4225 
4226 
4227 
4228 
4229 
4230 
4231 
4232 
4234 
4235 
4236 
4237 
4238 
4239 
4240 
4241 
4242 
4243 
4244 
4245 
4246 
4247 
4248 
4249 
4250 
4251 
4252 
4253 
4255 
4256 
4257 
4258 
4260 
4261 
4263 
4264 
4265 
4266 
4267 
4269 
4270 
4272 
4273 
4274 
4275 
4276 
4277 
4278 
4280 
4281 
4282 
4283 
4285 
4287 
4288 
4289 
4290 
4291 
4292 
4293 
4294 
4295 
4296 
4297 
4299 
4300 
4301 
4302 
4303 
4304 
4305 
4308 
4309 
4310 
4313 
4315 
4316 
4317 
4318 
4319 
4320 
4321 
4323 
4324 
4325 
4326 
4327 
4328 
4329 
4330 
4331 
4332 
4333 
4334 
4335 
4336 
4337 
4339 
4340 
4341 
4342 
4343 
4344 
4345 
4346 
4348 
4349 
4350 
4351 
4352 
4353 
4354 
4355 
4356 
4358 
4359 
4360 
4361 
4362 
4363 
4364 
4366 
4367 
4368 
4369 
4370 
4372 
4374 
4375 
4376 
4377 
4378 
4379 
4380 
4381 
4382 
4383 
4384 
4385 
4386 
4387 
4389 
4390 
4391 
4392 
4393 
4394 
4395 
4396 
4397 
4399 
4400 
4401 
4402 
4403 
4404 
4405 
4406 
4408 
4409 
4411 
4412 
4413 
4415 
4416 
4417 
4418 
4419 
4420 
4421 
4422 
4423 
4424 
4425 
4426 
4428 
4429 
4430 
4431 
4433 
4434 
4435 
4436 
4437 
4438 
4440 
4441 
4442 
4443 
4444 
4445 
4446 
4447 
4449 
4451 
4452 
4453 
4454 
4456 
4457 
4458 
4459 
4460 
4461 
4462 
4463 
4464 
4465 
4466 
4467 
4468 
4469 
4470 
4471 
4473 
4474 
4475 
4476 
4477 
4478 
4479 
4480 
4481 
4482 
4483 
4484 
4485 
4487 
4488 
4489 
4490 
4491 
4492 
4493 
4495 
4496 
4497 
4499 
4500 
4501 
4502 
4504 
4505 
4506 
4507 
4508 
4509 
4510 
4512 
4513 
4515 
4516 
4518 
4519 
4520 
4521 
4522 
4523 
4525 
4526 
4527 
4528 
4529 
4530 
4531 
4532 
4533 
4534 
4535 
4536 
4538 
4539 
4540 
4541 
4542 
4544 
4545 
4547 
4548 
4549 
4551 
4552 
4553 
4554 
4555 
4556 
4557 
4559 
4560 
4561 
4562 
4563 
4564 
4565 
4567 
4568 
4570 
4571 
4572 
4573 
4574 
4575 
4576 
4577 
4578 
4580 
4581 
4582 
4583 
4584 
4585 
4586 
4587 
4588 
4589 
4590 
4591 
4592 
4593 
4594 
4595 
4596 
4597 
4599 
4600 
4601 
4602 
4603 
4605 
4606 
4607 
4608 
4610 
4611 
4612 
4613 
4614 
4615 
4617 
4618 
4619 
4620 
4621 
4622 
4623 
4625 
4628 
4629 
4630 
4631 
4632 
4635 
4636 
4638 
4639 
4640 
4641 
4643 
4644 
4645 
4646 
4647 
4648 
4649 
4650 
4651 
4652 
4653 
4654 
4655 
4656 
4658 
4659 
4660 
4661 
4663 
4664 
4665 
4666 
4667 
4668 
4669 
4670 
4671 
4672 
4673 
4674 
4675 
4676 
4677 
4678 
4679 
4680 
4682 
4683 
4684 
4685 
4686 
4687 
4688 
4689 
4690 
4691 
4692 
4693 
4694 
4695 
4696 
4697 
4698 
4699 
4701 
4702 
4704 
4706 
4707 
4708 
4709 
4710 
4711 
4712 
4714 
4715 
4716 
4717 
4718 
4719 
4720 
4721 
4722 
4724 
4725 
4726 
4728 
4729 
4730 
4731 
4732 
4733 
4734 
4736 
4737 
4738 
4739 
4740 
4741 
4742 
4743 
4744 
4745 
4747 
4748 
4749 
4750 
4751 
4752 
4753 
4754 
4755 
4756 
4757 
4758 
4759 
4760 
4762 
4763 
4764 
4765 
4766 
4768 
4769 
4770 
4771 
4772 
4773 
4774 
4775 
4776 
4777 
4778 
4779 
4781 
4782 
4784 
4786 
4787 
4788 
4789 
4790 
4791 
4792 
4794 
4795 
4796 
4797 
4799 
4800 
4801 
4803 
4804 
4805 
4806 
4807 
4808 
4809 
4811 
4812 
4813 
4814 
4815 
4816 
4817 
4818 
4819 
4820 
4821 
4822 
4823 
4824 
4825 
4826 
4827 
4829 
4830 
4832 
4833 
4834 
4835 
4837 
4838 
4840 
4841 
4842 
4843 
4844 
4845 
4847 
4848 
4849 
4850 
4851 
4853 
4854 
4855 
4856 
4858 
4859 
4860 
4861 
4863 
4865 
4866 
4867 
4868 
4869 
4870 
4871 
4872 
4873 
4874 
4875 
4876 
4879 
4880 
4881 
4882 
4883 
4886 
4887 
4888 
4890 
4891 
4892 
4894 
4895 
4896 
4897 
4898 
4900 
4901 
4903 
4904 
4905 
4906 
4907 
4908 
4909 
4910 
4911 
4912 
4913 
4914 
4915 
4916 
4918 
4919 
4920 
4921 
4922 
4923 
4924 
4925 
4926 
4928 
4929 
4930 
4931 
4932 
4933 
4934 
4935 
4936 
4937 
4938 
4940 
4941 
4942 
4943 
4944 
4945 
4946 
4947 
4948 
4949 
4950 
4951 
4952 
4953 
4954 
4955 
4956 
4957 
4958 
4959 
4961 
4962 
4963 
4964 
4966 
4967 
4968 
4969 
4970 
4972 
4973 
4975 
4976 
4977 
4978 
4980 
4981 
4982 
4984 
4985 
4986 
4987 
4988 
4990 
4991 
4992 
4993 
4994 
4995 
4996 
4997 
4998 
4999 
5000 
5002 
5003 
5004 
5005 
5006 
5007 
5008 
5009 
5011 
5012 
5014 
5015 
5016 
5017 
5018 
5021 
5022 
5023 
5026 
5027 
5028 
5029 
5030 
5031 
5032 
5033 
5035 
5037 
5038 
5039 
5040 
5041 
5042 
5043 
5044 
5045 
5046 
5047 
5048 
5049 
5050 
5052 
5053 
5054 
5055 
5056 
5057 
5058 
5059 
5060 
5062 
5063 
5064 
5065 
5066 
5067 
5068 
5069 
5071 
5072 
5073 
5074 
5075 
5076 
5077 
5078 
5079 
5080 
5081 
5082 
5083 
5084 
5086 
5087 
5088 
5089 
5090 
5091 
5092 
5093 
5094 
5095 
5096 
5097 
5099 
5101 
5102 
5103 
5105 
5106 
5108 
5109 
5110 
5111 
5112 
5113 
5114 
5115 
5116 
5117 
5119 
5121 
5122 
5123 
5124 
5125 
5126 
5127 
5128 
5129 
5130 
5131 
5132 
5133 
5134 
5135 
5137 
5138 
5139 
5140 
5141 
5143 
5144 
5145 
5146 
5147 
5148 
5149 
5150 
5151 
5152 
5153 
5155 
5156 
5157 
5158 
5159 
5160 
5161 
5163 
5164 
5165 
5166 
5167 
5168 
5169 
5170 
5171 
5173 
5174 
5175 
5177 
5178 
5180 
5181 
5182 
5183 
5184 
5185 
5186 
5187 
5188 
5189 
5190 
5191 
5192 
5193 
5194 
5195 
5197 
5198 
5199 
5200 
5201 
5202 
5203 
5204 
5205 
5206 
5207 
5208 
5209 
5210 
5211 
5213 
5214 
5215 
5216 
5218 
5219 
5220 
5221 
5222 
5223 
5224 
5225 
5226 
5227 
5228 
5230 
5231 
5232 
5233 
5234 
5235 
5236 
5237 
5238 
5239 
5241 
5242 
5243 
5244 
5245 
5246 
5247 
5248 
5249 
5250 
5251 
5252 
5253 
5254 
5255 
5257 
5258 
5259 
5260 
5261 
5262 
5263 
5264 
5265 
5266 
5267 
5268 
5269 
5270 
5272 
5273 
5275 
5276 
5277 
5279 
5281 
5282 
5283 
5284 
5285 
5286 
5288 
5290 
5291 
5292 
5293 
5294 
5295 
5296 
5298 
5300 
5301 
5302 
5303 
5304 
5305 
5306 
5307 
5308 
5309 
5310 
5311 
5312 
5314 
5315 
5316 
5317 
5318 
5319 
5320 
5321 
5322 
5324 
5326 
5327 
5328 
5329 
5330 
5331 
5332 
5333 
5334 
5336 
5337 
5338 
5339 
5340 
5341 
5342 
5343 
5344 
5345 
5346 
5347 
5349 
5350 
5351 
5352 
5353 
5354 
5355 
5358 
5359 
5360 
5363 
5364 
5365 
5366 
5367 
5368 
5369 
5370 
5372 
5373 
5374 
5376 
5377 
5378 
5379 
5380 
5381 
5382 
5383 
5384 
5385 
5386 
5387 
5388 
5389 
5390 
5391 
5393 
5394 
5395 
5396 
5397 
5398 
5399 
5400 
5401 
5403 
5404 
5405 
5406 
5407 
5408 
5410 
5412 
5413 
5414 
5415 
5418 
5419 
5421 
5422 
5423 
5424 
5425 
5426 
5427 
5429 
5430 
5431 
5432 
5433 
5434 
5435 
5436 
5437 
5438 
5439 
5441 
5442 
5443 
5444 
5445 
5446 
5448 
5450 
5451 
5452 
5453 
5454 
5455 
5456 
5457 
5458 
5459 
5460 
5461 
5462 
5464 
5465 
5466 
5467 
5469 
5470 
5471 
5473 
5474 
5475 
5477 
5478 
5479 
5480 
5481 
5482 
5483 
5484 
5485 
5486 
5487 
5488 
5489 
5490 
5491 
5492 
5493 
5495 
5496 
5497 
5499 
5500 
5501 
5502 
5503 
5505 
5506 
5507 
5508 
5509 
5510 
5511 
5512 
5513 
5514 
5515 
5517 
5518 
5519 
5520 
5521 
5523 
5525 
5526 
5527 
5528 
5529 
5531 
5532 
5533 
5534 
5536 
5538 
5539 
5540 
5541 
5543 
5544 
5545 
5546 
5547 
5548 
5549 
5550 
5551 
5552 
5553 
5554 
5555 
5556 
5557 
5558 
5559 
5560 
5561 
5562 
5563 
5565 
5566 
5567 
5568 
5569 
5570 
5571 
5572 
5573 
5574 
5575 
5577 
5578 
5579 
5580 
5581 
5582 
5583 
5584 
5585 
5586 
5587 
5588 
5589 
5591 
5592 
5593 
5594 
5595 
5596 
5597 
5599 
5600 
5601 
5602 
5603 
5604 
5605 
5606 
5607 
5608 
5610 
5612 
5613 
5615 
5616 
5617 
5618 
5619 
5620 
5621 
5622 
5623 
5624 
5625 
5626 
5627 
5629 
5630 
5631 
5632 
5633 
5634 
5635 
5636 
5637 
5638 
5639 
5641 
5642 
5643 
5644 
5645 
5646 
5647 
5648 
5649 
5651 
5652 
5654 
5655 
5656 
5657 
5658 
5659 
5660 
5661 
5662 
5663 
5664 
5665 
5666 
5667 
5668 
5669 
5671 
5672 
5673 
5674 
5675 
5676 
5677 
5679 
5680 
5682 
5683 
5685 
5686 
5687 
5688 
5689 
5690 
5691 
5692 
5693 
5694 
5695 
5696 
5697 
5699 
5700 
5701 
5702 
5703 
5704 
5706 
5707 
5708 
5709 
5710 
5712 
5713 
5714 
5715 
5717 
5718 
5719 
5720 
5721 
5722 
5723 
5724 
5726 
5727 
5728 
5729 
5731 
5732 
5733 
5734 
5735 
5736 
5737 
5738 
5739 
5740 
5742 
5743 
5745 
5746 
5748 
5749 
5751 
5752 
5753 
5754 
5755 
5756 
5757 
5758 
5759 
5761 
5762 
5763 
5764 
5766 
5767 
5768 
5769 
5770 
5772 
5773 
5774 
5775 
5776 
5777 
5778 
5779 
5780 
5781 
5782 
5783 
5785 
5786 
5787 
5788 
5789 
5790 
5791 
5792 
5793 
5795 
5796 
5797 
5798 
5799 
5800 
5801 
5802 
5803 
5804 
5805 
5806 
5807 
5808 
5809 
5810 
5812 
5813 
5814 
5815 
5817 
5818 
5820 
5822 
5824 
5825 
5827 
5828 
5829 
5830 
5831 
5832 
5833 
5834 
5835 
5836 
5837 
5839 
5840 
5841 
5842 
5844 
5845 
5846 
5847 
5848 
5849 
5851 
5852 
5853 
5854 
5855 
5856 
5857 
5858 
5859 
5860 
5861 
5862 
5864 
5865 
5866 
5867 
5869 
5871 
5872 
5873 
5875 
5876 
5877 
5878 
5879 
5880 
5881 
5882 
5883 
5884 
5886 
5887 
5888 
5890 
5891 
5892 
5893 
5894 
5895 
5896 
5897 
5898 
5899 
5901 
5902 
5904 
5905 
5906 
5907 
5909 
5910 
5912 
5913 
5914 
5915 
5916 
5918 
5919 
5920 
5921 
5922 
5923 
5925 
5926 
5927 
5928 
5929 
5930 
5931 
5933 
5934 
5936 
5937 
5939 
5940 
5941 
5942 
5943 
5944 
5945 
5946 
5948 
5949 
5950 
5951 
5952 
5953 
5954 
5955 
5956 
5957 
5958 
5959 
5960 
5962 
5963 
5964 
5965 
5966 
5967 
5968 
5969 
5970 
5972 
5973 
5975 
5976 
5977 
5979 
5980 
5981 
5982 
5983 
5984 
5985 
5986 
5987 
5988 
5989 
5992 
5993 
5994 
5995 
5996 
5999 
6000 
6001 
6002 
6003 
6004 
6005 
6006 
6007 
6008 
6009 
6010 
6011 
6012 
6014 
6016 
6017 
6019 
6020 
6021 
6022 
6024 
6025 
6027 
6028 
6029 
6030 
6031 
6032 
6033 
6034 
6035 
6036 
6037 
6039 
6040 
6041 
6043 
6044 
6045 
6046 
6047 
6049 
6050 
6052 
6054 
6055 
6056 
6057 
6058 
6060 
6061 
6062 
6063 
6064 
6065 
6066 
6067 
6069 
6071 
6072 
6073 
6075 
6076 
6078 
6079 
6080 
6081 
6083 
6084 
6085 
6087 
6088 
6089 
6090 
6091 
6092 
6094 
6095 
6096 
6097 
6098 
6099 
6100 
6101 
6103 
6105 
6106 
6107 
6108 
6110 
6111 
6112 
6113 
6115 
6116 
6117 
6118 
6119 
6120 
6121 
6122 
6123 
6125 
6126 
6127 
6128 
6129 
6131 
6132 
6133 
6134 
6135 
6136 
6137 
6138 
6140 
6141 
6142 
6143 
6144 
6145 
6146 
6148 
6149 
6150 
6152 
6153 
6154 
6155 
6157 
6159 
6160 
6161 
6162 
6163 
6164 
6165 
6166 
6167 
6169 
6170 
6171 
6173 
6174 
6175 
6176 
6177 
6178 
6179 
6180 
6181 
6182 
6183 
6184 
6185 
6187 
6189 
6190 
6192 
6193 
6195 
6196 
6198 
6199 
6200 
6201 
6203 
6204 
6205 
6206 
6207 
6208 
6209 
6210 
6211 
6212 
6213 
6214 
6215 
6216 
6217 
6218 
6220 
6221 
6222 
6223 
6224 
6226 
6227 
6229 
6230 
6231 
6232 
6233 
6234 
6235 
6236 
6237 
6239 
6242 
6243 
6244 
6245 
6246 
6247 
6249 
6250 
6251 
6252 
6253 
6254 
6256 
6257 
6258 
6259 
6260 
6262 
6263 
6264 
6266 
6267 
6269 
6270 
6272 
6273 
6274 
6275 
6277 
6279 
6280 
6281 
6282 
6285 
6286 
6287 
6288 
6289 
6290 
6291 
6292 
6293 
6294 
6295 
6296 
6297 
6298 
6299 
6300 
6302 
6303 
6304 
6305 
6306 
6307 
6308 
6309 
6310 
6312 
6313 
6314 
6316 
6318 
6319 
6320 
6321 
6322 
6323 
6325 
6326 
6328 
6329 
6330 
6331 
6332 
6333 
6334 
6337 
6338 
6339 
6340 
6343 
6344 
6345 
6346 
6347 
6348 
6349 
6350 
6351 
6352 
6354 
6355 
6356 
6357 
6358 
6360 
6362 
6363 
6364 
6365 
6366 
6367 
6368 
6370 
6371 
6373 
6374 
6375 
6376 
6377 
6378 
6379 
6380 
6381 
6382 
6384 
6385 
6386 
6387 
6388 
6390 
6391 
6392 
6394 
6395 
6397 
6398 
6400 
6401 
6402 
6403 
6404 
6406 
6407 
6408 
6409 
6410 
6411 
6412 
6415 
6416 
6417 
6419 
6420 
6421 
6422 
6424 
6425 
6427 
6428 
6429 
6430 
6431 
6433 
6434 
6435 
6436 
6437 
6438 
6439 
6440 
6441 
6443 
6444 
6445 
6446 
6447 
6448 
6449 
6451 
6452 
6453 
6454 
6456 
6457 
6458 
6460 
6461 
6462 
6464 
6465 
6466 
6468 
6469 
6470 
6471 
6472 
6473 
6474 
6475 
6476 
6478 
6479 
6480 
6481 
6482 
6483 
6485 
6486 
6487 
6488 
6490 
6491 
6492 
6493 
6495 
6496 
6498 
6499 
6500 
6501 
6502 
6503 
6504 
6505 
6506 
6507 
6509 
6510 
6511 
6512 
6513 
6514 
6515 
6516 
6517 
6518 
6519 
6521 
6522 
6523 
6524 
6526 
6528 
6529 
6530 
6532 
6534 
6535 
6536 
6537 
6538 
6539 
6540 
6541 
6542 
6544 
6545 
6546 
6547 
6548 
6550 
6551 
6552 
6553 
6554 
6555 
6556 
6557 
6558 
6559 
6560 
6561 
6562 
6563 
6565 
6566 
6568 
6571 
6573 
6574 
6575 
6576 
6577 
6578 
6579 
6581 
6582 
6583 
6585 
6586 
6587 
6589 
6590 
6591 
6592 
6594 
6595 
6596 
6597 
6598 
6599 
6600 
6602 
6603 
6605 
6606 
6608 
6609 
6610 
6611 
6612 
6613 
6614 
6615 
6617 
6618 
6619 
6622 
6623 
6624 
6625 
6626 
6627 
6628 
6629 
6630 
6632 
6633 
6634 
6635 
6636 
6637 
6638 
6639 
6640 
6642 
6643 
6644 
6646 
6647 
6649 
6651 
6652 
6653 
6654 
6655 
6656 
6657 
6659 
6660 
6661 
6662 
6663 
6665 
6666 
6667 
6668 
6670 
6672 
6673 
6674 
6675 
6677 
6678 
6679 
6680 
6681 
6682 
6684 
6685 
6686 
6687 
6688 
6689 
6690 
6691 
6692 
6693 
6694 
6695 
6696 
6697 
6698 
6699 
6700 
6701 
6703 
6704 
6705 
6707 
6708 
6709 
6710 
6711 
6712 
6713 
6714 
6715 
6716 
6718 
6720 
6722 
6723 
6724 
6725 
6726 
6727 
6728 
6729 
6731 
6732 
6733 
6734 
6735 
6737 
6738 
6739 
6740 
6741 
6742 
6744 
6745 
6747 
6749 
6750 
6751 
6752 
6753 
6754 
6755 
6756 
6757 
6758 
6759 
6760 
6761 
6762 
6763 
6764 
6765 
6766 
6767 
6768 
6769 
6770 
6771 
6773 
6774 
6775 
6776 
6778 
6779 
6780 
6781 
6782 
6783 
6784 
6785 
6786 
6787 
6789 
6790 
6791 
6792 
6793 
6794 
6795 
6797 
6798 
6799 
6800 
6801 
6802 
6803 
6804 
6805 
6806 
6807 
6809 
6810 
6811 
6812 
6814 
6815 
6816 
6818 
6819 
6821 
6822 
6823 
6825 
6826 
6827 
6829 
6830 
6831 
6832 
6833 
6834 
6836 
6837 
6838 
6840 
6842 
6843 
6844 
6847 
6848 
6849 
6851 
6852 
6853 
6854 
6855 
6856 
6857 
6858 
6859 
6860 
6861 
6863 
6864 
6865 
6866 
6867 
6868 
6869 
6870 
6871 
6872 
6874 
6876 
6877 
6878 
6880 
6881 
6882 
6883 
6884 
6885 
6886 
6887 
6889 
6890 
6891 
6892 
6893 
6894 
6896 
6898 
6900 
6901 
6902 
6903 
6905 
6906 
6907 
6908 
6909 
6910 
6912 
6913 
6914 
6916 
6917 
6919 
6920 
6921 
6922 
6923 
6924 
6925 
6926 
6927 
6928 
6929 
6930 
6931 
6932 
6933 
6934 
6935 
6936 
6937 
6938 
6939 
6940 
6942 
6943 
6944 
6945 
6946 
6948 
6949 
6950 
6951 
6952 
6953 
6954 
6955 
6956 
6958 
6959 
6960 
6961 
6962 
6964 
6965 
6966 
6968 
6969 
6970 
6971 
6972 
6973 
6974 
6975 
6977 
6978 
6980 
6981 
6982 
6983 
6985 
6987 
6988 
6989 
6991 
6993 
6994 
6995 
6996 
6997 
6999 
7000 
7001 
7002 
7003 
7004 
7005 
7006 
7007 
7009 
7011 
7012 
7013 
7014 
7015 
7016 
7017 
7019 
7020 
7022 
7023 
7024 
7026 
7027 
7028 
7029 
7030 
7031 
7032 
7033 
7034 
7036 
7037 
7038 
7039 
7040 
7041 
7042 
7043 
7044 
7045 
7046 
7048 
7049 
7050 
7051 
7052 
7053 
7054 
7055 
7056 
7058 
7059 
7060 
7061 
7062 
7065 
7067 
7068 
7070 
7071 
7072 
7073 
7075 
7076 
7077 
7079 
7080 
7081 
7082 
7084 
7085 
7086 
7087 
7088 
7089 
7091 
7092 
7093 
7094 
7095 
7096 
7097 
7098 
7100 
7101 
7102 
7103 
7105 
7106 
7107 
7109 
7110 
7112 
7113 
7115 
7117 
7118 
7119 
7121 
7122 
7123 
7125 
7126 
7127 
7128 
7129 
7130 
7131 
7132 
7134 
7135 
7137 
7139 
7140 
7141 
7142 
7143 
7144 
7145 
7146 
7147 
7149 
7150 
7151 
7152 
7154 
7155 
7156 
7158 
7159 
7160 
7161 
7162 
7163 
7164 
7165 
7166 
7167 
7168 
7169 
7170 
7171 
7172 
7173 
7175 
7176 
7177 
7178 
7179 
7180 
7181 
7182 
7183 
7184 
7186 
7187 
7188 
7189 
7190 
7191 
7192 
7193 
7194 
7195 
7196 
7198 
7199 
7200 
7201 
7202 
7203 
7204 
7205 
7206 
7208 
7209 
7210 
7212 
7213 
7215 
7217 
7219 
7220 
7221 
7223 
7225 
7226 
7227 
7228 
7229 
7230 
7231 
7232 
7233 
7234 
7235 
7236 
7238 
7239 
7240 
7241 
7242 
7243 
7246 
7247 
7249 
7251 
7253 
7254 
7255 
7256 
7259 
7261 
7262 
7263 
7265 
7266 
7267 
7268 
7271 
7272 
7273 
7275 
7276 
7277 
7278 
7280 
7281 
7282 
7283 
7284 
7285 
7286 
7287 
7289 
7290 
7291 
7292 
7293 
7295 
7297 
7298 
7299 
7300 
7301 
7302 
7303 
7305 
7306 
7308 
7309 
7310 
7311 
7312 
7313 
7314 
7315 
7316 
7317 
7319 
7320 
7321 
7322 
7323 
7325 
7326 
7327 
7329 
7330 
7331 
7332 
7333 
7334 
7335 
7336 
7337 
7338 
7339 
7341 
7344 
7345 
7346 
7347 
7348 
7349 
7350 
7351 
7353 
7355 
7356 
7358 
7359 
7361 
7362 
7363 
7364 
7365 
7366 
7367 
7368 
7370 
7371 
7372 
7373 
7374 
7376 
7377 
7378 
7379 
7380 
7382 
7383 
7384 
7385 
7386 
7387 
7388 
7389 
7390 
7391 
7392 
7393 
7394 
7395 
7396 
7397 
7398 
7399 
7400 
7401 
7402 
7403 
7404 
7405 
7406 
7407 
7408 
7410 
7411 
7412 
7413 
7414 
7415 
7416 
7418 
7419 
7420 
7421 
7423 
7424 
7426 
7427 
7428 
7429 
7430 
7431 
7432 
7433 
7434 
7436 
7437 
7439 
7440 
7441 
7442 
7443 
7444 
7445 
7446 
7447 
7448 
7449 
7450 
7451 
7453 
7454 
7455 
7456 
7458 
7459 
7460 
7461 
7463 
7464 
7465 
7466 
7467 
7469 
7470 
7471 
7472 
7473 
7474 
7475 
7476 
7477 
7478 
7479 
7481 
7482 
7483 
7484 
7486 
7488 
7489 
7490 
7492 
7495 
7496 
7497 
7498 
7499 
7500 
7501 
7502 
7505 
7507 
7508 
7509 
7510 
7511 
7513 
7514 
7515 
7516 
7517 
7519 
7520 
7521 
7522 
7523 
7524 
7525 
7526 
7527 
7529 
7531 
7532 
7534 
7537 
7539 
7540 
7541 
7542 
7543 
7544 
7545 
7547 
7548 
7550 
7552 
7553 
7555 
7556 
7557 
7558 
7560 
7561 
7562 
7563 
7564 
7565 
7566 
7568 
7570 
7572 
7573 
7575 
7576 
7577 
7578 
7579 
7581 
7583 
7584 
7585 
7586 
7587 
7588 
7589 
7590 
7591 
7592 
7593 
7594 
7595 
7596 
7598 
7599 
7600 
7601 
7602 
7603 
7604 
7605 
7606 
7608 
7609 
7610 
7612 
7613 
7615 
7617 
7618 
7619 
7620 
7621 
7622 
7623 
7625 
7626 
7627 
7628 
7629 
7632 
7633 
7634 
7635 
7637 
7639 
7641 
7642 
7643 
7645 
7646 
7647 
7648 
7649 
7650 
7651 
7652 
7653 
7654 
7656 
7657 
7658 
7659 
7660 
7662 
7663 
7664 
7665 
7666 
7667 
7669 
7670 
7671 
7673 
7674 
7675 
7676 
7678 
7679 
7680 
7681 
7682 
7684 
7686 
7687 
7688 
7689 
7690 
7691 
7692 
7693 
7695 
7696 
7697 
7698 
7699 
7701 
7702 
7703 
7704 
7706 
7707 
7708 
7710 
7711 
7713 
7714 
7716 
7717 
7718 
7720 
7722 
7723 
7724 
7725 
7727 
7728 
7729 
7730 
7731 
7732 
7733 
7734 
7735 
7736 
7737 
7738 
7739 
7740 
7741 
7742 
7743 
7744 
7745 
7746 
7747 
7750 
7751 
7752 
7753 
7755 
7756 
7757 
7758 
7759 
7760 
7761 
7762 
7763 
7764 
7766 
7767 
7768 
7769 
7770 
7771 
7772 
7774 
7775 
7776 
7777 
7778 
7779 
7780 
7781 
7782 
7784 
7785 
7787 
7788 
7789 
7790 
7792 
7793 
7795 
7797 
7798 
7800 
7801 
7802 
7804 
7805 
7806 
7808 
7809 
7810 
7811 
7812 
7813 
7815 
7816 
7817 
7819 
7821 
7822 
7823 
7826 
7827 
7828 
7829 
7830 
7831 
7832 
7833 
7834 
7835 
7836 
7838 
7840 
7841 
7842 
7844 
7845 
7846 
7847 
7848 
7850 
7853 
7854 
7856 
7857 
7859 
7860 
7861 
7862 
7863 
7864 
7865 
7866 
7868 
7869 
7870 
7871 
7872 
7873 
7874 
7876 
7878 
7879 
7880 
7881 
7883 
7884 
7886 
7887 
7888 
7889 
7890 
7891 
7893 
7894 
7895 
7896 
7897 
7898 
7900 
7902 
7903 
7904 
7906 
7907 
7909 
7911 
7912 
7913 
7914 
7915 
7916 
7917 
7918 
7919 
7920 
7921 
7922 
7924 
7925 
7926 
7927 
7928 
7929 
7930 
7931 
7932 
7933 
7934 
7936 
7937 
7938 
7939 
7940 
7942 
7943 
7944 
7946 
7947 
7948 
7949 
7950 
7951 
7952 
7953 
7955 
7956 
7958 
7959 
7960 
7961 
7963 
7964 
7966 
7968 
7969 
7970 
7971 
7972 
7973 
7974 
7975 
7976 
7977 
7978 
7979 
7981 
7982 
7983 
7984 
7985 
7986 
7987 
7988 
7989 
7990 
7992 
7993 
7995 
7997 
7999 
8000 
8001 
8003 
8005 
8006 
8008 
8009 
8010 
8011 
8012 
8013 
8015 
8016 
8017 
8019 
8020 
8021 
8023 
8024 
8026 
8027 
8028 
8029 
8030 
8031 
8032 
8033 
8034 
8035 
8036 
8038 
8039 
8041 
8042 
8043 
8044 
8045 
8046 
8047 
8048 
8049 
8050 
8051 
8053 
8054 
8056 
8057 
8058 
8059 
8060 
8061 
8062 
8063 
8064 
8066 
8067 
8068 
8070 
8071 
8073 
8074 
8075 
8077 
8078 
8080 
8081 
8082 
8083 
8084 
8085 
8087 
8088 
8089 
8090 
8091 
8092 
8093 
8094 
8095 
8097 
8098 
8099 
8100 
8103 
8104 
8105 
8106 
8107 
8109 
8110 
8111 
8112 
8113 
8115 
8117 
8118 
8119 
8121 
8122 
8123 
8124 
8125 
8126 
8127 
8128 
8129 
8130 
8131 
8132 
8133 
8135 
8137 
8138 
8139 
8140 
8141 
8143 
8144 
8145 
8146 
8147 
8149 
8151 
8152 
8153 
8154 
8156 
8158 
8159 
8160 
8161 
8162 
8164 
8165 
8166 
8167 
8169 
8170 
8171 
8173 
8174 
8175 
8176 
8177 
8179 
8181 
8183 
8185 
8186 
8187 
8188 
8189 
8190 
8191 
8192 
8193 
8194 
8195 
8196 
8198 
8199 
8200 
8201 
8202 
8204 
8205 
8207 
8208 
8209 
8210 
8211 
8212 
8213 
8214 
8216 
8217 
8218 
8219 
8220 
8221 
8223 
8224 
8225 
8226 
8227 
8228 
8229 
8230 
8232 
8233 
8234 
8236 
8237 
8238 
8239 
8241 
8242 
8243 
8244 
8245 
8246 
8247 
8248 
8250 
8251 
8253 
8254 
8256 
8257 
8259 
8260 
8261 
8263 
8264 
8265 
8266 
8267 
8268 
8269 
8270 
8272 
8273 
8274 
8275 
8277 
8278 
8279 
8281 
8283 
8284 
8285 
8286 
8287 
8288 
8289 
8291 
8293 
8294 
8295 
8297 
8298 
8299 
8301 
8303 
8305 
8306 
8308 
8309 
8311 
8313 
8315 
8316 
8317 
8318 
8320 
8321 
8322 
8323 
8324 
8326 
8327 
8329 
8330 
8331 
8332 
8333 
8334 
8335 
8336 
8337 
8338 
8340 
8342 
8344 
8345 
8346 
8347 
8348 
8350 
8351 
8352 
8353 
8354 
8355 
8356 
8357 
8359 
8360 
8361 
8363 
8364 
8365 
8366 
8367 
8368 
8369 
8371 
8372 
8373 
8374 
8376 
8378 
8379 
8380 
8381 
8382 
8383 
8385 
8386 
8387 
8388 
8389 
8390 
8392 
8393 
8394 
8395 
8397 
8398 
8399 
8400 
8401 
8402 
8404 
8405 
8406 
8407 
8408 
8409 
8410 
8411 
8413 
8414 
8415 
8417 
8418 
8419 
8420 
8421 
8422 
8423 
8424 
8426 
8427 
8428 
8429 
8430 
8431 
8432 
8434 
8435 
8436 
8437 
8439 
8441 
8442 
8443 
8444 
8445 
8446 
8447 
8448 
8450 
8452 
8454 
8455 
8456 
8458 
8460 
8461 
8462 
8464 
8465 
8466 
8467 
8468 
8469 
8470 
8471 
8473 
8474 
8476 
8477 
8478 
8479 
8480 
8481 
8482 
8483 
8485 
8486 
8487 
8488 
8490 
8491 
8492 
8493 
8494 
8495 
8497 
8499 
8500 
8501 
8502 
8505 
8506 
8507 
8508 
8509 
8511 
8512 
8513 
8514 
8515 
8516 
8517 
8518 
8519 
8520 
8521 
8522 
8523 
8525 
8526 
8527 
8528 
8529 
8530 
8531 
8532 
8533 
8534 
8535 
8537 
8538 
8539 
8540 
8541 
8543 
8544 
8545 
8546 
8548 
8549 
8550 
8551 
8552 
8553 
8554 
8555 
8556 
8557 
8559 
8560 
8561 
8562 
8563 
8564 
8565 
8566 
8567 
8568 
8569 
8570 
8571 
8572 
8573 
8574 
8576 
8577 
8578 
8580 
8581 
8582 
8583 
8585 
8586 
8587 
8589 
8590 
8592 
8593 
8594 
8596 
8597 
8598 
8600 
8601 
8602 
8603 
8605 
8607 
8608 
8609 
8611 
8612 
8614 
8615 
8616 
8617 
8618 
8619 
8621 
8622 
8623 
8624 
8625 
8626 
8627 
8628 
8629 
8630 
8631 
8632 
8633 
8634 
8635 
8637 
8638 
8639 
8640 
8641 
8642 
8643 
8644 
8646 
8647 
8649 
8650 
8651 
8653 
8654 
8655 
8656 
8657 
8659 
8661 
8662 
8663 
8664 
8665 
8666 
8667 
8668 
8669 
8670 
8672 
8673 
8674 
8675 
8676 
8677 
8678 
8680 
8681 
8682 
8683 
8684 
8685 
8686 
8687 
8688 
8689 
8690 
8691 
8692 
8693 
8694 
8695 
8696 
8698 
8699 
8700 
8701 
8702 
8704 
8705 
8706 
8707 
8708 
8709 
8711 
8712 
8713 
8714 
8715 
8717 
8718 
8720 
8721 
8722 
8723 
8724 
8727 
8728 
8729 
8730 
8731 
8732 
8733 
8734 
8735 
8736 
8738 
8740 
8741 
8743 
8744 
8745 
8746 
8747 
8748 
8751 
8752 
8753 
8754 
8756 
8757 
8758 
8760 
8761 
8762 
8763 
8764 
8765 
8766 
8767 
8768 
8769 
8771 
8772 
8773 
8774 
8775 
8776 
8777 
8778 
8779 
8780 
8781 
8783 
8784 
8785 
8786 
8787 
8788 
8789 
8790 
8791 
8792 
8793 
8794 
8796 
8797 
8799 
8800 
8802 
8803 
8804 
8805 
8807 
8808 
8809 
8810 
8811 
8812 
8813 
8814 
8815 
8816 
8817 
8818 
8819 
8820 
8821 
8822 
8823 
8824 
8825 
8826 
8827 
8828 
8829 
8831 
8833 
8834 
8835 
8836 
8837 
8838 
8839 
8840 
8841 
8842 
8844 
8845 
8846 
8848 
8849 
8850 
8851 
8852 
8853 
8855 
8857 
8858 
8859 
8860 
8861 
8862 
8863 
8864 
8866 
8867 
8869 
8870 
8871 
8872 
8873 
8874 
8876 
8877 
8878 
8879 
8881 
8882 
8883 
8885 
8886 
8887 
8888 
8889 
8890 
8891 
8892 
8894 
8895 
8896 
8897 
8898 
8900 
8901 
8902 
8903 
8905 
8907 
8908 
8909 
8910 
8911 
8912 
8913 
8914 
8916 
8917 
8918 
8919 
8920 
8921 
8922 
8923 
8924 
8925 
8926 
8927 
8928 
8929 
8930 
8931 
8932 
8933 
8934 
8936 
8937 
8939 
8940 
8941 
8942 
8944 
8945 
8947 
8949 
8950 
8951 
8952 
8953 
8954 
8955 
8956 
8958 
8959 
8961 
8962 
8964 
8965 
8967 
8968 
8969 
8970 
8972 
8973 
8974 
8975 
8976 
8977 
8978 
8979 
8980 
8981 
8982 
8983 
8986 
8987 
8988 
8989 
8990 
8993 
8994 
8995 
8996 
8998 
9000 
9001 
9003 
9004 
9005 
9006 
9007 
9009 
9010 
9012 
9013 
9014 
9015 
9016 
9017 
9018 
9019 
9020 
9021 
9022 
9023 
9024 
9025 
9026 
9027 
9028 
9029 
9030 
9031 
9032 
9033 
9034 
9035 
9037 
9038 
9039 
9040 
9041 
9042 
9043 
9044 
9045 
9046 
9047 
9049 
9050 
9052 
9053 
9054 
9055 
9056 
9057 
9058 
9060 
9061 
9062 
9064 
9065 
9066 
9067 
9068 
9070 
9071 
9073 
9074 
9075 
9076 
9077 
9078 
9079 
9081 
9082 
9083 
9084 
9085 
9087 
9088 
9089 
9090 
9091 
9092 
9093 
9094 
9095 
9096 
9098 
9100 
9101 
9102 
9103 
9104 
9105 
9106 
9108 
9109 
9111 
9112 
9113 
9114 
9115 
9118 
9119 
9120 
9123 
9124 
9125 
9126 
9127 
9128 
9129 
9131 
9133 
9134 
9135 
9136 
9137 
9138 
9139 
9140 
9141 
9142 
9143 
9144 
9145 
9146 
9147 
9149 
9150 
9151 
9152 
9153 
9154 
9155 
9156 
9158 
9159 
9160 
9161 
9162 
9163 
9164 
9165 
9166 
9168 
9169 
9170 
9171 
9172 
9173 
9174 
9175 
9177 
9178 
9179 
9180 
9181 
9182 
9183 
9184 
9185 
9186 
9187 
9188 
9189 
9190 
9191 
9192 
9194 
9195 
9196 
9197 
9198 
9200 
9201 
9202 
9204 
9205 
9206 
9207 
9209 
9210 
9211 
9213 
9215 
9216 
9217 
9218 
9219 
9220 
9221 
9222 
9223 
9224 
9225 
9226 
9227 
9228 
9229 
9230 
9232 
9233 
9234 
9235 
9236 
9237 
9238 
9239 
9240 
9241 
9243 
9244 
9245 
9247 
9248 
9250 
9251 
9252 
9253 
9255 
9256 
9257 
9258 
9259 
9260 
9261 
9263 
9264 
9265 
9266 
9267 
9268 
9269 
9270 
9271 
9272 
9274 
9275 
9276 
9277 
9278 
9279 
9280 
9282 
9283 
9284 
9285 
9287 
9288 
9289 
9290 
9291 
9292 
9293 
9294 
9295 
9296 
9297 
9298 
9300 
9301 
9302 
9303 
9304 
9305 
9306 
9307 
9308 
9309 
9310 
9311 
9312 
9313 
9314 
9315 
9316 
9317 
9318 
9319 
9320 
9321 
9322 
9323 
9324 
9325 
9326 
9328 
9330 
9331 
9332 
9333 
9334 
9335 
9337 
9338 
9340 
9341 
9342 
9344 
9346 
9347 
9348 
9349 
9350 
9351 
9352 
9353 
9354 
9355 
9356 
9357 
9358 
9359 
9361 
9363 
9364 
9365 
9367 
9368 
9369 
9370 
9371 
9372 
9373 
9375 
9376 
9377 
9379 
9380 
9381 
9382 
9383 
9384 
9385 
9386 
9387 
9389 
9390 
9391 
9393 
9395 
9396 
9397 
9399 
9400 
9402 
9403 
9404 
9406 
9408 
9409 
9410 
9411 
9412 
9413 
9415 
9416 
9417 
9418 
9419 
9420 
9421 
9422 
9423 
9425 
9426 
9427 
9428 
9429 
9430 
9432 
9433 
9434 
9435 
9437 
9438 
9439 
9440 
9441 
9442 
9443 
9444 
9447 
9448 
9449 
9450 
9451 
9454 
9455 
9456 
9457 
9459 
9460 
9461 
9462 
9463 
9464 
9465 
9466 
9467 
9468 
9469 
9470 
9471 
9473 
9474 
9475 
9477 
9478 
9479 
9480 
9481 
9482 
9483 
9485 
9486 
9487 
9488 
9489 
9490 
9491 
9492 
9494 
9495 
9496 
9497 
9498 
9499 
9500 
9501 
9502 
9503 
9505 
9506 
9507 
9509 
9510 
9513 
9514 
9515 
9517 
9518 
9520 
9522 
9524 
9525 
9526 
9527 
9529 
9530 
9532 
9533 
9535 
9537 
9538 
9539 
9540 
9541 
9542 
9543 
9544 
9545 
9547 
9548 
9549 
9551 
9552 
9553 
9554 
9555 
9556 
9558 
9559 
9560 
9561 
9562 
9564 
9565 
9566 
9567 
9568 
9569 
9570 
9571 
9572 
9573 
9574 
9575 
9577 
9578 
9579 
9580 
9581 
9582 
9584 
9585 
9586 
9588 
9589 
9590 
9591 
9592 
9593 
9594 
9595 
9596 
9597 
9598 
9599 
9600 
9601 
9603 
9604 
9605 
9606 
9607 
9608 
9609 
9611 
9612 
9613 
9615 
9616 
9617 
9618 
9620 
9621 
9622 
9623 
9624 
9625 
9626 
9627 
9628 
9629 
9630 
9632 
9633 
9634 
9635 
9636 
9637 
9639 
9640 
9642 
9643 
9644 
9645 
9646 
9647 
9649 
9651 
9652 
9654 
9655 
9656 
9658 
9659 
9660 
9662 
9664 
9665 
9668 
9669 
9671 
9672 
9673 
9674 
9675 
9676 
9677 
9679 
9680 
9682 
9684 
9685 
9686 
9688 
9689 
9690 
9691 
9692 
9693 
9694 
9695 
9696 
9697 
9698 
9700 
9701 
9702 
9703 
9704 
9705 
9706 
9707 
9708 
9709 
9710 
9711 
9712 
9713 
9714 
9715 
9716 
9717 
9718 
9719 
9721 
9723 
9724 
9725 
9727 
9728 
9729 
9730 
9731 
9732 
9733 
9734 
9735 
9736 
9737 
9738 
9740 
9742 
9743 
9744 
9746 
9747 
9748 
9750 
9751 
9752 
9753 
9754 
9755 
9756 
9758 
9759 
9760 
9761 
9762 
9764 
9765 
9766 
9768 
9769 
9770 
9771 
9772 
9773 
9774 
9776 
9777 
9778 
9779 
9780 
9781 
9782 
9783 
9784 
9785 
9786 
9788 
9790 
9791 
9792 
9793 
9794 
9795 
9796 
9797 
9798 
9799 
9800 
9801 
9803 
9804 
9805 
9806 
9808 
9810 
9811 
9812 
9813 
9814 
9815 
9816 
9817 
9819 
9820 
9821 
9822 
9823 
9825 
9826 
9827 
9828 
9829 
9831 
9832 
9833 
9834 
9835 
9837 
9839 
9840 
9841 
9843 
9844 
9845 
9846 
9847 
9848 
9849 
9850 
9851 
9852 
9854 
9855 
9856 
9857 
9858 
9859 
9860 
9861 
9862 
9863 
9864 
9865 
9866 
9867 
9868 
9869 
9871 
9872 
9873 
9875 
9877 
9878 
9880 
9881 
9882 
9883 
9884 
9885 
9886 
9887 
9888 
9889 
9890 
9891 
9892 
9893 
9894 
9896 
9897 
9898 
9899 
9901 
9902 
9903 
9904 
9905 
9906 
9907 
9909 
9910 
9911 
9913 
9915 
9916 
9917 
9918 
9920 
9921 
9922 
9923 
9924 
9925 
9926 
9927 
9928 
9929 
9930 
9931 
9932 
9933 
9935 
9936 
9937 
9938 
9939 
9940 
9941 
9942 
9943 
9944 
9945 
9946 
9947 
9948 
9949 
9951 
9952 
9953 
9954 
9955 
9956 
9957 
9958 
9959 
9960 
9961 
9962 
9963 
9964 
9965 
9967 
9968 
9970 
9972 
9973 
9975 
9977 
9978 
9979 
9980 
9981 
9982 
9983 
9984 
9985 
9986 
9987 
9988 
9989 
9990 
9991 
9993 
9994 
9995 
9997 
9998 
9999 
10000 
10001 
10002 
10003 
10004 
10005 
10006 
10008 
10009 
10010 
10011 
10012 
10013 
10014 
10016 
10017 
10018 
10020 
10022 
10024 
10025 
10026 
10027 
10028 
10029 
10030 
10031 
10032 
10034 
10035 
10036 
10037 
10038 
10039 
10041 
10042 
10043 
10044 
10046 
10048 
10049 
10050 
10051 
10052 
10055 
10056 
10057 
10060 
10061 
10062 
10063 
10064 
10065 
10066 
10067 
10069 
10070 
10072 
10073 
10074 
10075 
10076 
10077 
10078 
10079 
10080 
10081 
10082 
10083 
10084 
10085 
10086 
10087 
10089 
10090 
10091 
10092 
10093 
10094 
10095 
10096 
10097 
10099 
10100 
10101 
10102 
10103 
10104 
10105 
10106 
10108 
10109 
10111 
10112 
10113 
10115 
10116 
10117 
10118 
10120 
10121 
10122 
10123 
10124 
10125 
10127 
10129 
10131 
10132 
10134 
10135 
10136 
10138 
10139 
10141 
10142 
10143 
10145 
10146 
10147 
10149 
10150 
10151 
10152 
10153 
10154 
10156 
10157 
10158 
10160 
10161 
10162 
10163 
10164 
10165 
10166 
10167 
10168 
10169 
10170 
10171 
10172 
10174 
10175 
10176 
10177 
10178 
10179 
10180 
10181 
10182 
10184 
10185 
10186 
10187 
10188 
10189 
10190 
10191 
10192 
10193 
10194 
10196 
10197 
10198 
10199 
10200 
10201 
10203 
10204 
10205 
10206 
10207 
10209 
10210 
10211 
10212 
10213 
10214 
10215 
10216 
10217 
10219 
10220 
10222 
10223 
10224 
10226 
10227 
10228 
10229 
10230 
10232 
10233 
10234 
10235 
10236 
10238 
10239 
10240 
10241 
10242 
10243 
10244 
10246 
10247 
10249 
10251 
10252 
10253 
10254 
10256 
10257 
10258 
10260 
10262 
10265 
10266 
10267 
10269 
10270 
10271 
10272 
10273 
10274 
10276 
10277 
10279 
10280 
10281 
10283 
10284 
10285 
10286 
10287 
10288 
10289 
10290 
10291 
10293 
10294 
10295 
10296 
10297 
10298 
10299 
10300 
10301 
10302 
10303 
10305 
10306 
10307 
10308 
10310 
10311 
10313 
10314 
10315 
10316 
10317 
10318 
10319 
10320 
10321 
10322 
10323 
10324 
10325 
10326 
10327 
10329 
10331 
10332 
10333 
10334 
10335 
10336 
10337 
10338 
10339 
10340 
10342 
10343 
10344 
10345 
10346 
10347 
10348 
10349 
10350 
10351 
10352 
10354 
10355 
10356 
10358 
10360 
10361 
10362 
10363 
10365 
10366 
10367 
10368 
10369 
10371 
10372 
10373 
10374 
10375 
10376 
10378 
10380 
10381 
10382 
10383 
10384 
10385 
10386 
10387 
10389 
10390 
10391 
10393 
10394 
10396 
10397 
10398 
10399 
10400 
10401 
10402 
10403 
10404 
10406 
10407 
10408 
10409 
10410 
10412 
10413 
10414 
10415 
10416 
10418 
10419 
10420 
10421 
10423 
10424 
10426 
10427 
10429 
10430 
10431 
10432 
10433 
10434 
10435 
10436 
10437 
10439 
10440 
10441 
10442 
10443 
10444 
10446 
10447 
10449 
10450 
10451 
10452 
10453 
10454 
10456 
10457 
10458 
10460 
10461 
10462 
10463 
10464 
10465 
10466 
10467 
10468 
10469 
10470 
10471 
10472 
10473 
10474 
10475 
10476 
10477 
10478 
10479 
10480 
10481 
10482 
10483 
10484 
10485 
10486 
10487 
10488 
10489 
10490 
10491 
10492 
10494 
10496 
10498 
10499 
10500 
10502 
10504 
10505 
10506 
10507 
10508 
10509 
10510 
10511 
10512 
10513 
10514 
10515 
10516 
10517 
10518 
10519 
10520 
10522 
10523 
10524 
10525 
10526 
10527 
10528 
10529 
10530 
10531 
10532 
10533 
10534 
10536 
10538 
10539 
10540 
10541 
10543 
10544 
10545 
10547 
10548 
10550 
10551 
10552 
10553 
10554 
10555 
10556 
10557 
10558 
10559 
10560 
10561 
10562 
10563 
10564 
10565 
10566 
10568 
10570 
10572 
10573 
10574 
10576 
10578 
10580 
10581 
10582 
10584 
10585 
10586 
10587 
10588 
10589 
10590 
10591 
10592 
10593 
10594 
10596 
10597 
10598 
10599 
10600 
10601 
10603 
10604 
10605 
10606 
10607 
10608 
10609 
10610 
10611 
10612 
10613 
10614 
10617 
10618 
10619 
10620 
10621 
10624 
10625 
10626 
10627 
10629 
10630 
10631 
10632 
10634 
10635 
10636 
10637 
10639 
10641 
10642 
10643 
10645 
10646 
10647 
10648 
10649 
10650 
10651 
10652 
10653 
10654 
10655 
10656 
10657 
10658 
10659 
10661 
10662 
10663 
10664 
10665 
10666 
10667 
10668 
10669 
10671 
10673 
10674 
10675 
10676 
10677 
10678 
10679 
10680 
10681 
10683 
10685 
10686 
10687 
10688 
10690 
10692 
10694 
10695 
10696 
10697 
10700 
10701 
10702 
10703 
10704 
10705 
10706 
10707 
10708 
10709 
10710 
10711 
10712 
10713 
10715 
10716 
10718 
10719 
10720 
10721 
10722 
10723 
10725 
10726 
10727 
10728 
10729 
10730 
10731 
10732 
10733 
10735 
10736 
10737 
10738 
10739 
10741 
10743 
10744 
10746 
10748 
10750 
10751 
10752 
10753 
10755 
10756 
10758 
10760 
10761 
10762 
10763 
10764 
10765 
10768 
10770 
10771 
10774 
10775 
10776 
10777 
10778 
10780 
10781 
10783 
10784 
10785 
10787 
10788 
10790 
10792 
10793 
10794 
10795 
10796 
10798 
10799 
10800 
10803 
10804 
10805 
10806 
10807 
10808 
10809 
10811 
10812 
10813 
10815 
10817 
10818 
10819 
10821 
10822 
10823 
10824 
10826 
10828 
10829 
10830 
10831 
10833 
10834 
10835 
10836 
10837 
10838 
10839 
10840 
10841 
10842 
10843 
10844 
10845 
10846 
10848 
10849 
10850 
10851 
10852 
10853 
10854 
10856 
10857 
10859 
10860 
10861 
10862 
10863 
10864 
10866 
10867 
10868 
10869 
10870 
10871 
10872 
10873 
10874 
10876 
10877 
10879 
10881 
10882 
10884 
10886 
10887 
10889 
10890 
10891 
10892 
10893 
10894 
10895 
10896 
10898 
10899 
10900 
10901 
10902 
10904 
10905 
10907 
10908 
10909 
10911 
10912 
10913 
10914 
10916 
10917 
10918 
10920 
10921 
10922 
10923 
10924 
10926 
10927 
10928 
10929 
10930 
10931 
10932 
10934 
10935 
10936 
10937 
10938 
10939 
10940 
10941 
10942 
10943 
10944 
10945 
10946 
10948 
10949 
10950 
10951 
10952 
10953 
10954 
10956 
10957 
10959 
10960 
10961 
10963 
10966 
10967 
10968 
10969 
10970 
10971 
10972 
10973 
10974 
10976 
10977 
10978 
10980 
10982 
10983 
10984 
10985 
10986 
10987 
10988 
10989 
10990 
10991 
10992 
10993 
10994 
10995 
10996 
10997 
10999 
11001 
11002 
11003 
11005 
11007 
11008 
11009 
11010 
11011 
11012 
11013 
11015 
11016 
11017 
11018 
11019 
11021 
11023 
11024 
11025 
11026 
11027 
11028 
11029 
11030 
11031 
11032 
11033 
11034 
11035 
11036 
11037 
11038 
11040 
11042 
11043 
11044 
11045 
11046 
11047 
11048 
11049 
11050 
11051 
11052 
11053 
11054 
11056 
11057 
11058 
11059 
11061 
11062 
11063 
11065 
11067 
11068 
11070 
11071 
11072 
11073 
11075 
11077 
11078 
11080 
11081 
11082 
11083 
11084 
11086 
11089 
11090 
11091 
11092 
11093 
11096 
11097 
11099 
11100 
11101 
11102 
11103 
11104 
11106 
11108 
11109 
11110 
11111 
11113 
11115 
11116 
11118 
11119 
11120 
11121 
11122 
11123 
11125 
11126 
11127 
11128 
11129 
11130 
11131 
11133 
11134 
11136 
11137 
11138 
11139 
11140 
11141 
11142 
11143 
11144 
11145 
11147 
11148 
11149 
11150 
11151 
11152 
11153 
11154 
11155 
11156 
11157 
11159 
11161 
11162 
11164 
11165 
11166 
11167 
11168 
11169 
11171 
11172 
11173 
11175 
11176 
11177 
11178 
11179 
11181 
11182 
11183 
11184 
11186 
11187 
11188 
11189 
11190 
11191 
11192 
11194 
11195 
11197 
11198 
11200 
11201 
11202 
11204 
11206 
11207 
11208 
11209 
11210 
11212 
11213 
11214 
11215 
11216 
11217 
11219 
11220 
11221 
11223 
11225 
11226 
11227 
11228 
11229 
11230 
11231 
11233 
11235 
11236 
11238 
11239 
11240 
11241 
11242 
11243 
11244 
11245 
11246 
11247 
11248 
11249 
11250 
11251 
11252 
11253 
11254 
11255 
11257 
11258 
11260 
11261 
11262 
11264 
11265 
11266 
11267 
11268 
11269 
11270 
11272 
11273 
11275 
11276 
11277 
11279 
11282 
11283 
11284 
11285 
11286 
11287 
11288 
11289 
11290 
11292 
11293 
11294 
11295 
11296 
11297 
11299 
11300 
11301 
11302 
11303 
11304 
11305 
11306 
11307 
11308 
11309 
11311 
11312 
11313 
11314 
11316 
11317 
11318 
11320 
11321 
11322 
11323 
11324 
11325 
11327 
11329 
11330 
11331 
11332 
11334 
11336 
11337 
11339 
11340 
11341 
11342 
11343 
11344 
11345 
11346 
11347 
11348 
11349 
11350 
11352 
11353 
11354 
11355 
11356 
11358 
11359 
11360 
11361 
11363 
11364 
11365 
11367 
11369 
11370 
11372 
11373 
11374 
11375 
11376 
11377 
11378 
11379 
11380 
11381 
11382 
11384 
11385 
11386 
11387 
11388 
11389 
11390 
11391 
11392 
11393 
11394 
11395 
11396 
11397 
11398 
11399 
11401 
11402 
11404 
11405 
11406 
11407 
11409 
11410 
11411 
11413 
11414 
11415 
11416 
11418 
11420 
11421 
11422 
11423 
11424 
11426 
11428 
11429 
11431 
11433 
11434 
11435 
11436 
11437 
11438 
11439 
11441 
11442 
11443 
11444 
11445 
11447 
11448 
11449 
11450 
11452 
11454 
11455 
11456 
11457 
11458 
11460 
11461 
11462 
11464 
11466 
11467 
11468 
11470 
11472 
11473 
11474 
11475 
11476 
11477 
11478 
11479 
11480 
11481 
11482 
11483 
11484 
11485 
11486 
11487 
11488 
11489 
11490 
11492 
11493 
11494 
11495 
11496 
11498 
11499 
11500 
11501 
11502 
11503 
11504 
11505 
11506 
11507 
11508 
11509 
11510 
11511 
11513 
11515 
11516 
11518 
11519 
11520 
11522 
11523 
11525 
11526 
11527 
11528 
11529 
11531 
11532 
11533 
11535 
11536 
11538 
11539 
11540 
11541 
11542 
11543 
11545 
11546 
11547 
11549 
11551 
11552 
11553 
11554 
11555 
11556 
11557 
11558 
11559 
11561 
11562 
11563 
11564 
11565 
11567 
11569 
11570 
11572 
11573 
11575 
11576 
11577 
11578 
11579 
11580 
11581 
11582 
11583 
11584 
11585 
11586 
11587 
11588 
11589 
11590 
11592 
11594 
11595 
11596 
11597 
11598 
11599 
11600 
11601 
11602 
11603 
11604 
11605 
11606 
11607 
11608 
11610 
11611 
11612 
11613 
11614 
11615 
11616 
11617 
11618 
11619 
11620 
11622 
11623 
11624 
11625 
11626 
11627 
11628 
11629 
11630 
11632 
11633 
11634 
11635 
11636 
11637 
11638 
11640 
11641 
11642 
11643 
11644 
11645 
11646 
11648 
11650 
11651 
11652 
11653 
11654 
11655 
11656 
11657 
11659 
11660 
11661 
11662 
11663 
11664 
11665 
11666 
11667 
11668 
11670 
11671 
11672 
11673 
11674 
11675 
11676 
11677 
11678 
11680 
11681 
11682 
11684 
11686 
11687 
11688 
11689 
11690 
11691 
11693 
11694 
11695 
11696 
11697 
11698 
11700 
11701 
11702 
11703 
11706 
11707 
11709 
11710 
11711 
11713 
11714 
11716 
11717 
11718 
11720 
11721 
11723 
11724 
11726 
11728 
11729 
11730 
11731 
11732 
11733 
11734 
11735 
11736 
11738 
11739 
11741 
11742 
11743 
11744 
11745 
11746 
11748 
11749 
11750 
11751 
11752 
11753 
11755 
11756 
11757 
11758 
11760 
11761 
11762 
11763 
11764 
11765 
11766 
11768 
11770 
11771 
11773 
11775 
11776 
11777 
11778 
11779 
11780 
11781 
11783 
11784 
11785 
11786 
11788 
11789 
11790 
11792 
11793 
11794 
11795 
11796 
11798 
11799 
11800 
11802 
11804 
11805 
11806 
11808 
11809 
11811 
11812 
11814 
11815 
11816 
11817 
11819 
11820 
11821 
11823 
11824 
11826 
11827 
11828 
11829 
11830 
11832 
11833 
11834 
11835 
11837 
11838 
11839 
11840 
11841 
11842 
11843 
11844 
11845 
11846 
11847 
11849 
11850 
11851 
11852 
11853 
11855 
11856 
11857 
11858 
11860 
11861 
11862 
11863 
11864 
11866 
11867 
11868 
11869 
11870 
11871 
11872 
11873 
11874 
11875 
11876 
11877 
11878 
11879 
11880 
11881 
11882 
11884 
11885 
11886 
11887 
11888 
11890 
11891 
11892 
11893 
11894 
11895 
11896 
11897 
11898 
11900 
11901 
11903 
11904 
11905 
11907 
11908 
11909 
11910 
11911 
11913 
11914 
11915 
11916 
11917 
11919 
11920 
11921 
11922 
11923 
11924 
11925 
11926 
11927 
11930 
11931 
11932 
11933 
11934 
11936 
11938 
11939 
11941 
11942 
11943 
11945 
11946 
11947 
11949 
11951 
11952 
11954 
11956 
11958 
11959 
11961 
11962 
11963 
11965 
11967 
11968 
11969 
11970 
11971 
11973 
11974 
11976 
11977 
11979 
11980 
11981 
11982 
11983 
11985 
11986 
11987 
11988 
11989 
11990 
11991 
11992 
11993 
11995 
11996 
11997 
11998 
12000 
12001 
12003 
12004 
12006 
12007 
12009 
12010 
12012 
12013 
12014 
12015 
12016 
12017 
12018 
12019 
12020 
12021 
12022 
12023 
12024 
12025 
12026 
12027 
12029 
12030 
12031 
12032 
12033 
12034 
12035 
12036 
12038 
12040 
12042 
12043 
12044 
12046 
12047 
12048 
12049 
12050 
12051 
12052 
12053 
12054 
12055 
12056 
12057 
12058 
12059 
12060 
12062 
12064 
12065 
12066 
12067 
12068 
12069 
12070 
12071 
12072 
12074 
12075 
12076 
12078 
12079 
12080 
12081 
12082 
12083 
12084 
12086 
12087 
12088 
12089 
12090 
12091 
12092 
12093 
12094 
12095 
12097 
12098 
12100 
12101 
12102 
12103 
12105 
12106 
12107 
12108 
12109 
12111 
12112 
12113 
12114 
12115 
12116 
12117 
12118 
12119 
12120 
12122 
12124 
12125 
12126 
12127 
12128 
12129 
12130 
12131 
12133 
12134 
12135 
12136 
12137 
12138 
12139 
12140 
12141 
12143 
12144 
12145 
12147 
12148 
12149 
12150 
12151 
12152 
12153 
12155 
12157 
12158 
12159 
12160 
12161 
12162 
12163 
12164 
12165 
12166 
12167 
12168 
12169 
12170 
12171 
12172 
12174 
12175 
12176 
12177 
12178 
12180 
12181 
12182 
12183 
12185 
12186 
12188 
12189 
12190 
12192 
12193 
12194 
12195 
12196 
12197 
12198 
12199 
12200 
12201 
12203 
12204 
12206 
12207 
12208 
12209 
12210 
12211 
12212 
12213 
12214 
12215 
12216 
12217 
12218 
12219 
12220 
12221 
12222 
12223 
12224 
12225 
12226 
12227 
12228 
12229 
12230 
12231 
12232 
12233 
12234 
12235 
12236 
12237 
12239 
12240 
12242 
12243 
12244 
12246 
12249 
12250 
12251 
12252 
12253 
12254 
12255 
12256 
12257 
12258 
12259 
12260 
12261 
12262 
12263 
12265 
12266 
12267 
12268 
12269 
12270 
12271 
12272 
12273 
12274 
12275 
12277 
12279 
12281 
12282 
12283 
12284 
12286 
12287 
12288 
12289 
12290 
12291 
12293 
12294 
12295 
12296 
12297 
12298 
12299 
12300 
12301 
12302 
12303 
12304 
12305 
12306 
12307 
12308 
12310 
12312 
12313 
12314 
12316 
12318 
12319 
12320 
12321 
12322 
12323 
12324 
12325 
12326 
12327 
12328 
12329 
12330 
12331 
12333 
12334 
12335 
12336 
12337 
12339 
12341 
12342 
12343 
12344 
12345 
12346 
12347 
12348 
12349 
12350 
12351 
12354 
12355 
12356 
12357 
12358 
12361 
12362 
12364 
12365 
12366 
12368 
12369 
12370 
12371 
12372 
12373 
12375 
12377 
12378 
12380 
12381 
12382 
12384 
12385 
12386 
12387 
12388 
12389 
12390 
12391 
12392 
12393 
12394 
12395 
12396 
12397 
12398 
12400 
12402 
12403 
12404 
12405 
12406 
12407 
12408 
12409 
12411 
12413 
12414 
12415 
12416 
12418 
12419 
12420 
12421 
12422 
12423 
12425 
12426 
12427 
12428 
12430 
12431 
12433 
12434 
12435 
12436 
12438 
12439 
12440 
12441 
12442 
12443 
12444 
12445 
12446 
12447 
12448 
12449 
12450 
12451 
12453 
12454 
12457 
12458 
12459 
12460 
12461 
12463 
12464 
12465 
12466 
12467 
12468 
12469 
12471 
12473 
12474 
12475 
12476 
12477 
12479 
12481 
12483 
12484 
12486 
12488 
12489 
12490 
12491 
12493 
12494 
12496 
12498 
12499 
12500 
12503 
12504 
12505 
12507 
12508 
12510 
12512 
12514 
12515 
12517 
12518 
12519 
12520 
12521 
12522 
12523 
12524 
12526 
12527 
12528 
12531 
12532 
12533 
12534 
12535 
12536 
12537 
12539 
12540 
12541 
12543 
12544 
12545 
12547 
12549 
12550 
12551 
12552 
12553 
12554 
12555 
12556 
12557 
12559 
12561 
12562 
12563 
12564 
12565 
12566 
12567 
12568 
12569 
12571 
12572 
12573 
12574 
12575 
12576 
12578 
12579 
12580 
12581 
12582 
12583 
12584 
12585 
12586 
12588 
12589 
12590 
12592 
12593 
12594 
12595 
12596 
12597 
12598 
12600 
12601 
12603 
12604 
12605 
12606 
12608 
12609 
12610 
12611 
12612 
12613 
12615 
12617 
12618 
12619 
12620 
12622 
12623 
12624 
12625 
12626 
12627 
12628 
12629 
12630 
12632 
12633 
12634 
12636 
12637 
12638 
12640 
12641 
12643 
12644 
12645 
12647 
12648 
12649 
12650 
12652 
12653 
12654 
12656 
12657 
12658 
12659 
12660 
12662 
12663 
12664 
12665 
12666 
12667 
12668 
12669 
12670 
12671 
12672 
12673 
12674 
12675 
12676 
12677 
12678 
12679 
12680 
12682 
12683 
12684 
12685 
12686 
12687 
12688 
12690 
12691 
12693 
12694 
12695 
12697 
12700 
12701 
12702 
12703 
12705 
12706 
12707 
12708 
12709 
12711 
12712 
12714 
12716 
12718 
12719 
12720 
12721 
12722 
12723 
12724 
12725 
12726 
12727 
12728 
12729 
12730 
12731 
12732 
12733 
12734 
12735 
12736 
12738 
12740 
12742 
12743 
12744 
12745 
12746 
12747 
12749 
12751 
12752 
12753 
12754 
12756 
12757 
12758 
12759 
12760 
12761 
12762 
12763 
12764 
12765 
12766 
12767 
12768 
12769 
12770 
12771 
12773 
12774 
12775 
12776 
12777 
12778 
12779 
12780 
12781 
12782 
12783 
12784 
12785 
12786 
12788 
12789 
12790 
12791 
12793 
12794 
12795 
12797 
12799 
12800 
12801 
12804 
12805 
12806 
12807 
12809 
12810 
12812 
12815 
12817 
12818 
12819 
12820 
12823 
12825 
12827 
12828 
12830 
12831 
12833 
12834 
12835 
12837 
12839 
12840 
12841 
12842 
12843 
12844 
12845 
12846 
12848 
12849 
12850 
12851 
12852 
12853 
12855 
12856 
12857 
12859 
12860 
12861 
12862 
12863 
12864 
12865 
12866 
12867 
12868 
12870 
12871 
12872 
12873 
12874 
12875 
12876 
12877 
12878 
12879 
12880 
12882 
12884 
12885 
12887 
12888 
12889 
12890 
12891 
12892 
12893 
12894 
12895 
12896 
12897 
12898 
12900 
12901 
12902 
12903 
12904 
12905 
12906 
12907 
12909 
12911 
12912 
12913 
12914 
12916 
12917 
12918 
12919 
12921 
12922 
12923 
12924 
12926 
12927 
12929 
12930 
12931 
12932 
12933 
12934 
12936 
12937 
12939 
12941 
12942 
12943 
12944 
12945 
12946 
12947 
12948 
12949 
12951 
12952 
12954 
12955 
12956 
12957 
12958 
12959 
12960 
12961 
12962 
12963 
12964 
12965 
12966 
12967 
12969 
12970 
12971 
12972 
12974 
12975 
12976 
12977 
12978 
12979 
12980 
12982 
12983 
12985 
12986 
12987 
12989 
12992 
12993 
12994 
12995 
12996 
12997 
12998 
12999 
13000 
13002 
13004 
13005 
13006 
13007 
13008 
13010 
13012 
13013 
13014 
13015 
13016 
13017 
13018 
13019 
13020 
13021 
13022 
13023 
13024 
13025 
13026 
13027 
13028 
13030 
13031 
13032 
13033 
13034 
13035 
13037 
13039 
13040 
13041 
13042 
13043 
13044 
13045 
13047 
13048 
13049 
13050 
13051 
13052 
13054 
13055 
13057 
13058 
13059 
13060 
13061 
13062 
13063 
13064 
13065 
13066 
13067 
13068 
13071 
13072 
13073 
13074 
13075 
13077 
13078 
13079 
13080 
13081 
13082 
13083 
13084 
13085 
13086 
13087 
13088 
13089 
13091 
13092 
13094 
13095 
13097 
13098 
13099 
13100 
13102 
13104 
13105 
13107 
13108 
13109 
13110 
13111 
13112 
13113 
13115 
13116 
13118 
13119 
13120 
13122 
13123 
13124 
13125 
13126 
13127 
13128 
13129 
13131 
13132 
13133 
13134 
13135 
13136 
13137 
13138 
13139 
13140 
13141 
13142 
13143 
13144 
13145 
13146 
13148 
13149 
13151 
13152 
13153 
13155 
13156 
13157 
13158 
13159 
13160 
13161 
13162 
13164 
13165 
13167 
13168 
13169 
13170 
13171 
13172 
13174 
13175 
13176 
13177 
13178 
13179 
13180 
13181 
13182 
13183 
13184 
13185 
13186 
13187 
13188 
13190 
13192 
13193 
13194 
13195 
13196 
13198 
13199 
13200 
13202 
13203 
13204 
13205 
13207 
13208 
13209 
13210 
13212 
13213 
13214 
13215 
13216 
13217 
13218 
13220 
13221 
13222 
13223 
13224 
13225 
13228 
13229 
13230 
13231 
13232 
13233 
13234 
13235 
13236 
13237 
13238 
13239 
13240 
13241 
13242 
13244 
13245 
13247 
13248 
13250 
13251 
13252 
13254 
13256 
13258 
13259 
13260 
13261 
13262 
13263 
13264 
13265 
13266 
13267 
13268 
13269 
13270 
13272 
13273 
13274 
13275 
13276 
13277 
13278 
13279 
13281 
13285 
13286 
13287 
13288 
13290 
13292 
13294 
13295 
13296 
13297 
13298 
13300 
13301 
13303 
13304 
13306 
13307 
13308 
13309 
13310 
13312 
13313 
13315 
13316 
13319 
13320 
13321 
13322 
13323 
13324 
13325 
13326 
13327 
13328 
13330 
13331 
13332 
13333 
13334 
13335 
13336 
13337 
13339 
13340 
13342 
13343 
13344 
13345 
13346 
13347 
13348 
13349 
13350 
13351 
13352 
13353 
13354 
13355 
13357 
13358 
13359 
13360 
13362 
13363 
13365 
13366 
13368 
13369 
13370 
13372 
13374 
13375 
13376 
13377 
13378 
13379 
13380 
13381 
13382 
13384 
13386 
13387 
13388 
13390 
13391 
13392 
13393 
13394 
13395 
13396 
13397 
13398 
13399 
13400 
13401 
13402 
13404 
13405 
13406 
13407 
13409 
13410 
13411 
13412 
13413 
13415 
13416 
13417 
13418 
13420 
13421 
13422 
13424 
13425 
13427 
13428 
13429 
13430 
13432 
13433 
13434 
13435 
13436 
13437 
13439 
13440 
13441 
13442 
13443 
13444 
13445 
13447 
13448 
13450 
13453 
13454 
13455 
13457 
13458 
13459 
13460 
13461 
13462 
13463 
13464 
13465 
13466 
13467 
13468 
13470 
13471 
13472 
13474 
13475 
13476 
13477 
13478 
13479 
13480 
13481 
13482 
13483 
13484 
13485 
13486 
13488 
13489 
13491 
13493 
13495 
13496 
13497 
13498 
13499 
13501 
13503 
13504 
13505 
13506 
13508 
13509 
13510 
13512 
13513 
13514 
13515 
13516 
13517 
13518 
13519 
13520 
13522 
13523 
13524 
13527 
13528 
13529 
13531 
13533 
13534 
13535 
13536 
13537 
13538 
13539 
13540 
13541 
13542 
13544 
13545 
13547 
13548 
13549 
13550 
13553 
13554 
13555 
13556 
13558 
13560 
13561 
13562 
13563 
13565 
13566 
13567 
13568 
13569 
13570 
13572 
13573 
13575 
13577 
13578 
13581 
13582 
13583 
13584 
13586 
13588 
13589 
13590 
13591 
13592 
13594 
13595 
13596 
13599 
13600 
13601 
13603 
13605 
13606 
13607 
13608 
13609 
13610 
13611 
13612 
13613 
13614 
13615 
13616 
13618 
13619 
13620 
13621 
13623 
13624 
13625 
13626 
13627 
13628 
13629 
13630 
13631 
13632 
13633 
13634 
13637 
13638 
13639 
13643 
13644 
13645 
13647 
13649 
13650 
13651 
13652 
13653 
13654 
13656 
13657 
13659 
13662 
13663 
13664 
13665 
13666 
13669 
13670 
13671 
13672 
13673 
13674 
13675 
13676 
13677 
13678 
13679 
13680 
13681 
13682 
13684 
13686 
13687 
13689 
13690 
13691 
13692 
13693 
13694 
13695 
13696 
13698 
13699 
13700 
13701 
13702 
13703 
13704 
13707 
13708 
13709 
13710 
13711 
13712 
13713 
13714 
13715 
13716 
13717 
13718 
13719 
13720 
13721 
13724 
13725 
13726 
13727 
13728 
13729 
13730 
13731 
13732 
13733 
13734 
13735 
13736 
13737 
13738 
13740 
13741 
13742 
13743 
13744 
13745 
13746 
13747 
13749 
13750 
13751 
13753 
13754 
13755 
13756 
13757 
13758 
13759 
13760 
13761 
13762 
13764 
13765 
13766 
13767 
13768 
13769 
13770 
13771 
13772 
13774 
13775 
13776 
13777 
13778 
13779 
13780 
13782 
13783 
13784 
13785 
13786 
13787 
13789 
13790 
13792 
13793 
13794 
13796 
13797 
13798 
13799 
13801 
13802 
13804 
13805 
13807 
13808 
13809 
13810 
13811 
13813 
13814 
13815 
13816 
13817 
13818 
13819 
13820 
13821 
13822 
13823 
13825 
13826 
13827 
13829 
13830 
13832 
13833 
13834 
13835 
13836 
13837 
13838 
13839 
13841 
13842 
13843 
13844 
13846 
13847 
13848 
13849 
13850 
13851 
13852 
13853 
13854 
13855 
13856 
13857 
13858 
13859 
13860 
13862 
13863 
13864 
13865 
13866 
13869 
13870 
13871 
13872 
13873 
13874 
13875 
13876 
13877 
13879 
13880 
13882 
13883 
13884 
13886 
13889 
13890 
13892 
13893 
13894 
13895 
13897 
13898 
13899 
13900 
13901 
13902 
13903 
13904 
13905 
13906 
13907 
13908 
13910 
13911 
13912 
13913 
13914 
13915 
13917 
13918 
13919 
13920 
13921 
13922 
13924 
13925 
13926 
13927 
13929 
13930 
13931 
13932 
13933 
13934 
13935 
13936 
13937 
13938 
13941 
13943 
13945 
13946 
13947 
13948 
13949 
13950 
13952 
13953 
13955 
13956 
13957 
13958 
13959 
13961 
13962 
13964 
13965 
13967 
13968 
13970 
13971 
13972 
13973 
13974 
13975 
13976 
13977 
13978 
13979 
13981 
13983 
13984 
13985 
13986 
13987 
13988 
13989 
13990 
13991 
13992 
13993 
13994 
13995 
13996 
13997 
13998 
13999 
14000 
14002 
14003 
14004 
14005 
14006 
14008 
14010 
14011 
14012 
14013 
14014 
14015 
14016 
14017 
14018 
14019 
14021 
14022 
14023 
14024 
14026 
14028 
14029 
14030 
14031 
14032 
14033 
14034 
14035 
14036 
14037 
14038 
14039 
14040 
14041 
14042 
14043 
14044 
14045 
14046 
14048 
14049 
14051 
14053 
14055 
14056 
14058 
14060 
14062 
14064 
14066 
14067 
14068 
14069 
14070 
14072 
14073 
14074 
14075 
14076 
14077 
14078 
14079 
14082 
14083 
14085 
14086 
14087 
14088 
14089 
14090 
14091 
14092 
14094 
14095 
14097 
14098 
14099 
14100 
14101 
14104 
14106 
14107 
14108 
14109 
14110 
14111 
14112 
14113 
14114 
14115 
14117 
14118 
14119 
14120 
14122 
14123 
14124 
14125 
14126 
14127 
14129 
14130 
14131 
14133 
14134 
14136 
14139 
14140 
14141 
14142 
14144 
14147 
14148 
14149 
14150 
14151 
14152 
14153 
14155 
14156 
14157 
14158 
14159 
14161 
14162 
14163 
14164 
14165 
14166 
14168 
14169 
14171 
14173 
14175 
14176 
14177 
14179 
14180 
14181 
14182 
14184 
14185 
14186 
14187 
14188 
14189 
14191 
14192 
14193 
14194 
14196 
14197 
14198 
14199 
14200 
14201 
14202 
14203 
14204 
14205 
14206 
14207 
14209 
14211 
14212 
14214 
14215 
14216 
14217 
14219 
14220 
14222 
14223 
14224 
14225 
14226 
14227 
14228 
14229 
14230 
14231 
14232 
14234 
14235 
14236 
14238 
14239 
14240 
14241 
14242 
14244 
14245 
14246 
14247 
14248 
14249 
14250 
14251 
14252 
14253 
14254 
14255 
14256 
14257 
14259 
14260 
14261 
14262 
14263 
14264 
14265 
14267 
14268 
14269 
14270 
14271 
14272 
14273 
14275 
14276 
14277 
14278 
14280 
14281 
14282 
14284 
14285 
14286 
14288 
14290 
14292 
14293 
14295 
14296 
14297 
14298 
14299 
14300 
14301 
14302 
14303 
14304 
14305 
14307 
14308 
14309 
14310 
14311 
14312 
14314 
14315 
14317 
14318 
14319 
14320 
14321 
14322 
14323 
14324 
14325 
14327 
14328 
14329 
14330 
14331 
14332 
14333 
14334 
14335 
14336 
14337 
14338 
14339 
14340 
14341 
14342 
14343 
14345 
14346 
14347 
14348 
14349 
14350 
14351 
14353 
14354 
14355 
14357 
14358 
14359 
14360 
14362 
14363 
14364 
14366 
14367 
14368 
14369 
14370 
14371 
14372 
14374 
14375 
14376 
14377 
14378 
14379 
14380 
14381 
14382 
14383 
14385 
14386 
14387 
14389 
14390 
14391 
14392 
14393 
14394 
14395 
14396 
14397 
14398 
14400 
14401 
14402 
14404 
14406 
14407 
14409 
14412 
14413 
14415 
14416 
14417 
14418 
14419 
14420 
14421 
14422 
14423 
14425 
14426 
14427 
14428 
14430 
14431 
14432 
14433 
14434 
14435 
14436 
14437 
14439 
14441 
14444 
14445 
14446 
14447 
14448 
14449 
14451 
14452 
14453 
14454 
14455 
14457 
14458 
14459 
14460 
14461 
14463 
14464 
14466 
14468 
14470 
14471 
14473 
14474 
14475 
14476 
14478 
14479 
14480 
14481 
14482 
14483 
14484 
14485 
14486 
14487 
14488 
14490 
14491 
14493 
14494 
14495 
14496 
14497 
14498 
14499 
14500 
14502 
14503 
14505 
14506 
14507 
14508 
14509 
14510 
14511 
14513 
14514 
14515 
14517 
14519 
14521 
14523 
14524 
14525 
14526 
14527 
14528 
14530 
14531 
14532 
14533 
14534 
14536 
14537 
14538 
14539 
14541 
14543 
14544 
14545 
14546 
14548 
14549 
14550 
14551 
14552 
14553 
14554 
14555 
14556 
14557 
14558 
14559 
14560 
14562 
14564 
14565 
14566 
14568 
14569 
14570 
14571 
14574 
14575 
14576 
14578 
14579 
14580 
14581 
14583 
14584 
14585 
14586 
14587 
14589 
14591 
14592 
14593 
14594 
14595 
14596 
14597 
14598 
14600 
14601 
14602 
14603 
14605 
14607 
14608 
14609 
14610 
14612 
14613 
14614 
14616 
14617 
14619 
14621 
14622 
14623 
14624 
14625 
14626 
14627 
14629 
14630 
14632 
14633 
14634 
14635 
14636 
14637 
14638 
14639 
14640 
14641 
14642 
14643 
14645 
14647 
14648 
14649 
14650 
14651 
14652 
14653 
14654 
14655 
14656 
14658 
14659 
14660 
14661 
14662 
14663 
14665 
14667 
14668 
14669 
14670 
14671 
14672 
14673 
14674 
14675 
14676 
14677 
14679 
14680 
14681 
14682 
14684 
14685 
14686 
14688 
14689 
14691 
14692 
14693 
14695 
14696 
14697 
14698 
14700 
14701 
14702 
14705 
14706 
14707 
14709 
14711 
14712 
14713 
14716 
14717 
14718 
14719 
14720 
14721 
14722 
14723 
14724 
14725 
14727 
14728 
14729 
14731 
14732 
14734 
14735 
14736 
14737 
14738 
14741 
14743 
14744 
14746 
14747 
14750 
14753 
14754 
14755 
14756 
14757 
14758 
14759 
14761 
14762 
14764 
14765 
14766 
14768 
14770 
14771 
14772 
14773 
14774 
14775 
14777 
14778 
14779 
14780 
14781 
14782 
14784 
14785 
14786 
14787 
14788 
14789 
14791 
14793 
14794 
14795 
14797 
14798 
14799 
14800 
14802 
14804 
14806 
14807 
14808 
14809 
14810 
14811 
14812 
14813 
14814 
14815 
14816 
14817 
14818 
14819 
14820 
14821 
14822 
14824 
14825 
14826 
14827 
14828 
14831 
14832 
14833 
14834 
14835 
14836 
14837 
14838 
14839 
14841 
14842 
14843 
14844 
14845 
14847 
14848 
14849 
14851 
14852 
14853 
14854 
14855 
14856 
14857 
14858 
14861 
14863 
14865 
14866 
14867 
14869 
14871 
14872 
14873 
14875 
14877 
14878 
14879 
14880 
14881 
14882 
14883 
14884 
14885 
14886 
14887 
14889 
14890 
14892 
14893 
14894 
14895 
14897 
14898 
14899 
14900 
14901 
14902 
14904 
14905 
14906 
14907 
14908 
14910 
14911 
14912 
14914 
14916 
14917 
14918 
14919 
14920 
14921 
14922 
14923 
14924 
14926 
14928 
14929 
14930 
14931 
14932 
14933 
14934 
14935 
14936 
14937 
14938 
14939 
14940 
14942 
14943 
14944 
14945 
14946 
14947 
14948 
14949 
14950 
14952 
14953 
14955 
14957 
14959 
14961 
14962 
14963 
14964 
14965 
14966 
14968 
14969 
14971 
14972 
14974 
14975 
14976 
14978 
14979 
14980 
14981 
14982 
14984 
14986 
14987 
14988 
14989 
14990 
14991 
14992 
14993 
14994 
14995 
14996 
14998 
14999 
15000 
15001 
15003 
15004 
15005 
15006 
15007 
15009 
15010 
15012 
15014 
15016 
15017 
15018 
15020 
15021 
15022 
15023 
15024 
15025 
15026 
15027 
15028 
15029 
15030 
15031 
15032 
15033 
15034 
15035 
15036 
15037 
15038 
15039 
15041 
15042 
15043 
15045 
15047 
15048 
15049 
15050 
15051 
15052 
15054 
15055 
15056 
15057 
15058 
15059 
15060 
15062 
15063 
15064 
15065 
15066 
15067 
15068 
15069 
15070 
15072 
15074 
15075 
15076 
15078 
15079 
15080 
15081 
15083 
15084 
15086 
15087 
15088 
15090 
15091 
15092 
15093 
15095 
15096 
15098 
15099 
15100 
15101 
15102 
15103 
15104 
15105 
15106 
15108 
15109 
15110 
15111 
15113 
15114 
15115 
15118 
15120 
15121 
15122 
15123 
15124 
15125 
15126 
15127 
15129 
15130 
15131 
15132 
15133 
15135 
15138 
15139 
15140 
15141 
15143 
15144 
15145 
15147 
15148 
15149 
15150 
15151 
15152 
15153 
15154 
15155 
15157 
15158 
15159 
15161 
15162 
15163 
15164 
15165 
15166 
15167 
15168 
15170 
15172 
15173 
15174 
15175 
15177 
15178 
15179 
15180 
15181 
15182 
15183 
15185 
15187 
15188 
15189 
15191 
15193 
15194 
15195 
15197 
15199 
15201 
15202 
15203 
15204 
15205 
15206 
15207 
15208 
15209 
15211 
15212 
15213 
15215 
15217 
15218 
15219 
15220 
15221 
15222 
15223 
15224 
15225 
15226 
15227 
15228 
15230 
15231 
15232 
15233 
15234 
15235 
15236 
15238 
15239 
15240 
15241 
15242 
15244 
15245 
15246 
15247 
15248 
15249 
15250 
15252 
15253 
15255 
15256 
15257 
15259 
15260 
15261 
15263 
15264 
15265 
15267 
15268 
15269 
15270 
15271 
15272 
15273 
15275 
15276 
15277 
15279 
15281 
15282 
15283 
15284 
15285 
15286 
15287 
15288 
15289 
15290 
15291 
15293 
15294 
15295 
15296 
15297 
15298 
15299 
15300 
15301 
15302 
15304 
15305 
15306 
15307 
15308 
15309 
15310 
15312 
15314 
15315 
15316 
15318 
15319 
15320 
15321 
15322 
15323 
15324 
15325 
15326 
15328 
15330 
15333 
15334 
15336 
15337 
15338 
15339 
15340 
15341 
15342 
15343 
15345 
15346 
15347 
15348 
15349 
15351 
15352 
15353 
15355 
15357 
15358 
15360 
15362 
15363 
15364 
15365 
15367 
15369 
15370 
15371 
15372 
15373 
15375 
15376 
15377 
15378 
15379 
15380 
15381 
15382 
15383 
15384 
15385 
15387 
15389 
15390 
15392 
15393 
15395 
15396 
15398 
15400 
15401 
15402 
15403 
15404 
15405 
15407 
15408 
15410 
15411 
15412 
15414 
15415 
15416 
15417 
15418 
15419 
15420 
15421 
15422 
15423 
15424 
15426 
15429 
15431 
15432 
15433 
15434 
15435 
15436 
15437 
15439 
15440 
15441 
15442 
15444 
15445 
15446 
15447 
15448 
15449 
15451 
15452 
15453 
15454 
15455 
15456 
15457 
15458 
15459 
15460 
15461 
15462 
15463 
15464 
15465 
15466 
15468 
15469 
15470 
15472 
15474 
15475 
15476 
15477 
15478 
15479 
15481 
15482 
15483 
15484 
15485 
15486 
15487 
15488 
15490 
15491 
15493 
15494 
15495 
15497 
15499 
15500 
15501 
15502 
15503 
15504 
15505 
15506 
15507 
15508 
15510 
15511 
15513 
15515 
15516 
15517 
15518 
15519 
15521 
15522 
15523 
15524 
15525 
15526 
15527 
15529 
15531 
15532 
15533 
15534 
15535 
15536 
15537 
15538 
15539 
15541 
15542 
15543 
15545 
15547 
15548 
15549 
15550 
15552 
15553 
15554 
15555 
15556 
15558 
15560 
15561 
15562 
15564 
15565 
15566 
15567 
15568 
15569 
15570 
15571 
15572 
15573 
15574 
15576 
15577 
15578 
15579 
15580 
15581 
15582 
15583 
15585 
15586 
15588 
15589 
15590 
15591 
15592 
15594 
15596 
15597 
15598 
15599 
15600 
15601 
15602 
15603 
15604 
15605 
15607 
15608 
15610 
15611 
15612 
15613 
15614 
15615 
15616 
15617 
15618 
15620 
15621 
15623 
15624 
15626 
15628 
15629 
15630 
15632 
15633 
15636 
15637 
15638 
15639 
15640 
15641 
15643 
15644 
15645 
15646 
15647 
15649 
15650 
15652 
15653 
15654 
15656 
15657 
15658 
15659 
15661 
15662 
15663 
15664 
15666 
15667 
15668 
15669 
15670 
15671 
15672 
15673 
15674 
15675 
15676 
15677 
15679 
15680 
15681 
15682 
15684 
15685 
15686 
15687 
15688 
15689 
15690 
15691 
15692 
15694 
15695 
15696 
15697 
15698 
15700 
15701 
15702 
15703 
15705 
15706 
15708 
15709 
15711 
15712 
15713 
15714 
15716 
15717 
15718 
15719 
15720 
15721 
15723 
15724 
15725 
15726 
15728 
15730 
15731 
15732 
15733 
15734 
15735 
15737 
15738 
15739 
15740 
15742 
15743 
15744 
15745 
15746 
15747 
15748 
15749 
15750 
15751 
15753 
15756 
15757 
15759 
15760 
15761 
15763 
15764 
15765 
15767 
15768 
15769 
15771 
15773 
15775 
15776 
15777 
15778 
15779 
15780 
15782 
15783 
15784 
15785 
15786 
15787 
15788 
15789 
15790 
15792 
15793 
15794 
15795 
15797 
15799 
15800 
15802 
15803 
15804 
15805 
15807 
15808 
15809 
15810 
15811 
15812 
15814 
15815 
15816 
15818 
15819 
15820 
15821 
15822 
15823 
15824 
15825 
15826 
15827 
15828 
15829 
15830 
15832 
15833 
15834 
15835 
15836 
15837 
15838 
15839 
15840 
15842 
15843 
15844 
15845 
15847 
15848 
15849 
15850 
15851 
15852 
15853 
15854 
15855 
15857 
15858 
15859 
15860 
15861 
15862 
15863 
15865 
15866 
15868 
15869 
15870 
15871 
15872 
15873 
15874 
15875 
15876 
15877 
15878 
15879 
15880 
15881 
15882 
15884 
15885 
15887 
15888 
15890 
15891 
15892 
15893 
15894 
15895 
15898 
15899 
15900 
15901 
15903 
15904 
15905 
15906 
15908 
15909 
15910 
15912 
15913 
15914 
15915 
15917 
15918 
15919 
15920 
15921 
15922 
15923 
15924 
15926 
15927 
15929 
15930 
15931 
15932 
15934 
15936 
15937 
15938 
15939 
15940 
15941 
15942 
15943 
15944 
15945 
15946 
15947 
15949 
15950 
15951 
15952 
15954 
15955 
15956 
15957 
15959 
15960 
15961 
15962 
15964 
15965 
15966 
15968 
15969 
15970 
15971 
15972 
15973 
15975 
15976 
15977 
15979 
15981 
15983 
15985 
15986 
15987 
15988 
15990 
15992 
15993 
15995 
15996 
15998 
15999 
16000 
16001 
16002 
16004 
16005 
16007 
16008 
16009 
16010 
16011 
16012 
16014 
16015 
16016 
16017 
16019 
16020 
16021 
16022 
16023 
16024 
16025 
16027 
16028 
16029 
16030 
16031 
16032 
16033 
16034 
16036 
16037 
16038 
16040 
16041 
16044 
16046 
16047 
16049 
16050 
16051 
16052 
16054 
16056 
16058 
16059 
16060 
16061 
16062 
16064 
16066 
16067 
16068 
16069 
16071 
16073 
16074 
16076 
16078 
16080 
16081 
16082 
16083 
16084 
16085 
16086 
16087 
16088 
16089 
16090 
16091 
16092 
16093 
16094 
16095 
16096 
16098 
16099 
16100 
16101 
16102 
16103 
16104 
16106 
16107 
16108 
16109 
16111 
16114 
16115 
16116 
16117 
16118 
16119 
16120 
16121 
16123 
16125 
16126 
16127 
16128 
16129 
16131 
16132 
16134 
16135 
16137 
16138 
16139 
16140 
16142 
16143 
16144 
16146 
16148 
16150 
16151 
16152 
16153 
16154 
16156 
16157 
16158 
16159 
16161 
16162 
16163 
16164 
16166 
16167 
16168 
16169 
16171 
16173 
16175 
16176 
16178 
16179 
16180 
16181 
16182 
16183 
16184 
16185 
16186 
16187 
16188 
16190 
16191 
16193 
16194 
16196 
16198 
16199 
16201 
16202 
16204 
16205 
16206 
16207 
16208 
16209 
16210 
16212 
16214 
16215 
16217 
16218 
16219 
16220 
16221 
16222 
16223 
16224 
16225 
16227 
16228 
16230 
16232 
16233 
16234 
16236 
16237 
16238 
16239 
16240 
16241 
16242 
16243 
16244 
16245 
16246 
16247 
16248 
16249 
16251 
16252 
16253 
16254 
16255 
16257 
16259 
16262 
16263 
16264 
16265 
16266 
16267 
16268 
16270 
16271 
16272 
16273 
16275 
16276 
16277 
16278 
16279 
16281 
16282 
16283 
16284 
16285 
16286 
16287 
16289 
16290 
16292 
16294 
16295 
16297 
16298 
16300 
16301 
16302 
16304 
16305 
16306 
16308 
16309 
16310 
16312 
16314 
16315 
16317 
16318 
16320 
16321 
16322 
16323 
16324 
16325 
16326 
16328 
16329 
16331 
16332 
16333 
16334 
16335 
16336 
16337 
16339 
16340 
16342 
16344 
16345 
16346 
16347 
16348 
16349 
16351 
16353 
16354 
16355 
16356 
16358 
16359 
16360 
16361 
16363 
16365 
16366 
16367 
16369 
16370 
16372 
16373 
16374 
16376 
16378 
16379 
16380 
16381 
16382 
16383 
16384 
16385 
16386 
16387 
16388 
16390 
16391 
16392 
16394 
16395 
16396 
16397 
16399 
16400 
16401 
16402 
16403 
16404 
16405 
16406 
16407 
16409 
16410 
16412 
16413 
16414 
16415 
16416 
16417 
16418 
16419 
16421 
16422 
16423 
16424 
16426 
16427 
16428 
16429 
16430 
16432 
16433 
16434 
16435 
16437 
16438 
16440 
16441 
16443 
16444 
16445 
16446 
16447 
16449 
16451 
16452 
16453 
16455 
16456 
16457 
16459 
16460 
16462 
16463 
16464 
16466 
16467 
16468 
16469 
16471 
16472 
16473 
16474 
16477 
16478 
16479 
16480 
16482 
16483 
16485 
16488 
16489 
16490 
16492 
16493 
16494 
16496 
16497 
16498 
16499 
16500 
16502 
16503 
16504 
16505 
16506 
16507 
16508 
16509 
16510 
16511 
16512 
16513 
16515 
16516 
16517 
16518 
16520 
16521 
16523 
16524 
16525 
16526 
16527 
16529 
16530 
16531 
16532 
16533 
16535 
16536 
16537 
16538 
16539 
16540 
16541 
16542 
16543 
16545 
16548 
16551 
16553 
16554 
16555 
16557 
16558 
16560 
16561 
16562 
16564 
16565 
16567 
16569 
16570 
16571 
16572 
16573 
16574 
16576 
16577 
16578 
16579 
16580 
16581 
16582 
16583 
16585 
16586 
16587 
16588 
16590 
16591 
16592 
16593 
16594 
16595 
16597 
16598 
16599 
16600 
16601 
16602 
16603 
16604 
16606 
16609 
16610 
16613 
16614 
16615 
16616 
16617 
16619 
16620 
16621 
16622 
16623 
16624 
16625 
16626 
16627 
16629 
16631 
16632 
16633 
16635 
16636 
16637 
16638 
16640 
16641 
16643 
16644 
16645 
16648 
16649 
16650 
16652 
16653 
16654 
16655 
16656 
16657 
16658 
16659 
16660 
16661 
16663 
16664 
16665 
16666 
16668 
16670 
16671 
16672 
16675 
16676 
16677 
16678 
16679 
16680 
16681 
16682 
16684 
16685 
16686 
16688 
16690 
16691 
16692 
16693 
16694 
16696 
16698 
16699 
16700 
16701 
16702 
16703 
16705 
16706 
16707 
16709 
16710 
16711 
16712 
16714 
16715 
16716 
16717 
16718 
16719 
16720 
16721 
16722 
16724 
16725 
16726 
16727 
16728 
16729 
16730 
16732 
16733 
16734 
16736 
16738 
16739 
16740 
16741 
16743 
16744 
16745 
16746 
16747 
16749 
16750 
16751 
16752 
16754 
16756 
16757 
16758 
16759 
16761 
16763 
16765 
16766 
16767 
16768 
16770 
16772 
16773 
16774 
16775 
16776 
16777 
16778 
16780 
16781 
16783 
16784 
16786 
16787 
16788 
16790 
16792 
16793 
16794 
16795 
16796 
16797 
16798 
16799 
16800 
16801 
16802 
16803 
16805 
16806 
16807 
16809 
16810 
16811 
16812 
16813 
16815 
16816 
16817 
16819 
16820 
16822 
16823 
16824 
16825 
16826 
16827 
16828 
16830 
16832 
16834 
16836 
16838 
16841 
16843 
16845 
16847 
16848 
16851 
16853 
16855 
16856 
16857 
16858 
16859 
16861 
16862 
16863 
16864 
16865 
16866 
16867 
16868 
16869 
16870 
16871 
16872 
16873 
16874 
16875 
16876 
16877 
16879 
16880 
16881 
16882 
16883 
16884 
16885 
16887 
16890 
16891 
16892 
16894 
16895 
16896 
16897 
16898 
16899 
16900 
16901 
16902 
16904 
16905 
16906 
16907 
16908 
16910 
16912 
16913 
16915 
16916 
16917 
16918 
16919 
16921 
16922 
16924 
16925 
16926 
16927 
16929 
16930 
16931 
16932 
16933 
16934 
16935 
16936 
16937 
16938 
16940 
16942 
16943 
16944 
16945 
16947 
16948 
16950 
16951 
16952 
16953 
16954 
16955 
16956 
16957 
16958 
16960 
16961 
16963 
16964 
16965 
16966 
16968 
16969 
16971 
16972 
16973 
16974 
16975 
16976 
16977 
16978 
16979 
16980 
16981 
16983 
16984 
16985 
16986 
16987 
16988 
16990 
16992 
16993 
16994 
16996 
16998 
16999 
17000 
17001 
17002 
17003 
17005 
17006 
17008 
17009 
17010 
17011 
17013 
17014 
17015 
17017 
17018 
17019 
17021 
17022 
17023 
17025 
17026 
17027 
17028 
17029 
17030 
17031 
17032 
17033 
17035 
17036 
17037 
17038 
17040 
17041 
17042 
17044 
17045 
17047 
17048 
17049 
17050 
17051 
17052 
17053 
17054 
17055 
17056 
17058 
17059 
17060 
17061 
17062 
17063 
17064 
17065 
17066 
17067 
17068 
17069 
17070 
17071 
17072 
17074 
17076 
17078 
17079 
17080 
17081 
17082 
17083 
17085 
17086 
17087 
17088 
17089 
17090 
17092 
17093 
17094 
17095 
17096 
17097 
17098 
17099 
17100 
17102 
17103 
17104 
17105 
17107 
17108 
17109 
17110 
17111 
17112 
17113 
17114 
17116 
17118 
17120 
17122 
17123 
17125 
17126 
17127 
17128 
17129 
17130 
17131 
17132 
17133 
17135 
17137 
17138 
17140 
17141 
17142 
17144 
17145 
17147 
17149 
17151 
17152 
17153 
17154 
17155 
17156 
17157 
17158 
17159 
17161 
17162 
17164 
17165 
17166 
17167 
17168 
17170 
17171 
17173 
17175 
17176 
17177 
17180 
17181 
17182 
17183 
17184 
17185 
17186 
17188 
17189 
17190 
17191 
17192 
17193 
17195 
17197 
17198 
17199 
17200 
17201 
17203 
17205 
17206 
17208 
17209 
17210 
17211 
17212 
17213 
17215 
17216 
17218 
17220 
17221 
17222 
17223 
17225 
17226 
17227 
17228 
17229 
17230 
17231 
17232 
17233 
17234 
17235 
17236 
17237 
17239 
17240 
17241 
17243 
17245 
17247 
17248 
17249 
17250 
17251 
17252 
17253 
17254 
17255 
17257 
17258 
17259 
17260 
17261 
17262 
17263 
17264 
17265 
17266 
17267 
17268 
17270 
17271 
17273 
17274 
17275 
17276 
17278 
17279 
17280 
17283 
17284 
17285 
17286 
17287 
17288 
17289 
17290 
17291 
17293 
17295 
17298 
17299 
17300 
17301 
17302 
17303 
17304 
17306 
17308 
17309 
17310 
17311 
17312 
17313 
17315 
17316 
17317 
17319 
17320 
17321 
17322 
17323 
17325 
17327 
17328 
17329 
17330 
17332 
17333 
17335 
17336 
17337 
17338 
17339 
17341 
17342 
17343 
17344 
17345 
17347 
17349 
17350 
17351 
17352 
17353 
17354 
17355 
17357 
17358 
17359 
17361 
17362 
17363 
17364 
17365 
17366 
17367 
17368 
17369 
17371 
17372 
17373 
17374 
17375 
17377 
17379 
17381 
17382 
17383 
17384 
17385 
17386 
17387 
17388 
17389 
17390 
17391 
17392 
17394 
17395 
17397 
17398 
17399 
17400 
17401 
17402 
17403 
17405 
17407 
17408 
17409 
17410 
17411 
17412 
17413 
17415 
17417 
17419 
17420 
17421 
17422 
17423 
17424 
17426 
17428 
17429 
17431 
17432 
17433 
17434 
17435 
17437 
17438 
17440 
17441 
17442 
17444 
17445 
17446 
17447 
17449 
17450 
17451 
17452 
17453 
17454 
17455 
17456 
17458 
17459 
17460 
17461 
17462 
17463 
17464 
17465 
17466 
17468 
17469 
17470 
17471 
17472 
17473 
17474 
17475 
17476 
17477 
17478 
17479 
17480 
17481 
17482 
17484 
17486 
17487 
17488 
17489 
17490 
17492 
17493 
17494 
17495 
17496 
17497 
17498 
17500 
17501 
17502 
17503 
17504 
17506 
17508 
17510 
17511 
17513 
17514 
17515 
17516 
17518 
17520 
17521 
17522 
17524 
17525 
17526 
17527 
17529 
17531 
17533 
17535 
17536 
17537 
17538 
17539 
17540 
17541 
17542 
17544 
17545 
17546 
17548 
17549 
17550 
17551 
17553 
17555 
17556 
17557 
17559 
17560 
17561 
17562 
17563 
17566 
17567 
17568 
17569 
17570 
17571 
17572 
17574 
17576 
17577 
17578 
17579 
17580 
17581 
17582 
17584 
17585 
17586 
17587 
17588 
17589 
17590 
17591 
17592 
17594 
17596 
17598 
17600 
17602 
17603 
17604 
17605 
17606 
17607 
17609 
17610 
17611 
17612 
17613 
17614 
17615 
17616 
17617 
17618 
17619 
17621 
17622 
17623 
17625 
17627 
17628 
17630 
17631 
17632 
17633 
17634 
17635 
17636 
17637 
17638 
17639 
17640 
17641 
17642 
17644 
17645 
17646 
17648 
17649 
17650 
17651 
17653 
17654 
17656 
17657 
17659 
17660 
17661 
17662 
17663 
17664 
17665 
17666 
17667 
17670 
17671 
17672 
17674 
17677 
17679 
17680 
17681 
17682 
17683 
17684 
17686 
17687 
17688 
17689 
17691 
17693 
17694 
17695 
17697 
17698 
17700 
17701 
17702 
17703 
17704 
17706 
17707 
17708 
17709 
17710 
17712 
17713 
17715 
17716 
17718 
17719 
17721 
17723 
17725 
17726 
17727 
17728 
17729 
17730 
17731 
17732 
17733 
17734 
17735 
17736 
17738 
17740 
17741 
17742 
17744 
17747 
17749 
17750 
17752 
17753 
17755 
17758 
17759 
17760 
17761 
17762 
17763 
17764 
17765 
17766 
17767 
17769 
17770 
17771 
17772 
17773 
17774 
17775 
17776 
17777 
17779 
17780 
17781 
17782 
17783 
17785 
17786 
17787 
17788 
17789 
17790 
17791 
17792 
17793 
17794 
17796 
17797 
17798 
17800 
17801 
17804 
17806 
17807 
17808 
17810 
17811 
17812 
17813 
17814 
17815 
17816 
17817 
17819 
17820 
17822 
17823 
17824 
17825 
17827 
17828 
17829 
17830 
17831 
17832 
17833 
17834 
17835 
17837 
17838 
17839 
17840 
17841 
17842 
17844 
17845 
17846 
17847 
17849 
17850 
17851 
17852 
17853 
17854 
17855 
17856 
17857 
17858 
17859 
17861 
17862 
17863 
17866 
17867 
17868 
17869 
17870 
17871 
17872 
17873 
17874 
17875 
17877 
17878 
17880 
17881 
17882 
17883 
17884 
17885 
17887 
17889 
17890 
17891 
17892 
17893 
17894 
17895 
17896 
17897 
17898 
17900 
17901 
17902 
17904 
17905 
17906 
17907 
17909 
17910 
17911 
17913 
17914 
17915 
17917 
17919 
17920 
17921 
17923 
17924 
17925 
17926 
17927 
17928 
17929 
17931 
17932 
17934 
17937 
17939 
17941 
17943 
17945 
17946 
17948 
17949 
17952 
17953 
17955 
17958 
17960 
17961 
17962 
17964 
17965 
17967 
17968 
17969 
17970 
17971 
17973 
17975 
17976 
17978 
17979 
17982 
17984 
17985 
17986 
17987 
17988 
17989 
17990 
17991 
17993 
17994 
17995 
17996 
17997 
17999 
18000 
18001 
18003 
18004 
18005 
18007 
18008 
18010 
18012 
18013 
18014 
18015 
18016 
18017 
18018 
18020 
18022 
18023 
18025 
18026 
18027 
18028 
18029 
18030 
18031 
18032 
18033 
18034 
18035 
18036 
18038 
18039 
18040 
18041 
18043 
18044 
18045 
18047 
18048 
18050 
18051 
18053 
18054 
18056 
18057 
18059 
18060 
18061 
18062 
18063 
18064 
18065 
18066 
18067 
18068 
18069 
18071 
18072 
18073 
18074 
18076 
18077 
18078 
18079 
18080 
18081 
18082 
18083 
18085 
18087 
18088 
18089 
18091 
18092 
18093 
18095 
18096 
18097 
18098 
18099 
18100 
18101 
18103 
18104 
18106 
18108 
18109 
18111 
18112 
18113 
18115 
18116 
18117 
18118 
18119 
18120 
18121 
18122 
18124 
18126 
18127 
18128 
18130 
18131 
18133 
18134 
18137 
18139 
18140 
18141 
18143 
18144 
18145 
18146 
18147 
18148 
18150 
18151 
18152 
18153 
18154 
18155 
18156 
18157 
18158 
18160 
18161 
18162 
18163 
18164 
18165 
18166 
18168 
18170 
18171 
18172 
18173 
18174 
18175 
18176 
18177 
18179 
18181 
18183 
18184 
18186 
18187 
18189 
18190 
18192 
18193 
18195 
18196 
18197 
18199 
18200 
18201 
18202 
18203 
18205 
18207 
18208 
18209 
18210 
18211 
18212 
18214 
18215 
18217 
18218 
18219 
18221 
18223 
18224 
18226 
18227 
18229 
18231 
18232 
18233 
18235 
18237 
18239 
18241 
18243 
18244 
18245 
18247 
18249 
18251 
18252 
18253 
18254 
18255 
18256 
18258 
18260 
18261 
18263 
18264 
18265 
18267 
18269 
18271 
18272 
18273 
18275 
18277 
18279 
18281 
18282 
18283 
18284 
18286 
18287 
18288 
18289 
18291 
18292 
18293 
18295 
18297 
18299 
18301 
18302 
18303 
18304 
18305 
18306 
18307 
18308 
18309 
18310 
18311 
18312 
18313 
18315 
18316 
18318 
18319 
18320 
18321 
18323 
18324 
18325 
18326 
18327 
18328 
18329 
18330 
18332 
18333 
18335 
18338 
18340 
18341 
18342 
18343 
18344 
18345 
18346 
18348 
18349 
18351 
18352 
18354 
18355 
18357 
18358 
18359 
18360 
18361 
18362 
18363 
18365 
18366 
18367 
18368 
18370 
18372 
18373 
18374 
18375 
18377 
18379 
18380 
18381 
18382 
18384 
18385 
18387 
18388 
18389 
18390 
18391 
18393 
18394 
18395 
18396 
18397 
18399 
18400 
18402 
18403 
18404 
18405 
18406 
18407 
18408 
18409 
18410 
18413 
18414 
18417 
18418 
18419 
18421 
18422 
18423 
18424 
18425 
18426 
18427 
18428 
18429 
18430 
18431 
18432 
18433 
18434 
18436 
18438 
18439 
18440 
18441 
18443 
18445 
18448 
18449 
18450 
18451 
18452 
18453 
18454 
18455 
18457 
18458 
18459 
18460 
18462 
18464 
18465 
18466 
18467 
18469 
18471 
18472 
18473 
18474 
18476 
18477 
18478 
18479 
18481 
18483 
18484 
18487 
18489 
18491 
18492 
18493 
18495 
18497 
18498 
18499 
18500 
18501 
18503 
18505 
18506 
18508 
18509 
18510 
18512 
18513 
18514 
18515 
18516 
18518 
18519 
18520 
18521 
18523 
18524 
18525 
18526 
18527 
18529 
18531 
18533 
18534 
18535 
18536 
18537 
18538 
18539 
18541 
18544 
18546 
18547 
18548 
18549 
18550 
18551 
18554 
18556 
18558 
18559 
18560 
18562 
18563 
18564 
18565 
18567 
18568 
18569 
18571 
18574 
18575 
18576 
18578 
18579 
18580 
18581 
18583 
18584 
18585 
18586 
18587 
18588 
18589 
18590 
18592 
18594 
18595 
18597 
18598 
18599 
18600 
18602 
18604 
18606 
18608 
18609 
18612 
18614 
18616 
18617 
18618 
18619 
18620 
18621 
18624 
18625 
18626 
18627 
18629 
18631 
18632 
18633 
18634 
18635 
18636 
18637 
18638 
18640 
18641 
18643 
18645 
18646 
18647 
18649 
18651 
18652 
18653 
18654 
18655 
18656 
18657 
18658 
18659 
18660 
18661 
18662 
18664 
18665 
18666 
18667 
18668 
18669 
18671 
18672 
18673 
18675 
18676 
18678 
18679 
18680 
18681 
18682 
18683 
18685 
18686 
18689 
18690 
18691 
18692 
18693 
18694 
18695 
18697 
18698 
18699 
18700 
18702 
18704 
18705 
18707 
18708 
18710 
18711 
18713 
18715 
18716 
18718 
18719 
18720 
18721 
18722 
18723 
18724 
18725 
18726 
18727 
18729 
18731 
18732 
18733 
18735 
18736 
18737 
18738 
18739 
18740 
18741 
18742 
18743 
18746 
18748 
18749 
18751 
18752 
18753 
18754 
18756 
18757 
18758 
18759 
18760 
18762 
18763 
18765 
18767 
18768 
18770 
18772 
18773 
18775 
18777 
18779 
18780 
18782 
18783 
18784 
18786 
18787 
18790 
18791 
18794 
18795 
18797 
18798 
18799 
18800 
18801 
18802 
18803 
18804 
18806 
18807 
18808 
18809 
18810 
18811 
18813 
18814 
18815 
18817 
18818 
18819 
18820 
18822 
18824 
18825 
18826 
18828 
18831 
18832 
18833 
18834 
18836 
18837 
18838 
18839 
18842 
18843 
18846 
18848 
18849 
18850 
18851 
18852 
18853 
18854 
18856 
18857 
18858 
18859 
18860 
18862 
18865 
18867 
18868 
18869 
18870 
18871 
18872 
18873 
18874 
18876 
18878 
18881 
18882 
18883 
18884 
18885 
18886 
18888 
18890 
18891 
18893 
18894 
18895 
18897 
18898 
18899 
18901 
18903 
18904 
18905 
18906 
18907 
18908 
18909 
18910 
18911 
18912 
18913 
18914 
18916 
18918 
18919 
18921 
18922 
18923 
18924 
18925 
18927 
18928 
18929 
18930 
18932 
18933 
18935 
18936 
18937 
18939 
18941 
18942 
18943 
18945 
18946 
18947 
18948 
18950 
18951 
18953 
18955 
18956 
18957 
18958 
18960 
18962 
18963 
18964 
18965 
18966 
18968 
18969 
18970 
18971 
18973 
18975 
18976 
18977 
18979 
18980 
18982 
18983 
18984 
18985 
18986 
18987 
18989 
18990 
18991 
18993 
18995 
18996 
18998 
18999 
19000 
19002 
19004 
19005 
19006 
19007 
19008 
19009 
19010 
19011 
19012 
19014 
19015 
19016 
19017 
19018 
19019 
19021 
19022 
19023 
19024 
19026 
19028 
19029 
19030 
19031 
19032 
19033 
19034 
19036 
19038 
19039 
19040 
19041 
19043 
19045 
19046 
19047 
19049 
19051 
19052 
19053 
19054 
19056 
19058 
19060 
19062 
19063 
19065 
19067 
19069 
19070 
19071 
19074 
19076 
19078 
19079 
19080 
19081 
19082 
19084 
19085 
19086 
19089 
19090 
19091 
19093 
19095 
19096 
19098 
19099 
19100 
19102 
19104 
19105 
19106 
19107 
19109 
19110 
19111 
19113 
19115 
19116 
19118 
19120 
19121 
19122 
19123 
19125 
19126 
19127 
19129 
19130 
19131 
19132 
19133 
19135 
19136 
19137 
19138 
19139 
19140 
19141 
19143 
19145 
19147 
19148 
19149 
19150 
19151 
19152 
19153 
19155 
19156 
19157 
19159 
19160 
19161 
19163 
19164 
19165 
19166 
19167 
19168 
19169 
19170 
19171 
19172 
19173 
19174 
19175 
19176 
19177 
19178 
19179 
19180 
19181 
19182 
19183 
19185 
19186 
19187 
19188 
19189 
19190 
19191 
19194 
19195 
19196 
19198 
19199 
19200 
19201 
19202 
19204 
19205 
19206 
19207 
19209 
19211 
19212 
19213 
19214 
19216 
19217 
19219 
19220 
19222 
19223 
19224 
19225 
19227 
19228 
19230 
19233 
19234 
19235 
19237 
19239 
19241 
19242 
19243 
19244 
19245 
19246 
19247 
19248 
19250 
19252 
19254 
19257 
19258 
19259 
19260 
19262 
19264 
19267 
19268 
19270 
19271 
19272 
19274 
19275 
19277 
19278 
19279 
19280 
19281 
19283 
19284 
19286 
19287 
19288 
19289 
19291 
19292 
19293 
19295 
19297 
19299 
19301 
19302 
19303 
19305 
19307 
19309 
19310 
19311 
19312 
19313 
19315 
19317 
19318 
19320 
19322 
19323 
19324 
19325 
19327 
19328 
19329 
19330 
19331 
19332 
19334 
19336 
19338 
19339 
19340 
19341 
19342 
19343 
19344 
19345 
19346 
19348 
19350 
19351 
19352 
19354 
19355 
19357 
19359 
19360 
19362 
19363 
19364 
19365 
19366 
19367 
19368 
19370 
19372 
19373 
19374 
19375 
19377 
19379 
19380 
19381 
19383 
19384 
19386 
19387 
19388 
19389 
19391 
19393 
19394 
19396 
19398 
19399 
19400 
19401 
19403 
19404 
19405 
19406 
19407 
19408 
19411 
19412 
19413 
19414 
19415 
19416 
19417 
19418 
19420 
19422 
19423 
19424 
19425 
19427 
19429 
19430 
19431 
19432 
19433 
19434 
19435 
19436 
19437 
19438 
19440 
19442 
19443 
19444 
19445 
19446 
19447 
19448 
19449 
19450 
19451 
19453 
19455 
19456 
19458 
19460 
19461 
19463 
19464 
19465 
19466 
19467 
19469 
19470 
19471 
19472 
19473 
19474 
19475 
19476 
19477 
19479 
19480 
19481 
19482 
19483 
19485 
19486 
19487 
19488 
19490 
19492 
19493 
19494 
19495 
19496 
19497 
19499 
19500 
19502 
19503 
19504 
19505 
19506 
19508 
19509 
19511 
19513 
19515 
19516 
19519 
19520 
19521 
19522 
19524 
19525 
19527 
19529 
19530 
19531 
19532 
19533 
19534 
19536 
19538 
19539 
19540 
19541 
19542 
19545 
19547 
19548 
19550 
19551 
19552 
19553 
19554 
19555 
19557 
19558 
19560 
19562 
19563 
19564 
19565 
19567 
19569 
19570 
19572 
19574 
19575 
19576 
19577 
19578 
19579 
19580 
19581 
19582 
19584 
19585 
19586 
19588 
19590 
19592 
19593 
19594 
19596 
19597 
19599 
19600 
19601 
19602 
19603 
19604 
19605 
19606 
19607 
19608 
19609 
19610 
19611 
19613 
19615 
19616 
19618 
19619 
19620 
19621 
19623 
19625 
19626 
19627 
19628 
19629 
19630 
19631 
19632 
19633 
19634 
19635 
19637 
19639 
19641 
19642 
19643 
19644 
19645 
19647 
19648 
19650 
19651 
19652 
19653 
19654 
19655 
19657 
19658 
19659 
19661 
19663 
19664 
19665 
19666 
19669 
19671 
19673 
19674 
19675 
19677 
19678 
19680 
19681 
19683 
19684 
19685 
19686 
19688 
19689 
19690 
19691 
19692 
19694 
19696 
19697 
19698 
19699 
19700 
19701 
19702 
19704 
19705 
19706 
19708 
19709 
19711 
19712 
19713 
19714 
19717 
19718 
19719 
19721 
19722 
19723 
19724 
19726 
19727 
19728 
19729 
19731 
19733 
19734 
19735 
19736 
19737 
19738 
19739 
19741 
19742 
19744 
19745 
19747 
19748 
19749 
19751 
19752 
19753 
19755 
19757 
19759 
19760 
19763 
19765 
19766 
19767 
19768 
19769 
19770 
19771 
19772 
19774 
19775 
19776 
19777 
19779 
19780 
19781 
19782 
19784 
19785 
19786 
19787 
19788 
19789 
19791 
19793 
19794 
19795 
19796 
19797 
19798 
19799 
19800 
19802 
19803 
19804 
19805 
19806 
19807 
19808 
19809 
19810 
19812 
19813 
19814 
19815 
19816 
19817 
19818 
19819 
19821 
19822 
19823 
19824 
19825 
19826 
19827 
19828 
19830 
19832 
19833 
19834 
19835 
19836 
19837 
19838 
19840 
19841 
19842 
19843 
19844 
19845 
19846 
19847 
19848 
19849 
19850 
19852 
19854 
19855 
19857 
19858 
19860 
19861 
19862 
19863 
19864 
19865 
19866 
19867 
19868 
19869 
19870 
19871 
19873 
19874 
19876 
19877 
19878 
19879 
19880 
19881 
19883 
19885 
19886 
19888 
19889 
19890 
19892 
19893 
19896 
19898 
19899 
19901 
19903 
19904 
19905 
19906 
19907 
19909 
19911 
19913 
19914 
19915 
19916 
19917 
19918 
19919 
19921 
19923 
19924 
19925 
19926 
19928 
19929 
19930 
19932 
19934 
19936 
19937 
19938 
19939 
19940 
19942 
19944 
19945 
19946 
19947 
19948 
19949 
19950 
19951 
19952 
19953 
19955 
19956 
19957 
19959 
19961 
19962 
19964 
19965 
19966 
19967 
19968 
19969 
19970 
19971 
19972 
19973 
19974 
19975 
19977 
19978 
19979 
19980 
19982 
19983 
19985 
19987 
19989 
19990 
19992 
19993 
19994 
19995 
19996 
19998 
19999 
20000 
20002 
20003 
20004 
20005 
20006 
20008 
20010 
20013 
20015 
20017 
20018 
20019 
20020 
20021 
20023 
20024 
20025 
20027 
20028 
20029 
20030 
20032 
20033 
20035 
20036 
20038 
20040 
20041 
20043 
20045 
20046 
20047 
20048 
20050 
20051 
20052 
20053 
20054 
20056 
20057 
20058 
20059 
20060 
20061 
20062 
20063 
20064 
20065 
20068 
20069 
20071 
20072 
20073 
20074 
20075 
20076 
20078 
20080 
20081 
20083 
20085 
20087 
20088 
20089 
20090 
20091 
20092 
20093 
20095 
20096 
20097 
20098 
20099 
20100 
20101 
20102 
20103 
20104 
20105 
20108 
20109 
20112 
20114 
20116 
20117 
20119 
20121 
20124 
20125 
20126 
20127 
20128 
20130 
20131 
20133 
20134 
20135 
20136 
20139 
20140 
20142 
20144 
20145 
20146 
20149 
20150 
20151 
20152 
20153 
20154 
20155 
20157 
20158 
20160 
20161 
20162 
20164 
20165 
20166 
20168 
20169 
20172 
20173 
20175 
20177 
20179 
20180 
20181 
20182 
20183 
20184 
20185 
20186 
20188 
20190 
20191 
20192 
20194 
20195 
20196 
20198 
20199 
20200 
20202 
20203 
20204 
20205 
20206 
20208 
20210 
20212 
20213 
20214 
20216 
20218 
20220 
20221 
20222 
20223 
20225 
20227 
20228 
20229 
20230 
20231 
20232 
20234 
20235 
20236 
20237 
20238 
20239 
20240 
20241 
20242 
20244 
20245 
20246 
20247 
20248 
20249 
20251 
20252 
20254 
20256 
20258 
20259 
20260 
20261 
20262 
20263 
20264 
20265 
20266 
20267 
20268 
20270 
20271 
20272 
20273 
20275 
20276 
20277 
20280 
20281 
20282 
20283 
20284 
20286 
20288 
20290 
20291 
20292 
20293 
20294 
20297 
20298 
20299 
20301 
20303 
20305 
20307 
20309 
20310 
20312 
20314 
20317 
20319 
20321 
20323 
20325 
20326 
20327 
20330 
20331 
20332 
20333 
20335 
20336 
20337 
20339 
20341 
20343 
20344 
20346 
20347 
20350 
20352 
20354 
20355 
20356 
20357 
20360 
20361 
20362 
20363 
20364 
20365 
20366 
20367 
20368 
20369 
20370 
20372 
20374 
20375 
20376 
20378 
20379 
20380 
20381 
20383 
20385 
20387 
20390 
20391 
20392 
20394 
20395 
20396 
20397 
20398 
20399 
20401 
20402 
20403 
20406 
20407 
20408 
20410 
20412 
20413 
20415 
20416 
20417 
20419 
20422 
20423 
20424 
20426 
20427 
20429 
20430 
20431 
20433 
20434 
20435 
20436 
20437 
20438 
20441 
20443 
20444 
20445 
20446 
20448 
20449 
20451 
20452 
20453 
20454 
20455 
20456 
20457 
20458 
20459 
20460 
20461 
20462 
20464 
20466 
20467 
20469 
20470 
20472 
20473 
20474 
20475 
20476 
20478 
20479 
20480 
20481 
20482 
20483 
20485 
20486 
20487 
20488 
20490 
20492 
20494 
20496 
20498 
20499 
20501 
20502 
20504 
20505 
20507 
20509 
20511 
20512 
20513 
20514 
20516 
20517 
20518 
20520 
20521 
20522 
20523 
20525 
20527 
20528 
20529 
20530 
20532 
20533 
20534 
20535 
20536 
20539 
20541 
20542 
20543 
20544 
20546 
20547 
20548 
20549 
20551 
20552 
20553 
20554 
20557 
20559 
20560 
20561 
20563 
20565 
20567 
20568 
20570 
20571 
20572 
20574 
20575 
20578 
20579 
20581 
20582 
20583 
20585 
20586 
20587 
20589 
20590 
20592 
20593 
20594 
20595 
20596 
20598 
20599 
20601 
20602 
20604 
20606 
20607 
20608 
20609 
20610 
20611 
20613 
20614 
20615 
20617 
20618 
20621 
20622 
20624 
20625 
20626 
20627 
20629 
20632 
20633 
20634 
20636 
20637 
20638 
20639 
20640 
20642 
20643 
20645 
20646 
20647 
20648 
20649 
20651 
20652 
20653 
20654 
20655 
20657 
20658 
20659 
20660 
20661 
20662 
20664 
20665 
20666 
20667 
20668 
20669 
20671 
20672 
20673 
20674 
20676 
20677 
20678 
20679 
20680 
20681 
20682 
20683 
20684 
20686 
20687 
20688 
20689 
20690 
20691 
20693 
20694 
20696 
20697 
20698 
20699 
20700 
20701 
20702 
20705 
20707 
20708 
20710 
20711 
20713 
20715 
20716 
20717 
20719 
20721 
20722 
20723 
20724 
20726 
20727 
20728 
20730 
20732 
20734 
20735 
20737 
20739 
20740 
20741 
20742 
20743 
20744 
20745 
20747 
20749 
20750 
20752 
20753 
20754 
20757 
20758 
20759 
20761 
20762 
20763 
20764 
20766 
20768 
20770 
20773 
20774 
20776 
20778 
20779 
20780 
20781 
20782 
20783 
20784 
20785 
20786 
20787 
20788 
20789 
20790 
20791 
20793 
20794 
20796 
20797 
20800 
20802 
20804 
20805 
20807 
20808 
20810 
20812 
20813 
20814 
20815 
20816 
20817 
20818 
20821 
20823 
20824 
20825 
20827 
20829 
20830 
20832 
20833 
20834 
20836 
20838 
20839 
20840 
20842 
20844 
20845 
20846 
20847 
20848 
20849 
20851 
20852 
20854 
20855 
20856 
20857 
20858 
20860 
20862 
20864 
20865 
20867 
20869 
20871 
20873 
20874 
20877 
20878 
20881 
20882 
20883 
20884 
20885 
20886 
20888 
20889 
20891 
20892 
20894 
20895 
20897 
20899 
20900 
20902 
20903 
20905 
20906 
20907 
20908 
20910 
20911 
20913 
20914 
20916 
20917 
20919 
20921 
20922 
20923 
20924 
20927 
20929 
20930 
20931 
20932 
20933 
20935 
20936 
20938 
20939 
20942 
20943 
20946 
20947 
20949 
20952 
20955 
20956 
20957 
20958 
20959 
20961 
20963 
20964 
20965 
20966 
20968 
20969 
20971 
20972 
20974 
20975 
20977 
20978 
20979 
20981 
20984 
20985 
20987 
20988 
20990 
20991 
20992 
20993 
20994 
20995 
20996 
20998 
20999 
21001 
21002 
21004 
21006 
21007 
21008 
21010 
21012 
21013 
21014 
21015 
21016 
21017 
21018 
21020 
21022 
21024 
21025 
21026 
21027 
21029 
21030 
21032 
21033 
21034 
21036 
21038 
21040 
21042 
21043 
21045 
21047 
21048 
21049 
21051 
21053 
21054 
21055 
21056 
21057 
21059 
21061 
21062 
21063 
21064 
21065 
21066 
21069 
21070 
21071 
21072 
21073 
21074 
21075 
21076 
21077 
21078 
21081 
21082 
21083 
21085 
21086 
21087 
21089 
21090 
21092 
21093 
21094 
21096 
21097 
21098 
21099 
21100 
21102 
21104 
21106 
21107 
21109 
21111 
21112 
21113 
21115 
21116 
21118 
21120 
21122 
21123 
21124 
21126 
21127 
21129 
21131 
21133 
21134 
21135 
21136 
21138 
21139 
21141 
21142 
21145 
21147 
21149 
21151 
21152 
21155 
21157 
21158 
21159 
21162 
21165 
21167 
21168 
21170 
21171 
21173 
21175 
21176 
21178 
21179 
21180 
21181 
21182 
21183 
21184 
21185 
21187 
21189 
21190 
21191 
21192 
21193 
21195 
21197 
21198 
21199 
21200 
21201 
21202 
21203 
21205 
21206 
21208 
21209 
21211 
21212 
21213 
21215 
21218 
21220 
21222 
21223 
21224 
21226 
21227 
21229 
21231 
21233 
21234 
21235 
21237 
21239 
21241 
21242 
21243 
21244 
21245 
21246 
21247 
21248 
21250 
21252 
21253 
21254 
21256 
21257 
21259 
21260 
21263 
21264 
21267 
21268 
21270 
21271 
21273 
21275 
21276 
21278 
21280 
21282 
21283 
21284 
21286 
21287 
21288 
21289 
21290 
21291 
21292 
21293 
21294 
21295 
21296 
21297 
21299 
21300 
21301 
21303 
21304 
21305 
21306 
21307 
21308 
21309 
21310 
21311 
21313 
21314 
21315 
21316 
21317 
21318 
21319 
21320 
21321 
21323 
21324 
21325 
21326 
21328 
21330 
21331 
21333 
21334 
21335 
21336 
21337 
21338 
21339 
21340 
21341 
21343 
21344 
21345 
21346 
21348 
21349 
21350 
21352 
21354 
21356 
21358 
21359 
21361 
21362 
21363 
21364 
21366 
21368 
21369 
21371 
21372 
21374 
21375 
21376 
21377 
21378 
21379 
21380 
21383 
21385 
21386 
21388 
21389 
21390 
21392 
21394 
21395 
21396 
21398 
21399 
21401 
21402 
21403 
21405 
21406 
21407 
21408 
21410 
21411 
21412 
21413 
21414 
21415 
21416 
21417 
21418 
21419 
21420 
21421 
21423 
21424 
21425 
21426 
21428 
21429 
21430 
21431 
21432 
21433 
21434 
21436 
21437 
21438 
21439 
21440 
21441 
21442 
21443 
21445 
21447 
21448 
21450 
21451 
21453 
21454 
21455 
21456 
21457 
21459 
21460 
21461 
21462 
21463 
21464 
21465 
21466 
21467 
21468 
21469 
21471 
21472 
21473 
21474 
21475 
21476 
21477 
21478 
21479 
21480 
21481 
21482 
21483 
21484 
21485 
21486 
21487 
21488 
21490 
21491 
21492 
21493 
21494 
21495 
21498 
21500 
21501 
21503 
21504 
21505 
21506 
21507 
21509 
21510 
21511 
21512 
21513 
21514 
21515 
21516 
21517 
21518 
21519 
21520 
21521 
21522 
21524 
21525 
21526 
21527 
21528 
21529 
21530 
21532 
21534 
21535 
21536 
21538 
21539 
21540 
21543 
21545 
21546 
21548 
21550 
21551 
21552 
21553 
21555 
21557 
21558 
21559 
21561 
21563 
21565 
21567 
21569 
21570 
21571 
21573 
21574 
21575 
21576 
21578 
21579 
21580 
21582 
21584 
21585 
21587 
21589 
21591 
21592 
21593 
21595 
21596 
21597 
21598 
21599 
21600 
21601 
21604 
21605 
21606 
21607 
21609 
21610 
21611 
21612 
21614 
21616 
21617 
21618 
21619 
21620 
21621 
21623 
21625 
21626 
21627 
21628 
21629 
21630 
21631 
21633 
21635 
21636 
21639 
21641 
21642 
21644 
21645 
21646 
21647 
21648 
21649 
21650 
21652 
21653 
21654 
21655 
21656 
21657 
21658 
21659 
21660 
21662 
21663 
21664 
21665 
21666 
21667 
21668 
21670 
21671 
21672 
21673 
21674 
21675 
21676 
21677 
21678 
21680 
21681 
21682 
21684 
21685 
21686 
21687 
21688 
21689 
21691 
21692 
21694 
21695 
21696 
21698 
21700 
21701 
21702 
21704 
21705 
21706 
21708 
21710 
21711 
21712 
21713 
21714 
21715 
21716 
21717 
21718 
21719 
21720 
21722 
21724 
21726 
21728 
21729 
21731 
21732 
21733 
21735 
21736 
21738 
21739 
21740 
21741 
21743 
21744 
21745 
21747 
21748 
21749 
21750 
21751 
21752 
21754 
21755 
21757 
21758 
21759 
21760 
21762 
21763 
21764 
21766 
21768 
21770 
21771 
21773 
21774 
21776 
21777 
21779 
21781 
21783 
21784 
21785 
21786 
21787 
21788 
21790 
21791 
21792 
21793 
21795 
21797 
21798 
21799 
21800 
21801 
21802 
21803 
21805 
21807 
21808 
21809 
21810 
21811 
21812 
21814 
21815 
21816 
21817 
21818 
21819 
21820 
21821 
21822 
21824 
21825 
21826 
21827 
21828 
21829 
21830 
21831 
21832 
21833 
21835 
21836 
21837 
21838 
21840 
21841 
21842 
21843 
21844 
21845 
21846 
21848 
21849 
21850 
21852 
21853 
21855 
21857 
21859 
21860 
21861 
21862 
21863 
21864 
21865 
21866 
21867 
21868 
21869 
21871 
21872 
21873 
21874 
21875 
21876 
21877 
21878 
21880 
21882 
21883 
21884 
21885 
21886 
21888 
21891 
21892 
21893 
21894 
21896 
21897 
21899 
21901 
21903 
21904 
21906 
21908 
21909 
21910 
21912 
21914 
21916 
21918 
21920 
21922 
21925 
21926 
21927 
21928 
21929 
21930 
21931 
21932 
21933 
21935 
21936 
21937 
21939 
21941 
21942 
21943 
21944 
21945 
21946 
21948 
21950 
21951 
21952 
21953 
21954 
21955 
21956 
21957 
21959 
21960 
21962 
21963 
21965 
21966 
21967 
21969 
21970 
21972 
21974 
21975 
21977 
21979 
21980 
21982 
21984 
21985 
21987 
21988 
21989 
21991 
21993 
21994 
21995 
21996 
21997 
21998 
21999 
22000 
22001 
22002 
22004 
22005 
22006 
22007 
22010 
22011 
22012 
22013 
22014 
22015 
22016 
22017 
22019 
22020 
22022 
22023 
22024 
22026 
22027 
22028 
22029 
22031 
22032 
22033 
22034 
22035 
22036 
22038 
22039 
22040 
22042 
22043 
22045 
22047 
22048 
22050 
22051 
22052 
22053 
22054 
22055 
22056 
22058 
22059 
22060 
22061 
22062 
22063 
22064 
22065 
22066 
22067 
22068 
22070 
22072 
22073 
22074 
22075 
22076 
22077 
22078 
22079 
22080 
22081 
22082 
22083 
22085 
22087 
22088 
22089 
22090 
22091 
22092 
22093 
22094 
22096 
22097 
22098 
22099 
22101 
22103 
22104 
22105 
22106 
22107 
22108 
22109 
22110 
22112 
22113 
22114 
22115 
22117 
22119 
22120 
22121 
22122 
22123 
22125 
22126 
22127 
22128 
22129 
22131 
22132 
22134 
22135 
22136 
22137 
22139 
22140 
22141 
22142 
22143 
22144 
22145 
22146 
22147 
22148 
22150 
22151 
22152 
22153 
22154 
22156 
22157 
22158 
22159 
22160 
22162 
22163 
22164 
22165 
22166 
22167 
22169 
22170 
22171 
22172 
22173 
22174 
22175 
22176 
22177 
22178 
22180 
22181 
22182 
22183 
22184 
22185 
22186 
22188 
22189 
22190 
22192 
22194 
22195 
22197 
22198 
22199 
22200 
22201 
22202 
22203 
22204 
22205 
22207 
22208 
22209 
22210 
22212 
22213 
22214 
22216 
22217 
22218 
22219 
22220 
22221 
22222 
22224 
22225 
22226 
22227 
22228 
22229 
22230 
22231 
22232 
22233 
22234 
22235 
22236 
22238 
22239 
22240 
22241 
22242 
22243 
22244 
22246 
22247 
22249 
22250 
22251 
22252 
22253 
22255 
22256 
22258 
22259 
22260 
22262 
22263 
22264 
22266 
22267 
22269 
22270 
22272 
22273 
22275 
22276 
22277 
22278 
22280 
22281 
22283 
22285 
22287 
22288 
22289 
22290 
22291 
22292 
22293 
22295 
22296 
22297 
22298 
22299 
22300 
22302 
22304 
22305 
22306 
22308 
22310 
22311 
22312 
22313 
22314 
22316 
22317 
22319 
22321 
22322 
22323 
22324 
22326 
22327 
22328 
22329 
22330 
22331 
22332 
22334 
22336 
22338 
22339 
22340 
22341 
22342 
22345 
22346 
22348 
22351 
22352 
22353 
22354 
22355 
22356 
22358 
22359 
22361 
22362 
22363 
22364 
22365 
22366 
22367 
22368 
22369 
22370 
22371 
22372 
22373 
22374 
22375 
22376 
22378 
22379 
22381 
22382 
22383 
22384 
22386 
22387 
22389 
22390 
22391 
22392 
22393 
22395 
22396 
22397 
22399 
22400 
22401 
22402 
22403 
22405 
22407 
22408 
22409 
22410 
22412 
22414 
22415 
22416 
22417 
22418 
22419 
22421 
22422 
22423 
22424 
22425 
22427 
22428 
22430 
22431 
22432 
22433 
22434 
22435 
22436 
22437 
22439 
22440 
22441 
22442 
22443 
22444 
22445 
22446 
22447 
22449 
22451 
22452 
22453 
22454 
22456 
22458 
22459 
22461 
22463 
22464 
22467 
22468 
22469 
22470 
22472 
22473 
22475 
22477 
22478 
22479 
22480 
22481 
22482 
22485 
22486 
22487 
22488 
22490 
22491 
22493 
22494 
22495 
22496 
22498 
22500 
22502 
22503 
22506 
22507 
22508 
22509 
22511 
22513 
22514 
22516 
22517 
22518 
22520 
22521 
22522 
22524 
22526 
22527 
22528 
22530 
22531 
22533 
22534 
22535 
22536 
22537 
22538 
22539 
22541 
22542 
22543 
22544 
22545 
22546 
22547 
22549 
22550 
22551 
22552 
22553 
22554 
22555 
22557 
22559 
22560 
22561 
22562 
22563 
22564 
22566 
22567 
22568 
22570 
22571 
22572 
22573 
22574 
22575 
22576 
22578 
22579 
22581 
22583 
22584 
22585 
22586 
22587 
22588 
22589 
22590 
22591 
22592 
22593 
22595 
22596 
22597 
22598 
22600 
22601 
22602 
22603 
22604 
22605 
22606 
22607 
22608 
22610 
22611 
22612 
22614 
22615 
22617 
22618 
22620 
22621 
22622 
22623 
22624 
22625 
22627 
22628 
22629 
22630 
22632 
22633 
22635 
22636 
22638 
22639 
22640 
22641 
22642 
22644 
22645 
22647 
22648 
22649 
22651 
22654 
22655 
22656 
22657 
22658 
22659 
22660 
22661 
22662 
22664 
22666 
22667 
22669 
22671 
22672 
22673 
22674 
22676 
22677 
22678 
22679 
22680 
22681 
22682 
22683 
22684 
22685 
22686 
22687 
22688 
22689 
22690 
22692 
22694 
22695 
22697 
22698 
22699 
22700 
22701 
22703 
22704 
22705 
22706 
22707 
22708 
22710 
22712 
22713 
22714 
22715 
22716 
22718 
22720 
22722 
22723 
22724 
22725 
22726 
22727 
22729 
22731 
22733 
22734 
22735 
22736 
22737 
22739 
22740 
22741 
22742 
22744 
22745 
22747 
22749 
22751 
22753 
22755 
22757 
22758 
22759 
22760 
22761 
22762 
22763 
22764 
22766 
22769 
22770 
22772 
22773 
22774 
22777 
22778 
22780 
22781 
22782 
22783 
22784 
22785 
22787 
22788 
22789 
22791 
22793 
22794 
22796 
22797 
22798 
22799 
22801 
22803 
22804 
22805 
22806 
22808 
22810 
22811 
22813 
22814 
22816 
22817 
22818 
22819 
22820 
22821 
22822 
22823 
22825 
22826 
22827 
22828 
22829 
22830 
22831 
22833 
22834 
22835 
22836 
22837 
22838 
22839 
22841 
22843 
22844 
22845 
22847 
22848 
22849 
22850 
22852 
22853 
22854 
22855 
22856 
22857 
22859 
22860 
22862 
22863 
22864 
22865 
22866 
22867 
22868 
22869 
22870 
22872 
22873 
22874 
22875 
22877 
22878 
22880 
22881 
22882 
22883 
22884 
22885 
22887 
22888 
22889 
22891 
22892 
22893 
22895 
22896 
22897 
22899 
22900 
22901 
22903 
22904 
22905 
22907 
22908 
22909 
22911 
22913 
22914 
22915 
22916 
22917 
22918 
22920 
22922 
22924 
22925 
22927 
22928 
22929 
22930 
22931 
22932 
22933 
22934 
22935 
22936 
22937 
22938 
22939 
22940 
22941 
22942 
22943 
22944 
22945 
22946 
22948 
22949 
22951 
22952 
22954 
22955 
22956 
22957 
22958 
22960 
22961 
22963 
22964 
22965 
22967 
22970 
22971 
22972 
22974 
22975 
22976 
22977 
22978 
22980 
22982 
22983 
22984 
22985 
22986 
22988 
22990 
22991 
22992 
22993 
22995 
22996 
22997 
22998 
22999 
23000 
23001 
23002 
23003 
23004 
23005 
23006 
23008 
23009 
23010 
23012 
23013 
23014 
23016 
23017 
23018 
23019 
23020 
23022 
23023 
23024 
23026 
23028 
23029 
23030 
23031 
23033 
23034 
23036 
23037 
23038 
23039 
23040 
23041 
23042 
23043 
23044 
23045 
23046 
23048 
23050 
23052 
23053 
23054 
23055 
23056 
23058 
23060 
23061 
23062 
23063 
23064 
23065 
23067 
23068 
23070 
23071 
23073 
23074 
23075 
23077 
23078 
23079 
23080 
23081 
23082 
23084 
23086 
23087 
23088 
23090 
23091 
23092 
23093 
23095 
23096 
23098 
23101 
23103 
23105 
23106 
23107 
23108 
23110 
23112 
23113 
23115 
23116 
23117 
23119 
23121 
23123 
23124 
23125 
23126 
23127 
23128 
23130 
23132 
23134 
23135 
23136 
23138 
23140 
23141 
23143 
23144 
23145 
23146 
23147 
23148 
23149 
23150 
23151 
23152 
23153 
23154 
23155 
23156 
23159 
23160 
23161 
23162 
23163 
23165 
23166 
23167 
23168 
23169 
23170 
23171 
23172 
23173 
23174 
23175 
23176 
23178 
23179 
23180 
23182 
23184 
23185 
23187 
23188 
23190 
23192 
23193 
23195 
23197 
23198 
23199 
23201 
23202 
23204 
23205 
23206 
23207 
23208 
23209 
23210 
23211 
23212 
23214 
23215 
23216 
23217 
23218 
23219 
23220 
23221 
23224 
23225 
23226 
23227 
23228 
23229 
23230 
23231 
23233 
23234 
23235 
23237 
23239 
23240 
23242 
23243 
23245 
23247 
23248 
23249 
23251 
23252 
23254 
23255 
23257 
23258 
23259 
23261 
23262 
23263 
23264 
23265 
23266 
23267 
23269 
23270 
23271 
23272 
23273 
23274 
23275 
23277 
23278 
23279 
23280 
23281 
23283 
23284 
23286 
23287 
23288 
23289 
23290 
23292 
23293 
23294 
23295 
23296 
23298 
23299 
23300 
23302 
23304 
23305 
23307 
23308 
23309 
23311 
23312 
23314 
23316 
23317 
23319 
23320 
23321 
23322 
23325 
23326 
23327 
23328 
23329 
23331 
23332 
23334 
23335 
23336 
23338 
23339 
23340 
23341 
23342 
23343 
23344 
23345 
23346 
23348 
23349 
23350 
23351 
23353 
23354 
23355 
23356 
23357 
23359 
23360 
23362 
23364 
23366 
23367 
23368 
23370 
23372 
23373 
23374 
23375 
23376 
23377 
23378 
23379 
23380 
23381 
23382 
23383 
23384 
23385 
23386 
23387 
23388 
23390 
23391 
23392 
23394 
23396 
23397 
23399 
23401 
23402 
23404 
23405 
23406 
23407 
23408 
23409 
23411 
23412 
23413 
23414 
23416 
23417 
23418 
23419 
23420 
23421 
23422 
23423 
23424 
23425 
23426 
23429 
23430 
23431 
23433 
23435 
23437 
23439 
23440 
23441 
23442 
23444 
23446 
23447 
23449 
23450 
23451 
23453 
23456 
23457 
23459 
23460 
23461 
23462 
23463 
23465 
23466 
23467 
23469 
23470 
23472 
23473 
23474 
23475 
23477 
23478 
23479 
23482 
23483 
23484 
23486 
23487 
23488 
23489 
23491 
23493 
23494 
23495 
23497 
23499 
23500 
23501 
23502 
23504 
23505 
23506 
23507 
23509 
23510 
23512 
23514 
23518 
23520 
23521 
23523 
23524 
23525 
23527 
23529 
23530 
23532 
23534 
23535 
23536 
23538 
23540 
23542 
23543 
23544 
23545 
23546 
23547 
23548 
23549 
23551 
23552 
23554 
23558 
23559 
23560 
23561 
23562 
23563 
23565 
23566 
23567 
23568 
23570 
23571 
23572 
23573 
23574 
23576 
23577 
23578 
23579 
23580 
23581 
23582 
23584 
23585 
23587 
23588 
23590 
23591 
23592 
23593 
23597 
23599 
23601 
23602 
23604 
23605 
23606 
23607 
23608 
23610 
23611 
23612 
23613 
23614 
23615 
23616 
23617 
23618 
23619 
23621 
23622 
23623 
23625 
23626 
23627 
23628 
23631 
23632 
23636 
23637 
23638 
23640 
23642 
23644 
23646 
23647 
23648 
23649 
23650 
23651 
23652 
23654 
23655 
23656 
23657 
23659 
23660 
23662 
23664 
23665 
23668 
23669 
23671 
23672 
23673 
23674 
23675 
23676 
23677 
23678 
23679 
23680 
23681 
23682 
23683 
23685 
23686 
23687 
23688 
23689 
23690 
23691 
23692 
23693 
23694 
23697 
23699 
23700 
23701 
23702 
23703 
23705 
23706 
23708 
23709 
23710 
23711 
23712 
23715 
23716 
23717 
23720 
23721 
23722 
23723 
23724 
23725 
23726 
23728 
23729 
23730 
23731 
23732 
23734 
23735 
23736 
23737 
23739 
23740 
23741 
23742 
23743 
23744 
23745 
23747 
23748 
23750 
23751 
23753 
23754 
23755 
23757 
23759 
23760 
23761 
23762 
23764 
23766 
23767 
23769 
23770 
23772 
23773 
23774 
23775 
23776 
23777 
23778 
23780 
23781 
23782 
23783 
23784 
23785 
23787 
23788 
23789 
23790 
23791 
23792 
23793 
23795 
23796 
23798 
23799 
23800 
23801 
23802 
23804 
23806 
23807 
23808 
23810 
23812 
23813 
23814 
23815 
23817 
23819 
23821 
23822 
23824 
23826 
23827 
23828 
23830 
23831 
23832 
23834 
23835 
23837 
23838 
23839 
23840 
23841 
23843 
23844 
23845 
23847 
23848 
23849 
23850 
23851 
23853 
23854 
23855 
23856 
23857 
23858 
23859 
23860 
23861 
23862 
23865 
23866 
23867 
23868 
23870 
23871 
23872 
23874 
23876 
23877 
23878 
23879 
23880 
23881 
23882 
23884 
23886 
23887 
23889 
23890 
23891 
23893 
23896 
23898 
23899 
23901 
23902 
23904 
23905 
23907 
23908 
23909 
23910 
23911 
23912 
23913 
23915 
23916 
23917 
23919 
23920 
23921 
23922 
23923 
23924 
23925 
23926 
23927 
23928 
23929 
23930 
23931 
23933 
23935 
23936 
23937 
23938 
23939 
23940 
23941 
23942 
23943 
23944 
23945 
23946 
23947 
23949 
23950 
23951 
23952 
23954 
23955 
23956 
23957 
23959 
23961 
23962 
23963 
23964 
23965 
23967 
23968 
23971 
23972 
23973 
23974 
23975 
23976 
23978 
23979 
23981 
23982 
23983 
23985 
23986 
23988 
23990 
23992 
23994 
23995 
23996 
23998 
24000 
24002 
24003 
24004 
24005 
24006 
24007 
24008 
24010 
24011 
24013 
24014 
24015 
24016 
24017 
24018 
24019 
24020 
24021 
24022 
24023 
24024 
24026 
24027 
24029 
24030 
24031 
24033 
24035 
24037 
24038 
24040 
24042 
24043 
24045 
24046 
24047 
24048 
24049 
24050 
24051 
24053 
24054 
24055 
24056 
24057 
24058 
24059 
24062 
24063 
24065 
24066 
24068 
24069 
24071 
24072 
24073 
24075 
24076 
24077 
24078 
24080 
24081 
24082 
24083 
24084 
24086 
24087 
24088 
24089 
24091 
24092 
24094 
24095 
24096 
24097 
24099 
24100 
24101 
24102 
24104 
24105 
24106 
24107 
24108 
24110 
24111 
24112 
24113 
24114 
24115 
24116 
24117 
24118 
24119 
24120 
24121 
24122 
24123 
24125 
24127 
24128 
24130 
24131 
24132 
24133 
24134 
24135 
24137 
24138 
24139 
24140 
24142 
24143 
24144 
24145 
24146 
24147 
24148 
24150 
24152 
24154 
24155 
24156 
24157 
24159 
24160 
24162 
24164 
24165 
24166 
24167 
24168 
24169 
24170 
24172 
24173 
24175 
24176 
24177 
24179 
24180 
24181 
24182 
24184 
24185 
24186 
24188 
24189 
24190 
24191 
24192 
24193 
24195 
24196 
24197 
24198 
24199 
24201 
24202 
24203 
24205 
24206 
24208 
24209 
24211 
24213 
24214 
24215 
24217 
24218 
24221 
24222 
24224 
24226 
24227 
24229 
24231 
24232 
24233 
24235 
24237 
24238 
24239 
24241 
24242 
24243 
24244 
24246 
24247 
24248 
24250 
24251 
24253 
24254 
24255 
24257 
24258 
24259 
24260 
24263 
24264 
24266 
24267 
24268 
24270 
24271 
24272 
24273 
24274 
24275 
24276 
24278 
24279 
24280 
24281 
24283 
24284 
24285 
24286 
24287 
24288 
24289 
24290 
24291 
24292 
24293 
24294 
24295 
24296 
24297 
24299 
24301 
24302 
24303 
24304 
24306 
24307 
24309 
24311 
24312 
24315 
24316 
24317 
24318 
24320 
24321 
24322 
24323 
24324 
24325 
24326 
24327 
24328 
24329 
24330 
24331 
24333 
24334 
24335 
24336 
24339 
24340 
24341 
24342 
24343 
24344 
24345 
24346 
24347 
24348 
24349 
24350 
24351 
24352 
24353 
24355 
24357 
24358 
24359 
24360 
24361 
24363 
24364 
24365 
24366 
24368 
24369 
24370 
24371 
24372 
24373 
24375 
24377 
24378 
24380 
24381 
24382 
24383 
24385 
24386 
24387 
24388 
24389 
24390 
24391 
24393 
24395 
24397 
24398 
24399 
24400 
24401 
24402 
24404 
24405 
24406 
24407 
24409 
24410 
24411 
24413 
24414 
24415 
24416 
24418 
24419 
24420 
24422 
24423 
24424 
24426 
24427 
24428 
24430 
24431 
24433 
24434 
24435 
24436 
24437 
24438 
24439 
24440 
24442 
24443 
24444 
24445 
24447 
24448 
24450 
24451 
24452 
24453 
24454 
24456 
24457 
24458 
24459 
24461 
24462 
24464 
24465 
24466 
24467 
24468 
24469 
24470 
24472 
24475 
24478 
24479 
24480 
24481 
24484 
24486 
24488 
24489 
24490 
24491 
24493 
24494 
24495 
24496 
24497 
24498 
24499 
24500 
24501 
24504 
24506 
24507 
24508 
24509 
24510 
24511 
24512 
24513 
24514 
24516 
24517 
24518 
24519 
24521 
24522 
24523 
24524 
24525 
24526 
24527 
24529 
24530 
24533 
24534 
24535 
24536 
24537 
24539 
24541 
24542 
24544 
24545 
24546 
24547 
24548 
24549 
24550 
24551 
24553 
24554 
24556 
24557 
24558 
24560 
24561 
24562 
24563 
24564 
24565 
24567 
24569 
24570 
24571 
24573 
24574 
24575 
24576 
24578 
24580 
24582 
24583 
24584 
24585 
24587 
24588 
24589 
24590 
24591 
24593 
24594 
24595 
24596 
24597 
24598 
24599 
24600 
24601 
24602 
24603 
24604 
24605 
24607 
24609 
24610 
24611 
24612 
24613 
24614 
24616 
24617 
24618 
24620 
24622 
24623 
24624 
24625 
24626 
24627 
24628 
24630 
24632 
24633 
24634 
24635 
24636 
24638 
24639 
24640 
24641 
24642 
24643 
24644 
24646 
24648 
24650 
24651 
24652 
24653 
24654 
24655 
24657 
24658 
24659 
24660 
24661 
24662 
24664 
24665 
24667 
24669 
24671 
24673 
24674 
24676 
24678 
24680 
24681 
24683 
24685 
24687 
24689 
24690 
24691 
24692 
24694 
24695 
24696 
24698 
24700 
24701 
24703 
24704 
24706 
24707 
24708 
24710 
24712 
24714 
24715 
24716 
24717 
24718 
24720 
24721 
24723 
24724 
24725 
24726 
24727 
24728 
24729 
24730 
24731 
24732 
24733 
24734 
24735 
24737 
24738 
24740 
24741 
24742 
24743 
24744 
24746 
24748 
24749 
24750 
24752 
24753 
24754 
24755 
24756 
24757 
24758 
24760 
24761 
24762 
24763 
24764 
24766 
24767 
24768 
24770 
24771 
24773 
24774 
24775 
24776 
24777 
24779 
24780 
24781 
24782 
24785 
24786 
24787 
24788 
24789 
24790 
24791 
24792 
24793 
24794 
24796 
24797 
24798 
24800 
24801 
24802 
24803 
24804 
24806 
24807 
24809 
24810 
24811 
24814 
24815 
24816 
24817 
24818 
24819 
24820 
24821 
24822 
24823 
24825 
24826 
24827 
24829 
24830 
24831 
24833 
24834 
24835 
24837 
24839 
24840 
24841 
24842 
24843 
24844 
24845 
24846 
24848 
24849 
24850 
24852 
24853 
24854 
24855 
24856 
24857 
24859 
24860 
24861 
24862 
24863 
24865 
24866 
24867 
24869 
24870 
24871 
24872 
24873 
24874 
24875 
24876 
24878 
24880 
24881 
24882 
24883 
24885 
24886 
24887 
24889 
24890 
24892 
24893 
24894 
24895 
24897 
24898 
24899 
24900 
24901 
24902 
24904 
24905 
24906 
24907 
24908 
24910 
24911 
24912 
24914 
24916 
24918 
24919 
24920 
24921 
24922 
24923 
24924 
24925 
24926 
24927 
24929 
24930 
24931 
24932 
24933 
24934 
24936 
24937 
24939 
24941 
24942 
24944 
24945 
24946 
24948 
24950 
24952 
24953 
24955 
24956 
24957 
24958 
24959 
24960 
24961 
24962 
24963 
24964 
24965 
24966 
24968 
24969 
24970 
24973 
24974 
24975 
24977 
24979 
24980 
24981 
24982 
24983 
24984 
24985 
24986 
24987 
24988 
24990 
24991 
24992 
24993 
24994 
24996 
24998 
24999 
25000 
25001 
25002 
25003 
25004 
25005 
25006 
25008 
25010 
25012 
25013 
25014 
25015 
25016 
25018 
25019 
25020 
25021 
25022 
25023 
25025 
25026 
25028 
25030 
25032 
25033 
25034 
25035 
25037 
25038 
25039 
25040 
25041 
25043 
25044 
25045 
25047 
25048 
25049 
25051 
25052 
25054 
25055 
25057 
25058 
25060 
25062 
25063 
25064 
25065 
25066 
25067 
25069 
25070 
25071 
25073 
25075 
25077 
25079 
25080 
25081 
25082 
25083 
25084 
25085 
25086 
25087 
25088 
25089 
25090 
25091 
25092 
25094 
25095 
25097 
25098 
25100 
25101 
25103 
25104 
25106 
25107 
25108 
25109 
25110 
25111 
25113 
25114 
25116 
25119 
25120 
25121 
25122 
25123 
25126 
25127 
25128 
25129 
25130 
25131 
25132 
25133 
25134 
25135 
25136 
25137 
25138 
25139 
25141 
25143 
25144 
25146 
25147 
25148 
25149 
25151 
25152 
25155 
25156 
25158 
25160 
25161 
25163 
25165 
25166 
25167 
25168 
25171 
25172 
25173 
25174 
25175 
25176 
25177 
25178 
25179 
25180 
25181 
25182 
25184 
25185 
25186 
25189 
25191 
25192 
25193 
25194 
25196 
25197 
25199 
25200 
25201 
25202 
25204 
25205 
25207 
25208 
25209 
25210 
25211 
25213 
25214 
25215 
25216 
25217 
25218 
25219 
25220 
25221 
25222 
25224 
25226 
25227 
25228 
25229 
25230 
25233 
25234 
25235 
25236 
25237 
25238 
25240 
25242 
25244 
25247 
25249 
25252 
25253 
25254 
25255 
25256 
25257 
25258 
25259 
25260 
25261 
25262 
25264 
25265 
25266 
25268 
25269 
25271 
25273 
25275 
25276 
25278 
25279 
25281 
25282 
25283 
25284 
25285 
25286 
25287 
25288 
25290 
25291 
25292 
25293 
25295 
25296 
25298 
25299 
25301 
25302 
25303 
25304 
25305 
25306 
25307 
25308 
25309 
25310 
25311 
25313 
25314 
25315 
25317 
25318 
25319 
25320 
25321 
25322 
25323 
25324 
25325 
25326 
25328 
25329 
25331 
25332 
25333 
25335 
25338 
25339 
25341 
25342 
25343 
25345 
25346 
25347 
25348 
25350 
25351 
25352 
25353 
25355 
25356 
25357 
25358 
25360 
25362 
25363 
25364 
25365 
25366 
25367 
25368 
25369 
25370 
25371 
25372 
25373 
25374 
25375 
25377 
25378 
25380 
25381 
25382 
25384 
25386 
25387 
25388 
25389 
25390 
25392 
25394 
25395 
25396 
25397 
25398 
25399 
25401 
25402 
25404 
25405 
25406 
25407 
25408 
25409 
25410 
25411 
25412 
25413 
25414 
25415 
25416 
25417 
25419 
25420 
25421 
25422 
25424 
25425 
25428 
25429 
25430 
25431 
25432 
25433 
25434 
25436 
25437 
25439 
25441 
25442 
25443 
25445 
25447 
25449 
25451 
25452 
25453 
25454 
25455 
25456 
25457 
25459 
25461 
25463 
25464 
25465 
25466 
25468 
25470 
25471 
25472 
25473 
25474 
25475 
25476 
25477 
25478 
25479 
25480 
25481 
25483 
25484 
25485 
25487 
25488 
25490 
25492 
25494 
25496 
25498 
25499 
25500 
25502 
25503 
25504 
25505 
25506 
25508 
25509 
25510 
25511 
25512 
25513 
25515 
25516 
25518 
25519 
25520 
25522 
25523 
25524 
25525 
25526 
25527 
25528 
25529 
25530 
25531 
25532 
25533 
25534 
25535 
25536 
25538 
25539 
25540 
25542 
25544 
25545 
25546 
25547 
25548 
25549 
25551 
25552 
25553 
25554 
25555 
25557 
25558 
25559 
25560 
25561 
25562 
25565 
25566 
25567 
25569 
25570 
25572 
25573 
25574 
25575 
25577 
25578 
25579 
25581 
25582 
25584 
25585 
25586 
25587 
25588 
25590 
25591 
25592 
25594 
25595 
25596 
25597 
25599 
25600 
25602 
25604 
25606 
25607 
25608 
25609 
25611 
25612 
25613 
25614 
25616 
25617 
25619 
25620 
25621 
25622 
25623 
25624 
25625 
25627 
25629 
25630 
25631 
25633 
25634 
25635 
25636 
25638 
25640 
25641 
25643 
25644 
25645 
25647 
25648 
25649 
25650 
25652 
25653 
25655 
25656 
25657 
25658 
25659 
25660 
25661 
25662 
25663 
25664 
25665 
25667 
25668 
25670 
25671 
25673 
25674 
25675 
25677 
25678 
25680 
25682 
25684 
25685 
25686 
25687 
25689 
25690 
25691 
25692 
25694 
25696 
25697 
25698 
25700 
25701 
25702 
25704 
25705 
25706 
25708 
25710 
25711 
25713 
25714 
25716 
25717 
25718 
25719 
25722 
25723 
25724 
25725 
25726 
25727 
25728 
25729 
25730 
25732 
25733 
25734 
25735 
25736 
25738 
25739 
25740 
25741 
25743 
25744 
25745 
25748 
25750 
25752 
25753 
25754 
25755 
25756 
25757 
25758 
25759 
25760 
25761 
25762 
25763 
25764 
25765 
25766 
25767 
25768 
25769 
25770 
25772 
25774 
25775 
25776 
25777 
25778 
25779 
25780 
25782 
25783 
25784 
25785 
25786 
25787 
25789 
25790 
25791 
25793 
25794 
25795 
25796 
25798 
25799 
25800 
25801 
25802 
25804 
25805 
25806 
25807 
25809 
25811 
25812 
25813 
25814 
25815 
25817 
25818 
25820 
25822 
25823 
25824 
25826 
25828 
25829 
25830 
25832 
25833 
25834 
25835 
25836 
25837 
25838 
25840 
25841 
25842 
25843 
25844 
25846 
25848 
25849 
25851 
25853 
25855 
25856 
25857 
25859 
25860 
25861 
25862 
25863 
25865 
25866 
25867 
25869 
25870 
25871 
25872 
25873 
25875 
25876 
25877 
25878 
25879 
25880 
25881 
25883 
25884 
25885 
25886 
25887 
25888 
25889 
25890 
25891 
25892 
25893 
25894 
25896 
25897 
25898 
25899 
25900 
25901 
25903 
25904 
25906 
25907 
25909 
25910 
25911 
25912 
25913 
25914 
25915 
25917 
25918 
25919 
25921 
25922 
25923 
25924 
25925 
25927 
25928 
25930 
25931 
25932 
25933 
25935 
25936 
25937 
25938 
25940 
25941 
25942 
25943 
25944 
25945 
25946 
25949 
25950 
25951 
25954 
25955 
25956 
25957 
25959 
25961 
25962 
25964 
25965 
25966 
25967 
25968 
25969 
25970 
25971 
25972 
25973 
25974 
25977 
25979 
25980 
25981 
25982 
25983 
25984 
25985 
25986 
25988 
25989 
25990 
25991 
25992 
25994 
25995 
25996 
25997 
25999 
26000 
26001 
26004 
26005 
26006 
26007 
26009 
26010 
26011 
26013 
26014 
26016 
26017 
26018 
26019 
26021 
26022 
26023 
26025 
26026 
26027 
26028 
26029 
26030 
26032 
26033 
26034 
26035 
26036 
26037 
26039 
26040 
26042 
26044 
26045 
26046 
26047 
26048 
26050 
26051 
26052 
26053 
26054 
26055 
26056 
26058 
26060 
26062 
26064 
26065 
26067 
26069 
26070 
26072 
26074 
26075 
26077 
26079 
26080 
26081 
26082 
26084 
26085 
26087 
26089 
26090 
26092 
26093 
26095 
26096 
26097 
26099 
26100 
26102 
26104 
26105 
26106 
26107 
26109 
26110 
26112 
26113 
26114 
26115 
26116 
26118 
26119 
26120 
26121 
26122 
26123 
26125 
26126 
26127 
26128 
26129 
26131 
26132 
26133 
26134 
26136 
26137 
26139 
26140 
26141 
26143 
26144 
26145 
26146 
26147 
26149 
26150 
26151 
26152 
26153 
26155 
26156 
26157 
26158 
26159 
26160 
26162 
26163 
26165 
26167 
26168 
26169 
26170 
26172 
26174 
26175 
26176 
26177 
26178 
26180 
26182 
26183 
26184 
26185 
26186 
26187 
26188 
26189 
26191 
26192 
26194 
26195 
26196 
26198 
26200 
26201 
26203 
26204 
26205 
26206 
26207 
26208 
26209 
26210 
26211 
26212 
26214 
26215 
26216 
26217 
26218 
26219 
26220 
26222 
26223 
26225 
26226 
26228 
26230 
26232 
26233 
26234 
26235 
26236 
26237 
26239 
26240 
26241 
26243 
26244 
26246 
26248 
26249 
26250 
26251 
26252 
26253 
26255 
26256 
26257 
26258 
26259 
26261 
26262 
26263 
26265 
26267 
26268 
26270 
26271 
26272 
26274 
26275 
26276 
26277 
26278 
26280 
26281 
26282 
26283 
26284 
26285 
26286 
26287 
26288 
26290 
26291 
26292 
26293 
26295 
26296 
26297 
26299 
26300 
26302 
26303 
26305 
26306 
26307 
26308 
26309 
26310 
26311 
26312 
26313 
26314 
26316 
26317 
26319 
26320 
26321 
26323 
26324 
26325 
26327 
26328 
26329 
26330 
26331 
26333 
26334 
26335 
26337 
26338 
26339 
26340 
26341 
26342 
26344 
26347 
26348 
26349 
26350 
26351 
26354 
26355 
26356 
26358 
26360 
26361 
26362 
26363 
26365 
26366 
26367 
26368 
26369 
26370 
26371 
26372 
26373 
26374 
26375 
26376 
26378 
26379 
26380 
26382 
26383 
26384 
26385 
26386 
26388 
26389 
26391 
26392 
26394 
26395 
26397 
26398 
26400 
26401 
26402 
26403 
26405 
26406 
26407 
26409 
26410 
26412 
26414 
26415 
26416 
26417 
26418 
26419 
26420 
26422 
26423 
26424 
26425 
26426 
26427 
26428 
26430 
26431 
26432 
26434 
26436 
26438 
26440 
26441 
26442 
26444 
26445 
26447 
26448 
26449 
26450 
26452 
26453 
26456 
26459 
26460 
26461 
26462 
26463 
26464 
26465 
26467 
26468 
26470 
26471 
26472 
26475 
26476 
26477 
26478 
26479 
26480 
26481 
26482 
26483 
26484 
26485 
26486 
26487 
26488 
26489 
26491 
26492 
26493 
26494 
26495 
26497 
26498 
26499 
26500 
26501 
26504 
26506 
26507 
26508 
26509 
26511 
26512 
26514 
26516 
26517 
26518 
26520 
26521 
26522 
26525 
26526 
26527 
26528 
26529 
26530 
26531 
26532 
26533 
26534 
26535 
26536 
26537 
26538 
26540 
26542 
26543 
26544 
26547 
26548 
26549 
26550 
26551 
26552 
26553 
26554 
26556 
26558 
26561 
26563 
26565 
26566 
26567 
26568 
26570 
26572 
26573 
26574 
26575 
26576 
26577 
26579 
26580 
26581 
26582 
26583 
26584 
26585 
26586 
26587 
26588 
26589 
26590 
26591 
26592 
26594 
26596 
26598 
26599 
26601 
26603 
26605 
26607 
26608 
26609 
26610 
26611 
26613 
26614 
26615 
26616 
26617 
26619 
26620 
26621 
26622 
26623 
26624 
26625 
26626 
26628 
26630 
26631 
26632 
26634 
26635 
26636 
26638 
26639 
26640 
26641 
26642 
26643 
26644 
26645 
26646 
26648 
26649 
26650 
26651 
26652 
26653 
26654 
26655 
26656 
26658 
26659 
26661 
26662 
26663 
26665 
26666 
26667 
26669 
26670 
26672 
26674 
26675 
26676 
26678 
26680 
26681 
26682 
26683 
26684 
26685 
26686 
26688 
26690 
26691 
26692 
26693 
26694 
26695 
26696 
26697 
26698 
26699 
26700 
26701 
26703 
26704 
26706 
26708 
26709 
26710 
26711 
26712 
26714 
26716 
26717 
26719 
26720 
26722 
26724 
26726 
26727 
26728 
26729 
26731 
26733 
26734 
26736 
26737 
26738 
26739 
26740 
26742 
26743 
26744 
26745 
26746 
26748 
26749 
26750 
26751 
26752 
26754 
26756 
26758 
26759 
26760 
26761 
26763 
26764 
26766 
26767 
26768 
26770 
26771 
26772 
26774 
26776 
26778 
26780 
26781 
26782 
26783 
26784 
26786 
26787 
26789 
26790 
26791 
26792 
26793 
26794 
26796 
26798 
26800 
26801 
26803 
26805 
26807 
26808 
26810 
26811 
26812 
26813 
26814 
26815 
26817 
26818 
26820 
26822 
26823 
26825 
26826 
26827 
26828 
26829 
26831 
26833 
26834 
26835 
26837 
26838 
26840 
26841 
26842 
26844 
26845 
26847 
26849 
26851 
26852 
26853 
26854 
26855 
26856 
26858 
26859 
26861 
26862 
26863 
26864 
26865 
26866 
26868 
26869 
26870 
26872 
26873 
26874 
26875 
26876 
26878 
26879 
26880 
26882 
26883 
26884 
26885 
26887 
26889 
26890 
26891 
26892 
26894 
26897 
26898 
26899 
26901 
26903 
26904 
26905 
26906 
26907 
26908 
26909 
26910 
26912 
26914 
26915 
26916 
26917 
26918 
26920 
26922 
26923 
26924 
26925 
26926 
26927 
26928 
26930 
26932 
26934 
26935 
26936 
26937 
26939 
26940 
26941 
26942 
26943 
26944 
26945 
26946 
26948 
26950 
26951 
26952 
26953 
26954 
26955 
26958 
26959 
26960 
26962 
26963 
26964 
26966 
26968 
26969 
26970 
26971 
26972 
26973 
26975 
26976 
26977 
26978 
26979 
26980 
26981 
26982 
26983 
26985 
26987 
26988 
26990 
26991 
26992 
26993 
26995 
26997 
26998 
27000 
27001 
27002 
27003 
27004 
27005 
27006 
27008 
27009 
27010 
27012 
27013 
27014 
27015 
27016 
27017 
27018 
27019 
27020 
27021 
27022 
27023 
27024 
27025 
27026 
27027 
27028 
27029 
27030 
27032 
27034 
27036 
27037 
27038 
27039 
27040 
27041 
27042 
27043 
27045 
27047 
27048 
27049 
27050 
27051 
27052 
27054 
27055 
27057 
27058 
27059 
27061 
27063 
27064 
27065 
27066 
27067 
27068 
27070 
27071 
27072 
27073 
27074 
27076 
27078 
27079 
27080 
27081 
27082 
27084 
27086 
27088 
27090 
27091 
27092 
27093 
27094 
27095 
27096 
27098 
27099 
27101 
27102 
27104 
27105 
27106 
27108 
27110 
27111 
27113 
27114 
27115 
27116 
27117 
27118 
27119 
27121 
27122 
27124 
27125 
27127 
27129 
27130 
27132 
27133 
27135 
27137 
27138 
27139 
27140 
27141 
27143 
27144 
27146 
27147 
27149 
27150 
27151 
27152 
27153 
27154 
27155 
27157 
27158 
27159 
27160 
27161 
27162 
27163 
27164 
27165 
27167 
27168 
27169 
27172 
27173 
27175 
27176 
27178 
27180 
27181 
27182 
27183 
27185 
27186 
27187 
27188 
27190 
27191 
27192 
27193 
27194 
27195 
27197 
27198 
27199 
27200 
27202 
27203 
27205 
27207 
27209 
27211 
27212 
27213 
27214 
27216 
27218 
27220 
27221 
27222 
27224 
27226 
27227 
27229 
27231 
27232 
27233 
27234 
27235 
27236 
27237 
27238 
27239 
27240 
27242 
27244 
27245 
27246 
27247 
27249 
27250 
27251 
27252 
27253 
27254 
27256 
27257 
27258 
27259 
27260 
27262 
27264 
27265 
27266 
27267 
27268 
27270 
27271 
27272 
27274 
27275 
27277 
27279 
27280 
27282 
27284 
27285 
27286 
27287 
27288 
27290 
27291 
27293 
27294 
27295 
27296 
27297 
27299 
27300 
27302 
27304 
27305 
27306 
27307 
27308 
27309 
27311 
27312 
27313 
27315 
27316 
27317 
27318 
27320 
27323 
27324 
27325 
27326 
27327 
27328 
27330 
27332 
27333 
27334 
27335 
27337 
27338 
27339 
27341 
27343 
27344 
27345 
27347 
27349 
27351 
27353 
27354 
27355 
27356 
27357 
27358 
27359 
27360 
27361 
27363 
27364 
27365 
27366 
27367 
27368 
27369 
27371 
27373 
27374 
27375 
27377 
27378 
27381 
27383 
27384 
27387 
27388 
27389 
27390 
27391 
27392 
27394 
27395 
27397 
27398 
27399 
27400 
27402 
27403 
27404 
27405 
27406 
27407 
27409 
27410 
27411 
27413 
27414 
27415 
27417 
27418 
27420 
27421 
27422 
27424 
27426 
27427 
27428 
27429 
27431 
27432 
27433 
27435 
27436 
27439 
27441 
27443 
27444 
27446 
27448 
27449 
27450 
27451 
27453 
27455 
27456 
27458 
27459 
27460 
27462 
27463 
27464 
27465 
27466 
27467 
27468 
27469 
27471 
27472 
27473 
27474 
27476 
27478 
27480 
27482 
27483 
27484 
27486 
27487 
27489 
27490 
27492 
27493 
27494 
27495 
27496 
27497 
27498 
27500 
27501 
27502 
27503 
27505 
27506 
27508 
27509 
27510 
27511 
27513 
27514 
27516 
27518 
27519 
27520 
27521 
27522 
27523 
27524 
27526 
27528 
27530 
27531 
27533 
27535 
27537 
27538 
27540 
27541 
27543 
27545 
27546 
27547 
27548 
27549 
27551 
27553 
27555 
27556 
27558 
27560 
27562 
27565 
27566 
27568 
27569 
27570 
27572 
27573 
27574 
27575 
27576 
27577 
27578 
27579 
27581 
27583 
27585 
27586 
27588 
27589 
27591 
27592 
27593 
27594 
27595 
27596 
27597 
27599 
27600 
27601 
27602 
27603 
27604 
27605 
27606 
27608 
27610 
27611 
27612 
27614 
27615 
27616 
27617 
27618 
27619 
27621 
27623 
27624 
27625 
27626 
27629 
27630 
27631 
27633 
27634 
27636 
27637 
27638 
27640 
27642 
27643 
27644 
27645 
27647 
27648 
27650 
27651 
27652 
27653 
27655 
27656 
27658 
27659 
27660 
27661 
27663 
27665 
27667 
27669 
27670 
27671 
27672 
27674 
27676 
27677 
27678 
27679 
27680 
27681 
27683 
27684 
27685 
27687 
27689 
27690 
27691 
27692 
27693 
27695 
27696 
27697 
27698 
27699 
27700 
27701 
27702 
27703 
27705 
27706 
27707 
27708 
27709 
27710 
27711 
27713 
27714 
27716 
27718 
27719 
27720 
27721 
27722 
27723 
27724 
27726 
27728 
27729 
27730 
27731 
27733 
27735 
27736 
27737 
27738 
27739 
27740 
27742 
27743 
27744 
27745 
27746 
27747 
27748 
27749 
27750 
27751 
27753 
27755 
27757 
27758 
27759 
27760 
27762 
27763 
27765 
27767 
27768 
27769 
27770 
27771 
27772 
27774 
27775 
27776 
27777 
27779 
27780 
27781 
27783 
27785 
27786 
27787 
27788 
27790 
27791 
27792 
27793 
27794 
27796 
27798 
27800 
27802 
27803 
27804 
27805 
27806 
27807 
27808 
27810 
27811 
27812 
27813 
27815 
27817 
27818 
27819 
27821 
27822 
27824 
27826 
27827 
27828 
27830 
27831 
27832 
27833 
27834 
27835 
27837 
27838 
27839 
27840 
27842 
27844 
27846 
27848 
27850 
27851 
27853 
27854 
27856 
27858 
27859 
27860 
27861 
27862 
27864 
27865 
27867 
27868 
27869 
27871 
27872 
27873 
27874 
27875 
27876 
27878 
27879 
27880 
27881 
27883 
27884 
27885 
27886 
27887 
27888 
27889 
27890 
27892 
27894 
27897 
27898 
27900 
27902 
27903 
27904 
27906 
27907 
27908 
27909 
27911 
27912 
27913 
27914 
27916 
27917 
27919 
27921 
27923 
27925 
27926 
27927 
27929 
27931 
27932 
27934 
27935 
27936 
27937 
27938 
27939 
27940 
27941 
27943 
27944 
27945 
27946 
27947 
27948 
27949 
27950 
27951 
27952 
27953 
27954 
27955 
27957 
27959 
27961 
27963 
27964 
27966 
27967 
27969 
27970 
27971 
27972 
27973 
27975 
27976 
27977 
27979 
27981 
27982 
27983 
27984 
27985 
27986 
27988 
27989 
27990 
27992 
27993 
27994 
27996 
27997 
27998 
27999 
28000 
28001 
28003 
28005 
28007 
28008 
28010 
28011 
28012 
28014 
28015 
28016 
28017 
28019 
28021 
28023 
28024 
28025 
28026 
28027 
28028 
28029 
28030 
28031 
28033 
28034 
28036 
28037 
28038 
28040 
28043 
28044 
28045 
28047 
28049 
28051 
28053 
28054 
28055 
28057 
28059 
28060 
28061 
28062 
28063 
28064 
28065 
28066 
28067 
28068 
28070 
28071 
28072 
28073 
28074 
28075 
28077 
28078 
28079 
28080 
28082 
28083 
28086 
28088 
28089 
28090 
28091 
28094 
28095 
28096 
28097 
28099 
28100 
28102 
28103 
28104 
28106 
28108 
28109 
28110 
28111 
28112 
28113 
28115 
28116 
28117 
28118 
28120 
28121 
28122 
28123 
28124 
28125 
28127 
28128 
28129 
28131 
28133 
28134 
28135 
28136 
28138 
28140 
28142 
28143 
28144 
28145 
28146 
28148 
28150 
28153 
28155 
28157 
28159 
28161 
28163 
28164 
28165 
28166 
28168 
28170 
28171 
28172 
28173 
28174 
28176 
28178 
28179 
28180 
28182 
28183 
28184 
28185 
28186 
28187 
28188 
28189 
28190 
28192 
28193 
28194 
28195 
28196 
28197 
28198 
28200 
28201 
28203 
28204 
28206 
28207 
28208 
28209 
28210 
28211 
28212 
28213 
28214 
28215 
28216 
28217 
28218 
28219 
28221 
28222 
28223 
28224 
28225 
28228 
28230 
28232 
28233 
28234 
28235 
28236 
28237 
28238 
28240 
28241 
28242 
28243 
28244 
28246 
28247 
28248 
28249 
28250 
28251 
28253 
28254 
28255 
28256 
28257 
28258 
28259 
28260 
28262 
28263 
28265 
28266 
28267 
28268 
28269 
28270 
28272 
28273 
28274 
28275 
28276 
28277 
28278 
28279 
28280 
28282 
28283 
28284 
28285 
28286 
28287 
28288 
28289 
28290 
28291 
28292 
28293 
28294 
28296 
28298 
28300 
28302 
28303 
28304 
28306 
28308 
28309 
28310 
28312 
28313 
28314 
28316 
28317 
28318 
28320 
28322 
28323 
28326 
28327 
28328 
28329 
28330 
28331 
28332 
28334 
28335 
28336 
28337 
28338 
28341 
28342 
28343 
28344 
28346 
28348 
28349 
28350 
28351 
28352 
28353 
28354 
28355 
28356 
28358 
28359 
28360 
28361 
28362 
28363 
28365 
28366 
28368 
28370 
28372 
28373 
28374 
28376 
28377 
28380 
28381 
28382 
28385 
28386 
28387 
28388 
28390 
28391 
28393 
28395 
28396 
28398 
28400 
28401 
28402 
28403 
28406 
28407 
28408 
28409 
28410 
28412 
28413 
28414 
28415 
28416 
28418 
28420 
28421 
28422 
28423 
28424 
28425 
28426 
28427 
28429 
28432 
28433 
28434 
28435 
28436 
28438 
28440 
28441 
28442 
28443 
28446 
28448 
28449 
28450 
28452 
28453 
28454 
28455 
28456 
28457 
28458 
28459 
28461 
28462 
28464 
28466 
28467 
28468 
28471 
28472 
28474 
28475 
28476 
28477 
28478 
28479 
28481 
28482 
28483 
28484 
28485 
28486 
28487 
28489 
28490 
28491 
28492 
28493 
28494 
28495 
28496 
28497 
28498 
28499 
28501 
28502 
28503 
28504 
28505 
28507 
28508 
28509 
28510 
28512 
28513 
28514 
28516 
28517 
28518 
28519 
28520 
28521 
28523 
28524 
28525 
28526 
28527 
28528 
28529 
28530 
28531 
28532 
28533 
28534 
28535 
28536 
28537 
28538 
28540 
28542 
28544 
28545 
28546 
28547 
28548 
28549 
28551 
28552 
28554 
28556 
28557 
28559 
28560 
28561 
28563 
28564 
28565 
28567 
28569 
28570 
28572 
28573 
28574 
28576 
28578 
28579 
28580 
28582 
28584 
28585 
28587 
28589 
28590 
28592 
28593 
28595 
28596 
28597 
28599 
28602 
28604 
28605 
28607 
28609 
28611 
28612 
28613 
28614 
28616 
28617 
28619 
28620 
28621 
28622 
28623 
28624 
28626 
28627 
28628 
28629 
28630 
28631 
28632 
28634 
28635 
28636 
28637 
28638 
28639 
28640 
28641 
28642 
28643 
28645 
28646 
28647 
28648 
28650 
28651 
28652 
28653 
28655 
28657 
28659 
28661 
28662 
28663 
28665 
28666 
28667 
28668 
28669 
28670 
28671 
28672 
28673 
28674 
28675 
28677 
28679 
28680 
28681 
28682 
28683 
28684 
28685 
28686 
28688 
28690 
28692 
28693 
28694 
28695 
28696 
28697 
28698 
28699 
28700 
28701 
28702 
28703 
28704 
28705 
28706 
28707 
28709 
28710 
28712 
28713 
28714 
28716 
28718 
28719 
28721 
28722 
28723 
28725 
28726 
28728 
28729 
28730 
28732 
28733 
28735 
28736 
28738 
28740 
28741 
28742 
28743 
28744 
28745 
28746 
28747 
28748 
28749 
28750 
28751 
28753 
28754 
28755 
28756 
28759 
28760 
28761 
28763 
28765 
28767 
28768 
28770 
28771 
28772 
28773 
28774 
28775 
28776 
28777 
28778 
28779 
28780 
28782 
28783 
28784 
28785 
28786 
28787 
28788 
28789 
28790 
28791 
28792 
28794 
28795 
28797 
28798 
28799 
28801 
28802 
28803 
28804 
28806 
28807 
28808 
28809 
28811 
28812 
28813 
28815 
28816 
28818 
28819 
28820 
28821 
28822 
28823 
28825 
28826 
28828 
28829 
28831 
28833 
28834 
28836 
28837 
28838 
28839 
28840 
28841 
28842 
28843 
28844 
28845 
28846 
28847 
28848 
28849 
28851 
28852 
28853 
28854 
28855 
28856 
28859 
28860 
28861 
28864 
28865 
28866 
28867 
28868 
28870 
28872 
28875 
28876 
28877 
28878 
28879 
28880 
28881 
28882 
28883 
28885 
28886 
28887 
28888 
28889 
28890 
28891 
28892 
28894 
28895 
28896 
28897 
28898 
28899 
28900 
28901 
28902 
28904 
28905 
28906 
28908 
28909 
28910 
28911 
28912 
28914 
28915 
28916 
28917 
28918 
28919 
28920 
28921 
28922 
28923 
28924 
28925 
28926 
28927 
28929 
28930 
28932 
28933 
28934 
28935 
28936 
28938 
28939 
28940 
28942 
28943 
28945 
28946 
28947 
28949 
28951 
28952 
28954 
28955 
28956 
28957 
28958 
28959 
28960 
28961 
28962 
28963 
28964 
28965 
28967 
28968 
28969 
28970 
28971 
28972 
28974 
28975 
28977 
28978 
28981 
28982 
28984 
28985 
28986 
28987 
28988 
28989 
28990 
28991 
28992 
28993 
28995 
28997 
28998 
28999 
29000 
29001 
29002 
29003 
29004 
29006 
29008 
29010 
29011 
29012 
29013 
29014 
29016 
29017 
29018 
29019 
29021 
29023 
29024 
29026 
29027 
29028 
29030 
29032 
29034 
29035 
29036 
29037 
29038 
29039 
29040 
29041 
29043 
29045 
29048 
29049 
29050 
29051 
29052 
29053 
29054 
29056 
29057 
29059 
29061 
29062 
29063 
29065 
29066 
29067 
29068 
29069 
29070 
29072 
29073 
29074 
29075 
29076 
29077 
29078 
29079 
29081 
29083 
29084 
29085 
29086 
29089 
29091 
29092 
29093 
29094 
29096 
29097 
29098 
29100 
29101 
29103 
29104 
29105 
29106 
29107 
29108 
29109 
29111 
29112 
29113 
29115 
29116 
29118 
29119 
29120 
29121 
29122 
29123 
29124 
29125 
29126 
29129 
29130 
29131 
29133 
29134 
29137 
29139 
29141 
29142 
29143 
29144 
29145 
29146 
29147 
29148 
29149 
29150 
29152 
29153 
29155 
29156 
29158 
29160 
29161 
29162 
29163 
29166 
29168 
29169 
29170 
29171 
29172 
29173 
29174 
29175 
29177 
29179 
29180 
29181 
29182 
29184 
29185 
29186 
29187 
29188 
29190 
29191 
29192 
29195 
29196 
29197 
29199 
29200 
29201 
29203 
29205 
29206 
29207 
29208 
29210 
29211 
29213 
29214 
29216 
29217 
29218 
29219 
29220 
29221 
29222 
29223 
29226 
29227 
29228 
29229 
29230 
29232 
29234 
29235 
29236 
29238 
29239 
29240 
29241 
29242 
29243 
29244 
29245 
29247 
29249 
29250 
29251 
29252 
29254 
29255 
29256 
29258 
29259 
29262 
29263 
29264 
29265 
29266 
29267 
29268 
29270 
29272 
29274 
29275 
29276 
29277 
29278 
29280 
29281 
29282 
29283 
29284 
29285 
29286 
29287 
29288 
29289 
29290 
29291 
29292 
29294 
29295 
29296 
29297 
29298 
29299 
29300 
29302 
29303 
29304 
29305 
29306 
29307 
29309 
29310 
29312 
29313 
29314 
29316 
29317 
29318 
29319 
29320 
29321 
29322 
29324 
29325 
29326 
29328 
29329 
29330 
29332 
29333 
29334 
29335 
29336 
29337 
29338 
29339 
29340 
29341 
29342 
29343 
29344 
29345 
29346 
29348 
29349 
29350 
29352 
29353 
29354 
29355 
29356 
29357 
29358 
29360 
29361 
29362 
29363 
29364 
29365 
29366 
29367 
29368 
29369 
29371 
29372 
29375 
29377 
29378 
29379 
29380 
29381 
29382 
29383 
29384 
29385 
29386 
29387 
29389 
29390 
29391 
29392 
29393 
29394 
29395 
29397 
29398 
29399 
29401 
29402 
29403 
29405 
29406 
29408 
29410 
29411 
29412 
29413 
29415 
29416 
29417 
29419 
29420 
29421 
29422 
29423 
29424 
29426 
29427 
29428 
29429 
29430 
29431 
29432 
29435 
29437 
29438 
29440 
29442 
29443 
29444 
29445 
29446 
29447 
29448 
29450 
29451 
29452 
29453 
29455 
29457 
29458 
29459 
29460 
29461 
29462 
29463 
29464 
29466 
29468 
29469 
29470 
29471 
29472 
29474 
29475 
29476 
29478 
29479 
29480 
29483 
29484 
29485 
29486 
29488 
29490 
29491 
29493 
29494 
29495 
29496 
29497 
29498 
29499 
29501 
29502 
29503 
29504 
29506 
29507 
29508 
29509 
29511 
29513 
29514 
29515 
29516 
29517 
29518 
29520 
29521 
29522 
29523 
29524 
29526 
29527 
29529 
29531 
29532 
29534 
29535 
29536 
29537 
29538 
29539 
29540 
29541 
29542 
29543 
29546 
29547 
29549 
29550 
29551 
29553 
29555 
29556 
29558 
29559 
29560 
29561 
29562 
29563 
29564 
29565 
29566 
29567 
29568 
29569 
29570 
29571 
29572 
29573 
29575 
29576 
29577 
29579 
29581 
29582 
29584 
29586 
29587 
29588 
29590 
29591 
29593 
29594 
29595 
29596 
29598 
29599 
29600 
29602 
29604 
29605 
29606 
29607 
29608 
29610 
29611 
29612 
29614 
29615 
29616 
29618 
29619 
29620 
29621 
29623 
29624 
29625 
29626 
29627 
29628 
29629 
29630 
29631 
29632 
29634 
29635 
29636 
29637 
29639 
29640 
29641 
29643 
29645 
29646 
29647 
29648 
29649 
29650 
29652 
29653 
29654 
29655 
29657 
29658 
29660 
29661 
29662 
29664 
29666 
29668 
29669 
29670 
29672 
29673 
29675 
29677 
29678 
29680 
29681 
29682 
29683 
29684 
29685 
29686 
29687 
29688 
29689 
29690 
29692 
29694 
29696 
29697 
29699 
29700 
29701 
29702 
29703 
29705 
29706 
29707 
29708 
29710 
29711 
29712 
29714 
29715 
29716 
29718 
29719 
29720 
29722 
29724 
29725 
29727 
29729 
29730 
29731 
29732 
29735 
29736 
29737 
29738 
29739 
29740 
29741 
29742 
29743 
29744 
29746 
29747 
29749 
29751 
29753 
29754 
29755 
29756 
29758 
29759 
29760 
29761 
29762 
29764 
29766 
29767 
29768 
29770 
29771 
29773 
29774 
29776 
29777 
29778 
29779 
29780 
29781 
29782 
29784 
29785 
29786 
29787 
29788 
29789 
29790 
29791 
29792 
29793 
29794 
29795 
29796 
29797 
29798 
29800 
29801 
29802 
29803 
29804 
29805 
29806 
29807 
29808 
29809 
29810 
29812 
29813 
29814 
29815 
29816 
29817 
29818 
29819 
29820 
29821 
29823 
29824 
29825 
29826 
29827 
29829 
29830 
29831 
29832 
29834 
29835 
29837 
29838 
29839 
29840 
29842 
29843 
29845 
29846 
29847 
29848 
29849 
29850 
29852 
29854 
29855 
29856 
29857 
29859 
29860 
29861 
29862 
29863 
29864 
29865 
29866 
29867 
29868 
29869 
29872 
29873 
29876 
29877 
29878 
29879 
29880 
29882 
29883 
29884 
29885 
29886 
29887 
29888 
29889 
29890 
29891 
29892 
29893 
29895 
29896 
29897 
29898 
29899 
29901 
29902 
29903 
29904 
29905 
29906 
29907 
29908 
29909 
29911 
29912 
29913 
29915 
29916 
29917 
29918 
29920 
29921 
29922 
29923 
29924 
29926 
29927 
29928 
29929 
29930 
29931 
29932 
29933 
29934 
29935 
29936 
29937 
29938 
29939 
29940 
29941 
29942 
29943 
29944 
29945 
29946 
29947 
29948 
29949 
29950 
29951 
29953 
29955 
29956 
29958 
29960 
29963 
29964 
29965 
29966 
29967 
29969 
29970 
29972 
29974 
29975 
29976 
29977 
29979 
29980 
29981 
29982 
29983 
29985 
29987 
29988 
29989 
29990 
29991 
29992 
29993 
29994 
29995 
29998 
29999 
30001 
30002 
30003 
30004 
30005 
30006 
30007 
30008 
30009 
30010 
30011 
30012 
30014 
30015 
30017 
30019 
30021 
30023 
30024 
30025 
30027 
30028 
30030 
30031 
30032 
30033 
30034 
30036 
30037 
30038 
30039 
30041 
30042 
30043 
30044 
30045 
30046 
30048 
30050 
30052 
30053 
30054 
30056 
30057 
30058 
30059 
30060 
30062 
30063 
30065 
30066 
30067 
30069 
30070 
30071 
30072 
30073 
30074 
30075 
30076 
30077 
30079 
30080 
30082 
30084 
30086 
30087 
30089 
30090 
30091 
30092 
30093 
30094 
30095 
30096 
30097 
30099 
30100 
30101 
30102 
30103 
30104 
30105 
30107 
30109 
30110 
30111 
30112 
30114 
30116 
30117 
30118 
30119 
30120 
30122 
30123 
30124 
30125 
30127 
30128 
30129 
30131 
30132 
30134 
30135 
30136 
30137 
30138 
30139 
30141 
30142 
30144 
30146 
30148 
30149 
30150 
30152 
30154 
30156 
30157 
30158 
30160 
30161 
30162 
30164 
30165 
30166 
30167 
30168 
30169 
30170 
30172 
30173 
30174 
30176 
30178 
30179 
30180 
30181 
30182 
30183 
30185 
30186 
30187 
30188 
30189 
30190 
30191 
30192 
30193 
30195 
30196 
30197 
30198 
30199 
30200 
30201 
30203 
30204 
30205 
30206 
30208 
30209 
30210 
30211 
30212 
30213 
30214 
30215 
30216 
30218 
30219 
30221 
30222 
30223 
30225 
30226 
30227 
30229 
30231 
30232 
30233 
30234 
30235 
30237 
30238 
30239 
30240 
30241 
30242 
30243 
30245 
30247 
30250 
30251 
30253 
30254 
30257 
30258 
30260 
30261 
30262 
30264 
30265 
30266 
30267 
30268 
30269 
30270 
30271 
30272 
30273 
30274 
30275 
30277 
30278 
30279 
30280 
30282 
30283 
30284 
30285 
30287 
30288 
30289 
30291 
30292 
30294 
30295 
30296 
30297 
30298 
30300 
30301 
30302 
30303 
30304 
30305 
30307 
30309 
30311 
30312 
30313 
30314 
30316 
30317 
30318 
30319 
30320 
30321 
30323 
30325 
30326 
30327 
30329 
30331 
30333 
30334 
30335 
30336 
30337 
30338 
30339 
30342 
30346 
30347 
30348 
30349 
30351 
30352 
30353 
30356 
30357 
30359 
30360 
30361 
30364 
30365 
30366 
30367 
30368 
30369 
30370 
30371 
30372 
30373 
30375 
30376 
30377 
30378 
30380 
30382 
30383 
30384 
30385 
30386 
30387 
30388 
30389 
30390 
30392 
30393 
30395 
30396 
30397 
30398 
30399 
30402 
30403 
30404 
30406 
30407 
30408 
30410 
30412 
30413 
30414 
30415 
30416 
30417 
30418 
30419 
30421 
30422 
30423 
30424 
30426 
30427 
30428 
30429 
30430 
30431 
30433 
30434 
30437 
30438 
30440 
30442 
30445 
30446 
30448 
30449 
30450 
30451 
30454 
30455 
30456 
30457 
30458 
30460 
30462 
30463 
30466 
30467 
30468 
30469 
30470 
30471 
30472 
30473 
30474 
30475 
30476 
30478 
30480 
30481 
30483 
30484 
30485 
30486 
30487 
30488 
30489 
30490 
30491 
30492 
30494 
30496 
30498 
30499 
30500 
30502 
30503 
30505 
30506 
30507 
30508 
30509 
30511 
30512 
30513 
30514 
30515 
30517 
30518 
30519 
30520 
30521 
30522 
30523 
30524 
30526 
30527 
30528 
30529 
30530 
30531 
30532 
30533 
30534 
30535 
30536 
30537 
30538 
30539 
30540 
30542 
30543 
30544 
30545 
30547 
30548 
30549 
30550 
30552 
30553 
30555 
30556 
30557 
30559 
30560 
30562 
30563 
30564 
30566 
30567 
30568 
30570 
30571 
30572 
30573 
30574 
30575 
30576 
30577 
30578 
30580 
30581 
30582 
30583 
30584 
30585 
30586 
30587 
30588 
30589 
30590 
30591 
30593 
30594 
30596 
30597 
30598 
30599 
30600 
30601 
30603 
30605 
30606 
30608 
30609 
30610 
30611 
30613 
30614 
30616 
30617 
30618 
30621 
30622 
30623 
30624 
30626 
30627 
30628 
30629 
30631 
30632 
30633 
30635 
30636 
30637 
30639 
30641 
30643 
30645 
30646 
30647 
30649 
30652 
30654 
30655 
30656 
30657 
30659 
30661 
30662 
30664 
30665 
30666 
30669 
30670 
30672 
30673 
30674 
30676 
30678 
30679 
30681 
30682 
30684 
30685 
30687 
30688 
30690 
30691 
30693 
30694 
30696 
30698 
30699 
30701 
30702 
30704 
30705 
30706 
30707 
30708 
30709 
30711 
30713 
30715 
30716 
30717 
30718 
30719 
30721 
30723 
30724 
30726 
30728 
30729 
30730 
30731 
30732 
30734 
30736 
30738 
30739 
30740 
30741 
30742 
30744 
30745 
30747 
30749 
30752 
30753 
30754 
30756 
30758 
30759 
30760 
30761 
30762 
30763 
30764 
30765 
30766 
30769 
30770 
30771 
30772 
30775 
30777 
30778 
30779 
30780 
30781 
30782 
30783 
30785 
30786 
30787 
30788 
30789 
30791 
30792 
30793 
30794 
30796 
30797 
30798 
30799 
30801 
30802 
30803 
30804 
30806 
30807 
30809 
30810 
30811 
30812 
30813 
30814 
30815 
30816 
30817 
30819 
30821 
30822 
30823 
30824 
30825 
30826 
30828 
30830 
30831 
30833 
30834 
30835 
30837 
30838 
30839 
30841 
30842 
30843 
30844 
30845 
30846 
30848 
30849 
30850 
30851 
30852 
30853 
30854 
30856 
30857 
30858 
30859 
30860 
30861 
30862 
30863 
30864 
30865 
30866 
30868 
30870 
30872 
30873 
30874 
30875 
30876 
30878 
30879 
30880 
30882 
30884 
30885 
30886 
30887 
30888 
30889 
30890 
30891 
30893 
30894 
30895 
30896 
30898 
30899 
30900 
30901 
30902 
30903 
30904 
30905 
30906 
30907 
30908 
30910 
30912 
30914 
30916 
30917 
30918 
30919 
30920 
30922 
30924 
30926 
30927 
30929 
30930 
30931 
30932 
30933 
30934 
30935 
30937 
30938 
30940 
30941 
30942 
30944 
30945 
30946 
30948 
30949 
30950 
30952 
30953 
30954 
30955 
30956 
30958 
30959 
30961 
30962 
30963 
30964 
30965 
30966 
30968 
30969 
30970 
30971 
30973 
30974 
30975 
30976 
30977 
30978 
30979 
30980 
30981 
30982 
30984 
30985 
30986 
30987 
30988 
30990 
30991 
30993 
30994 
30995 
30996 
30998 
30999 
31001 
31002 
31003 
31005 
31006 
31008 
31010 
31012 
31013 
31014 
31015 
31016 
31018 
31019 
31021 
31022 
31023 
31024 
31025 
31026 
31027 
31029 
31030 
31031 
31032 
31033 
31034 
31035 
31036 
31037 
31039 
31040 
31041 
31042 
31045 
31046 
31047 
31049 
31050 
31051 
31052 
31053 
31054 
31055 
31057 
31058 
31060 
31061 
31062 
31063 
31065 
31066 
31067 
31068 
31069 
31071 
31072 
31074 
31076 
31077 
31078 
31079 
31080 
31081 
31083 
31084 
31085 
31087 
31088 
31090 
31092 
31093 
31094 
31095 
31096 
31097 
31098 
31099 
31100 
31101 
31103 
31105 
31106 
31107 
31108 
31109 
31110 
31111 
31112 
31113 
31115 
31117 
31118 
31119 
31120 
31122 
31123 
31124 
31125 
31128 
31129 
31130 
31131 
31132 
31134 
31136 
31137 
31139 
31141 
31142 
31143 
31144 
31145 
31147 
31148 
31150 
31151 
31152 
31153 
31154 
31156 
31158 
31159 
31160 
31161 
31162 
31164 
31165 
31166 
31168 
31169 
31170 
31171 
31174 
31175 
31176 
31177 
31178 
31180 
31182 
31183 
31184 
31185 
31187 
31188 
31189 
31191 
31193 
31194 
31195 
31196 
31198 
31199 
31201 
31202 
31203 
31204 
31205 
31206 
31207 
31208 
31210 
31211 
31212 
31213 
31214 
31215 
31216 
31218 
31220 
31222 
31223 
31224 
31225 
31226 
31229 
31230 
31231 
31234 
31235 
31236 
31237 
31238 
31239 
31240 
31241 
31243 
31244 
31246 
31247 
31248 
31250 
31251 
31252 
31253 
31254 
31255 
31257 
31258 
31260 
31261 
31262 
31263 
31266 
31268 
31270 
31272 
31274 
31275 
31276 
31278 
31279 
31280 
31281 
31283 
31284 
31287 
31289 
31291 
31293 
31294 
31295 
31296 
31297 
31298 
31299 
31300 
31301 
31303 
31304 
31305 
31306 
31307 
31308 
31309 
31310 
31311 
31313 
31314 
31315 
31316 
31318 
31320 
31321 
31323 
31324 
31326 
31327 
31328 
31330 
31331 
31333 
31334 
31335 
31336 
31337 
31338 
31339 
31341 
31342 
31343 
31344 
31346 
31347 
31348 
31349 
31350 
31351 
31353 
31354 
31355 
31357 
31359 
31360 
31361 
31362 
31364 
31365 
31366 
31368 
31369 
31371 
31372 
31373 
31374 
31376 
31377 
31378 
31379 
31380 
31381 
31383 
31385 
31386 
31388 
31390 
31392 
31393 
31396 
31398 
31400 
31401 
31402 
31403 
31404 
31405 
31407 
31409 
31410 
31412 
31414 
31416 
31417 
31418 
31419 
31420 
31422 
31423 
31424 
31425 
31426 
31427 
31428 
31429 
31431 
31433 
31434 
31435 
31436 
31437 
31438 
31441 
31442 
31444 
31445 
31446 
31447 
31448 
31449 
31451 
31452 
31453 
31454 
31456 
31457 
31459 
31460 
31462 
31464 
31466 
31467 
31468 
31469 
31470 
31471 
31472 
31473 
31475 
31477 
31479 
31481 
31482 
31483 
31484 
31485 
31487 
31488 
31489 
31490 
31492 
31493 
31494 
31496 
31497 
31498 
31499 
31500 
31501 
31502 
31503 
31505 
31506 
31507 
31508 
31509 
31510 
31511 
31512 
31513 
31515 
31516 
31517 
31518 
31519 
31520 
31521 
31523 
31524 
31525 
31527 
31528 
31529 
31530 
31531 
31532 
31533 
31535 
31537 
31538 
31539 
31540 
31541 
31542 
31543 
31544 
31545 
31546 
31547 
31549 
31550 
31551 
31552 
31553 
31555 
31556 
31557 
31558 
31559 
31560 
31562 
31564 
31566 
31567 
31568 
31569 
31571 
31572 
31574 
31576 
31577 
31579 
31580 
31581 
31582 
31584 
31586 
31588 
31589 
31590 
31591 
31592 
31593 
31594 
31595 
31597 
31598 
31599 
31600 
31602 
31603 
31604 
31605 
31606 
31607 
31608 
31610 
31611 
31613 
31614 
31615 
31617 
31619 
31620 
31621 
31622 
31623 
31624 
31625 
31626 
31627 
31628 
31629 
31630 
31631 
31633 
31634 
31635 
31636 
31639 
31640 
31641 
31642 
31643 
31645 
31647 
31649 
31650 
31652 
31653 
31654 
31655 
31656 
31657 
31658 
31660 
31662 
31663 
31664 
31665 
31667 
31669 
31671 
31672 
31673 
31675 
31676 
31678 
31680 
31682 
31683 
31684 
31685 
31686 
31687 
31688 
31689 
31691 
31693 
31694 
31695 
31697 
31699 
31700 
31702 
31703 
31704 
31705 
31706 
31707 
31708 
31709 
31710 
31711 
31713 
31715 
31716 
31717 
31718 
31720 
31721 
31722 
31723 
31724 
31725 
31726 
31727 
31728 
31729 
31730 
31731 
31732 
31733 
31734 
31736 
31738 
31739 
31741 
31742 
31743 
31745 
31747 
31748 
31749 
31750 
31751 
31753 
31754 
31755 
31757 
31759 
31760 
31761 
31763 
31765 
31767 
31768 
31770 
31772 
31773 
31774 
31776 
31777 
31778 
31779 
31780 
31781 
31782 
31784 
31786 
31787 
31789 
31790 
31791 
31793 
31794 
31795 
31796 
31798 
31800 
31802 
31803 
31804 
31805 
31806 
31807 
31808 
31809 
31810 
31812 
31813 
31815 
31816 
31818 
31819 
31820 
31822 
31824 
31826 
31828 
31829 
31831 
31832 
31835 
31836 
31837 
31838 
31839 
31840 
31841 
31843 
31845 
31846 
31847 
31848 
31849 
31851 
31852 
31853 
31854 
31855 
31856 
31859 
31860 
31861 
31862 
31863 
31866 
31867 
31869 
31871 
31872 
31873 
31875 
31876 
31877 
31879 
31881 
31882 
31884 
31885 
31886 
31887 
31889 
31890 
31892 
31894 
31895 
31896 
31898 
31899 
31900 
31901 
31902 
31903 
31905 
31906 
31907 
31909 
31910 
31911 
31912 
31913 
31914 
31915 
31916 
31917 
31918 
31919 
31920 
31921 
31923 
31924 
31925 
31926 
31927 
31928 
31929 
31931 
31932 
31933 
31934 
31935 
31937 
31938 
31940 
31941 
31942 
31943 
31944 
31945 
31947 
31948 
31950 
31952 
31953 
31954 
31955 
31956 
31957 
31959 
31961 
31962 
31963 
31964 
31965 
31966 
31968 
31969 
31970 
31971 
31972 
31973 
31974 
31975 
31977 
31978 
31979 
31980 
31981 
31983 
31984 
31985 
31987 
31989 
31990 
31991 
31992 
31995 
31997 
31998 
31999 
32000 
32002 
32003 
32004 
32005 
32006 
32007 
32008 
32009 
32010 
32011 
32012 
32013 
32014 
32015 
32017 
32019 
32020 
32021 
32022 
32023 
32024 
32025 
32027 
32028 
32030 
32031 
32032 
32034 
32036 
32038 
32039 
32040 
32041 
32043 
32045 
32046 
32047 
32049 
32050 
32051 
32054 
32056 
32059 
32060 
32061 
32062 
32064 
32065 
32066 
32068 
32069 
32070 
32071 
32072 
32073 
32074 
32075 
32077 
32078 
32079 
32081 
32082 
32083 
32086 
32088 
32089 
32091 
32092 
32093 
32094 
32095 
32097 
32099 
32100 
32101 
32103 
32104 
32105 
32106 
32107 
32108 
32109 
32111 
32112 
32113 
32114 
32117 
32118 
32119 
32120 
32121 
32123 
32126 
32127 
32129 
32130 
32131 
32133 
32134 
32135 
32136 
32138 
32140 
32141 
32143 
32145 
32146 
32147 
32148 
32149 
32150 
32151 
32153 
32155 
32157 
32158 
32160 
32161 
32162 
32164 
32166 
32168 
32169 
32171 
32174 
32175 
32176 
32178 
32180 
32181 
32182 
32184 
32186 
32187 
32188 
32189 
32190 
32191 
32192 
32193 
32194 
32195 
32196 
32197 
32198 
32199 
32200 
32201 
32202 
32203 
32205 
32206 
32207 
32209 
32210 
32211 
32212 
32213 
32214 
32215 
32216 
32217 
32218 
32220 
32222 
32223 
32224 
32225 
32226 
32227 
32228 
32229 
32231 
32232 
32233 
32234 
32235 
32236 
32237 
32238 
32240 
32241 
32242 
32244 
32245 
32247 
32248 
32250 
32251 
32252 
32254 
32255 
32256 
32257 
32258 
32259 
32261 
32263 
32264 
32265 
32266 
32267 
32268 
32269 
32270 
32271 
32272 
32273 
32274 
32276 
32277 
32278 
32279 
32280 
32281 
32282 
32283 
32284 
32286 
32287 
32288 
32289 
32291 
32292 
32293 
32295 
32297 
32298 
32300 
32301 
32302 
32303 
32304 
32305 
32306 
32307 
32308 
32310 
32311 
32312 
32313 
32314 
32316 
32318 
32319 
32320 
32321 
32322 
32323 
32324 
32325 
32327 
32328 
32329 
32331 
32332 
32333 
32334 
32335 
32337 
32338 
32339 
32340 
32341 
32343 
32346 
32347 
32349 
32350 
32351 
32352 
32353 
32354 
32356 
32358 
32359 
32361 
32363 
32364 
32366 
32367 
32368 
32369 
32371 
32372 
32375 
32376 
32377 
32379 
32381 
32382 
32383 
32384 
32385 
32387 
32388 
32389 
32390 
32392 
32393 
32395 
32396 
32397 
32398 
32399 
32400 
32402 
32403 
32404 
32406 
32408 
32409 
32410 
32411 
32412 
32414 
32415 
32416 
32417 
32419 
32420 
32421 
32423 
32424 
32425 
32426 
32428 
32430 
32431 
32432 
32433 
32434 
32435 
32437 
32439 
32441 
32442 
32443 
32445 
32447 
32448 
32450 
32451 
32452 
32453 
32455 
32456 
32458 
32460 
32462 
32463 
32464 
32466 
32467 
32468 
32469 
32471 
32472 
32473 
32474 
32475 
32476 
32478 
32480 
32482 
32483 
32485 
32486 
32489 
32490 
32492 
32493 
32494 
32496 
32497 
32498 
32499 
32501 
32502 
32503 
32504 
32505 
32506 
32507 
32509 
32510 
32511 
32512 
32513 
32514 
32515 
32516 
32518 
32519 
32521 
32523 
32524 
32525 
32526 
32527 
32528 
32529 
32531 
32533 
32534 
32536 
32537 
32538 
32539 
32540 
32541 
32542 
32544 
32545 
32546 
32548 
32550 
32551 
32552 
32553 
32554 
32555 
32557 
32559 
32560 
32562 
32564 
32566 
32567 
32568 
32569 
32571 
32572 
32573 
32574 
32575 
32576 
32577 
32578 
32579 
32580 
32581 
32582 
32583 
32584 
32585 
32586 
32587 
32588 
32589 
32590 
32591 
32593 
32594 
32597 
32599 
32600 
32601 
32603 
32605 
32607 
32609 
32611 
32614 
32615 
32616 
32618 
32619 
32621 
32622 
32624 
32625 
32626 
32628 
32629 
32630 
32631 
32633 
32635 
32638 
32640 
32641 
32642 
32644 
32645 
32646 
32647 
32648 
32650 
32651 
32652 
32653 
32654 
32655 
32656 
32657 
32659 
32660 
32661 
32662 
32664 
32666 
32668 
32670 
32672 
32673 
32674 
32675 
32676 
32677 
32679 
32680 
32681 
32682 
32685 
32686 
32687 
32688 
32689 
32690 
32691 
32693 
32694 
32695 
32696 
32697 
32698 
32699 
32700 
32702 
32703 
32704 
32705 
32706 
32707 
32708 
32709 
32712 
32714 
32715 
32716 
32717 
32719 
32720 
32721 
32723 
32724 
32725 
32727 
32728 
32729 
32730 
32731 
32732 
32733 
32735 
32736 
32737 
32738 
32739 
32740 
32741 
32743 
32746 
32747 
32748 
32749 
32750 
32752 
32754 
32755 
32757 
32758 
32760 
32762 
32763 
32765 
32766 
32767 
32768 
32770 
32773 
32774 
32775 
32776 
32777 
32778 
32779 
32780 
32781 
32783 
32785 
32786 
32787 
32788 
32789 
32790 
32791 
32793 
32794 
32795 
32796 
32797 
32798 
32799 
32801 
32802 
32803 
32804 
32805 
32806 
32807 
32808 
32809 
32810 
32811 
32813 
32815 
32816 
32818 
32819 
32820 
32821 
32822 
32823 
32825 
32826 
32827 
32828 
32829 
32830 
32831 
32833 
32835 
32837 
32839 
32840 
32841 
32843 
32844 
32845 
32847 
32848 
32849 
32850 
32852 
32853 
32855 
32857 
32859 
32860 
32861 
32862 
32864 
32866 
32868 
32869 
32870 
32871 
32872 
32873 
32874 
32875 
32876 
32877 
32878 
32879 
32880 
32881 
32882 
32883 
32885 
32886 
32887 
32889 
32890 
32892 
32893 
32895 
32897 
32898 
32901 
32902 
32903 
32905 
32906 
32907 
32909 
32910 
32911 
32913 
32915 
32917 
32919 
32920 
32921 
32922 
32923 
32926 
32927 
32928 
32929 
32930 
32932 
32934 
32936 
32938 
32939 
32940 
32941 
32943 
32944 
32946 
32947 
32948 
32949 
32951 
32952 
32953 
32955 
32957 
32959 
32960 
32961 
32962 
32963 
32964 
32965 
32966 
32968 
32969 
32970 
32972 
32973 
32976 
32977 
32978 
32980 
32982 
32983 
32984 
32986 
32987 
32988 
32989 
32990 
32992 
32993 
32994 
32997 
32998 
32999 
33000 
33001 
33002 
33003 
33004 
33006 
33007 
33008 
33010 
33011 
33013 
33014 
33015 
33016 
33018 
33019 
33021 
33022 
33024 
33025 
33026 
33028 
33029 
33030 
33031 
33033 
33034 
33035 
33037 
33040 
33042 
33043 
33044 
33046 
33047 
33050 
33051 
33052 
33053 
33054 
33057 
33058 
33059 
33060 
33062 
33063 
33064 
33066 
33067 
33068 
33071 
33073 
33075 
33076 
33078 
33080 
33081 
33082 
33084 
33085 
33086 
33087 
33088 
33090 
33091 
33093 
33094 
33096 
33099 
33100 
33102 
33103 
33105 
33106 
33107 
33109 
33110 
33111 
33112 
33114 
33116 
33118 
33119 
33120 
33121 
33122 
33124 
33126 
33127 
33128 
33131 
33132 
33133 
33134 
33135 
33136 
33138 
33140 
33141 
33143 
33145 
33146 
33147 
33148 
33150 
33151 
33153 
33154 
33155 
33157 
33158 
33160 
33162 
33164 
33165 
33166 
33167 
33168 
33169 
33170 
33171 
33173 
33174 
33176 
33178 
33180 
33182 
33183 
33184 
33185 
33186 
33188 
33189 
33190 
33191 
33195 
33196 
33197 
33198 
33199 
33200 
33203 
33204 
33205 
33207 
33208 
33210 
33211 
33212 
33213 
33214 
33215 
33216 
33217 
33219 
33221 
33223 
33224 
33225 
33226 
33227 
33228 
33229 
33230 
33231 
33233 
33235 
33237 
33238 
33239 
33240 
33241 
33242 
33243 
33244 
33245 
33246 
33247 
33248 
33249 
33251 
33252 
33253 
33254 
33255 
33256 
33257 
33258 
33260 
33261 
33263 
33265 
33266 
33267 
33270 
33271 
33272 
33273 
33274 
33276 
33277 
33279 
33280 
33282 
33284 
33285 
33287 
33288 
33289 
33290 
33292 
33293 
33295 
33297 
33298 
33299 
33300 
33301 
33302 
33304 
33305 
33306 
33307 
33308 
33309 
33310 
33312 
33313 
33314 
33315 
33318 
33319 
33321 
33323 
33324 
33325 
33327 
33329 
33330 
33331 
33332 
33333 
33335 
33336 
33337 
33338 
33340 
33341 
33344 
33345 
33346 
33349 
33350 
33351 
33352 
33353 
33354 
33356 
33358 
33359 
33360 
33361 
33363 
33365 
33367 
33369 
33371 
33372 
33373 
33375 
33377 
33379 
33380 
33382 
33383 
33384 
33385 
33387 
33388 
33390 
33392 
33393 
33394 
33396 
33397 
33398 
33399 
33400 
33402 
33403 
33404 
33405 
33407 
33408 
33410 
33412 
33413 
33414 
33415 
33416 
33417 
33418 
33419 
33420 
33422 
33423 
33425 
33427 
33428 
33429 
33430 
33431 
33432 
33434 
33435 
33436 
33437 
33438 
33439 
33440 
33441 
33443 
33444 
33446 
33448 
33450 
33453 
33455 
33456 
33459 
33461 
33462 
33463 
33464 
33465 
33467 
33469 
33470 
33471 
33473 
33475 
33476 
33477 
33478 
33480 
33481 
33482 
33483 
33485 
33486 
33487 
33488 
33489 
33490 
33492 
33494 
33496 
33498 
33499 
33500 
33501 
33502 
33503 
33506 
33507 
33508 
33509 
33511 
33513 
33515 
33517 
33518 
33519 
33520 
33522 
33523 
33525 
33526 
33528 
33529 
33531 
33532 
33534 
33535 
33536 
33538 
33539 
33540 
33541 
33543 
33544 
33545 
33546 
33547 
33549 
33550 
33551 
33552 
33553 
33555 
33558 
33560 
33562 
33564 
33566 
33568 
33570 
33571 
33573 
33574 
33576 
33577 
33578 
33579 
33580 
33582 
33583 
33585 
33586 
33587 
33588 
33589 
33590 
33592 
33593 
33596 
33597 
33598 
33599 
33602 
33604 
33607 
33608 
33610 
33612 
33614 
33616 
33618 
33619 
33620 
33621 
33623 
33624 
33625 
33626 
33627 
33628 
33629 
33631 
33632 
33633 
33634 
33635 
33636 
33637 
33638 
33639 
33641 
33643 
33644 
33645 
33646 
33649 
33650 
33651 
33652 
33655 
33657 
33658 
33660 
33662 
33663 
33664 
33665 
33667 
33668 
33669 
33670 
33671 
33672 
33673 
33674 
33675 
33676 
33677 
33678 
33680 
33681 
33682 
33683 
33684 
33686 
33688 
33689 
33691 
33692 
33694 
33697 
33699 
33701 
33704 
33706 
33707 
33709 
33710 
33711 
33712 
33714 
33716 
33718 
33719 
33720 
33722 
33724 
33725 
33728 
33730 
33731 
33732 
33734 
33735 
33736 
33737 
33738 
33739 
33740 
33741 
33743 
33744 
33745 
33747 
33749 
33750 
33751 
33752 
33754 
33757 
33758 
33760 
33761 
33762 
33763 
33764 
33765 
33767 
33768 
33770 
33771 
33772 
33774 
33775 
33777 
33779 
33780 
33782 
33784 
33785 
33786 
33787 
33788 
33789 
33790 
33792 
33793 
33794 
33796 
33797 
33798 
33799 
33800 
33802 
33803 
33804 
33805 
33806 
33808 
33810 
33811 
33812 
33813 
33814 
33815 
33817 
33818 
33820 
33823 
33824 
33825 
33826 
33827 
33828 
33830 
33831 
33832 
33833 
33834 
33835 
33836 
33837 
33838 
33839 
33840 
33842 
33843 
33845 
33846 
33847 
33848 
33849 
33850 
33851 
33853 
33854 
33855 
33857 
33858 
33859 
33861 
33862 
33863 
33864 
33866 
33867 
33868 
33870 
33871 
33872 
33873 
33874 
33875 
33876 
33877 
33879 
33881 
33882 
33885 
33886 
33888 
33890 
33892 
33894 
33896 
33898 
33900 
33901 
33902 
33903 
33905 
33907 
33909 
33911 
33912 
33913 
33914 
33915 
33916 
33917 
33918 
33919 
33920 
33921 
33924 
33925 
33927 
33928 
33929 
33930 
33931 
33932 
33934 
33936 
33938 
33939 
33941 
33943 
33944 
33945 
33946 
33947 
33948 
33949 
33952 
33953 
33955 
33956 
33957 
33958 
33959 
33960 
33962 
33963 
33964 
33965 
33966 
33967 
33968 
33970 
33971 
33972 
33974 
33975 
33976 
33978 
33980 
33981 
33983 
33984 
33986 
33987 
33989 
33990 
33991 
33992 
33993 
33994 
33995 
33997 
33998 
34000 
34001 
34002 
34004 
34005 
34006 
34008 
34011 
34012 
34013 
34015 
34016 
34017 
34018 
34019 
34020 
34021 
34023 
34024 
34025 
34026 
34028 
34029 
34030 
34031 
34032 
34033 
34034 
34035 
34036 
34037 
34038 
34039 
34040 
34041 
34043 
34044 
34045 
34046 
34048 
34049 
34051 
34052 
34054 
34055 
34057 
34058 
34061 
34062 
34063 
34064 
34065 
34066 
34067 
34068 
34069 
34070 
34071 
34072 
34074 
34075 
34076 
34077 
34078 
34079 
34080 
34081 
34083 
34084 
34086 
34087 
34089 
34091 
34093 
34095 
34096 
34098 
34099 
34100 
34101 
34102 
34103 
34105 
34106 
34107 
34108 
34109 
34110 
34112 
34113 
34114 
34115 
34116 
34117 
34118 
34119 
34121 
34123 
34124 
34125 
34126 
34128 
34129 
34130 
34132 
34133 
34134 
34135 
34136 
34137 
34138 
34139 
34140 
34142 
34144 
34146 
34147 
34149 
34150 
34151 
34154 
34156 
34157 
34158 
34161 
34163 
34164 
34166 
34167 
34169 
34171 
34172 
34174 
34175 
34176 
34177 
34179 
34180 
34181 
34182 
34184 
34186 
34188 
34190 
34191 
34192 
34193 
34194 
34195 
34197 
34199 
34200 
34201 
34202 
34204 
34205 
34207 
34208 
34209 
34210 
34212 
34213 
34215 
34217 
34218 
34219 
34220 
34221 
34223 
34225 
34226 
34227 
34228 
34229 
34231 
34232 
34234 
34236 
34237 
34238 
34240 
34241 
34242 
34243 
34244 
34245 
34247 
34248 
34249 
34251 
34252 
34255 
34257 
34258 
34259 
34260 
34261 
34262 
34264 
34265 
34266 
34267 
34268 
34269 
34270 
34271 
34272 
34273 
34274 
34275 
34277 
34278 
34279 
34280 
34282 
34284 
34285 
34286 
34288 
34289 
34290 
34291 
34292 
34293 
34294 
34295 
34296 
34297 
34299 
34300 
34302 
34303 
34304 
34305 
34306 
34307 
34308 
34309 
34310 
34311 
34312 
34314 
34315 
34318 
34319 
34320 
34321 
34323 
34326 
34328 
34329 
34330 
34332 
34333 
34334 
34335 
34336 
34337 
34338 
34340 
34341 
34343 
34344 
34346 
34347 
34348 
34349 
34350 
34351 
34353 
34354 
34355 
34356 
34357 
34358 
34359 
34360 
34361 
34362 
34364 
34365 
34366 
34367 
34368 
34369 
34370 
34371 
34372 
34374 
34375 
34377 
34378 
34380 
34381 
34383 
34384 
34385 
34387 
34388 
34389 
34390 
34391 
34392 
34395 
34396 
34397 
34398 
34399 
34401 
34403 
34404 
34405 
34408 
34409 
34411 
34412 
34413 
34414 
34415 
34417 
34418 
34420 
34422 
34423 
34424 
34425 
34426 
34427 
34429 
34430 
34431 
34432 
34433 
34435 
34436 
34437 
34438 
34439 
34440 
34441 
34442 
34443 
34445 
34446 
34447 
34448 
34451 
34452 
34454 
34456 
34457 
34458 
34459 
34460 
34461 
34462 
34464 
34465 
34466 
34467 
34469 
34470 
34473 
34475 
34476 
34477 
34480 
34481 
34483 
34484 
34485 
34486 
34487 
34488 
34489 
34490 
34491 
34492 
34493 
34494 
34495 
34497 
34499 
34500 
34501 
34503 
34504 
34505 
34506 
34508 
34510 
34512 
34513 
34514 
34515 
34517 
34518 
34519 
34520 
34522 
34523 
34524 
34526 
34527 
34528 
34529 
34532 
34533 
34534 
34535 
34536 
34539 
34540 
34542 
34544 
34546 
34547 
34549 
34550 
34551 
34552 
34553 
34554 
34556 
34557 
34558 
34560 
34561 
34562 
34563 
34564 
34565 
34566 
34568 
34570 
34571 
34572 
34573 
34574 
34575 
34576 
34577 
34578 
34580 
34582 
34583 
34584 
34585 
34586 
34587 
34589 
34590 
34591 
34593 
34594 
34595 
34596 
34597 
34599 
34600 
34601 
34603 
34604 
34605 
34606 
34607 
34608 
34609 
34610 
34611 
34612 
34614 
34615 
34616 
34617 
34618 
34619 
34620 
34621 
34623 
34625 
34626 
34627 
34628 
34629 
34630 
34631 
34633 
34636 
34638 
34640 
34641 
34643 
34644 
34645 
34646 
34648 
34649 
34650 
34652 
34654 
34655 
34657 
34658 
34659 
34660 
34661 
34663 
34665 
34666 
34668 
34669 
34670 
34671 
34673 
34675 
34676 
34678 
34679 
34680 
34681 
34682 
34683 
34684 
34685 
34687 
34688 
34689 
34690 
34693 
34695 
34696 
34698 
34699 
34700 
34701 
34703 
34704 
34706 
34707 
34709 
34710 
34712 
34715 
34717 
34718 
34720 
34721 
34723 
34724 
34725 
34727 
34728 
34729 
34730 
34732 
34733 
34735 
34736 
34737 
34738 
34739 
34741 
34742 
34743 
34744 
34746 
34747 
34748 
34749 
34750 
34751 
34752 
34753 
34755 
34758 
34759 
34760 
34762 
34763 
34764 
34765 
34766 
34767 
34768 
34769 
34770 
34772 
34773 
34775 
34777 
34779 
34780 
34782 
34783 
34785 
34786 
34788 
34789 
34790 
34791 
34792 
34793 
34794 
34795 
34796 
34798 
34800 
34801 
34802 
34803 
34805 
34806 
34808 
34809 
34810 
34811 
34812 
34815 
34816 
34817 
34818 
34821 
34822 
34823 
34824 
34825 
34826 
34827 
34828 
34829 
34831 
34833 
34836 
34837 
34838 
34840 
34842 
34843 
34844 
34845 
34847 
34848 
34849 
34851 
34852 
34853 
34855 
34856 
34858 
34859 
34860 
34861 
34862 
34863 
34864 
34865 
34866 
34867 
34868 
34869 
34870 
34872 
34873 
34875 
34877 
34878 
34880 
34881 
34884 
34885 
34886 
34888 
34889 
34890 
34891 
34892 
34893 
34895 
34896 
34897 
34900 
34902 
34903 
34904 
34905 
34906 
34907 
34909 
34910 
34911 
34912 
34914 
34916 
34917 
34919 
34920 
34921 
34923 
34924 
34925 
34926 
34927 
34928 
34929 
34930 
34931 
34933 
34934 
34935 
34936 
34937 
34938 
34939 
34940 
34941 
34942 
34943 
34944 
34946 
34947 
34949 
34950 
34951 
34952 
34954 
34955 
34957 
34958 
34960 
34961 
34963 
34964 
34965 
34967 
34968 
34969 
34970 
34971 
34972 
34974 
34976 
34977 
34978 
34980 
34981 
34982 
34983 
34985 
34987 
34988 
34990 
34991 
34992 
34993 
34994 
34996 
34997 
34998 
35000 
35002 
35004 
35006 
35007 
35008 
35009 
35011 
35012 
35013 
35014 
35015 
35016 
35018 
35020 
35022 
35024 
35026 
35027 
35028 
35030 
35031 
35032 
35034 
35036 
35037 
35038 
35041 
35042 
35045 
35047 
35049 
35051 
35052 
35053 
35054 
35055 
35056 
35057 
35058 
35060 
35061 
35063 
35064 
35066 
35068 
35069 
35070 
35071 
35072 
35073 
35075 
35076 
35077 
35079 
35080 
35081 
35082 
35084 
35086 
35088 
35089 
35090 
35091 
35092 
35093 
35095 
35096 
35097 
35099 
35100 
35101 
35103 
35104 
35105 
35106 
35107 
35108 
35110 
35111 
35112 
35113 
35114 
35116 
35117 
35118 
35119 
35121 
35122 
35123 
35124 
35125 
35126 
35127 
35128 
35129 
35130 
35131 
35132 
35133 
35134 
35135 
35136 
35137 
35138 
35139 
35140 
35142 
35143 
35144 
35145 
35146 
35147 
35148 
35150 
35151 
35152 
35153 
35156 
35157 
35158 
35160 
35161 
35162 
35163 
35165 
35167 
35168 
35169 
35170 
35172 
35173 
35174 
35176 
35177 
35178 
35179 
35181 
35183 
35184 
35186 
35187 
35188 
35190 
35191 
35192 
35193 
35194 
35195 
35197 
35198 
35199 
35200 
35202 
35204 
35205 
35206 
35207 
35208 
35210 
35213 
35214 
35215 
35216 
35217 
35218 
35219 
35220 
35221 
35223 
35224 
35226 
35227 
35229 
35231 
35233 
35234 
35236 
35237 
35238 
35239 
35240 
35241 
35242 
35244 
35245 
35246 
35248 
35249 
35250 
35251 
35252 
35253 
35255 
35257 
35258 
35259 
35260 
35261 
35262 
35264 
35265 
35266 
35267 
35268 
35269 
35270 
35272 
35273 
35275 
35276 
35278 
35279 
35280 
35282 
35283 
35285 
35286 
35287 
35288 
35289 
35290 
35292 
35293 
35294 
35295 
35297 
35298 
35299 
35301 
35302 
35303 
35305 
35307 
35309 
35310 
35311 
35312 
35313 
35314 
35315 
35316 
35317 
35318 
35319 
35320 
35321 
35322 
35323 
35325 
35327 
35328 
35329 
35330 
35331 
35332 
35334 
35335 
35336 
35337 
35338 
35339 
35341 
35342 
35343 
35344 
35345 
35346 
35347 
35348 
35349 
35351 
35353 
35354 
35356 
35357 
35358 
35359 
35360 
35361 
35362 
35363 
35364 
35365 
35367 
35369 
35370 
35371 
35372 
35373 
35374 
35375 
35377 
35378 
35379 
35381 
35384 
35385 
35387 
35388 
35389 
35391 
35392 
35394 
35395 
35397 
35398 
35399 
35400 
35401 
35402 
35403 
35404 
35405 
35406 
35408 
35409 
35410 
35411 
35412 
35413 
35414 
35415 
35416 
35417 
35419 
35420 
35422 
35423 
35424 
35425 
35427 
35429 
35430 
35431 
35432 
35433 
35434 
35435 
35436 
35437 
35438 
35440 
35442 
35443 
35445 
35447 
35448 
35449 
35450 
35452 
35453 
35454 
35455 
35456 
35458 
35459 
35460 
35462 
35464 
35465 
35467 
35470 
35472 
35473 
35474 
35475 
35476 
35477 
35478 
35479 
35481 
35482 
35483 
35484 
35486 
35487 
35488 
35490 
35491 
35492 
35494 
35495 
35497 
35498 
35500 
35501 
35503 
35504 
35505 
35506 
35507 
35508 
35509 
35510 
35511 
35513 
35514 
35515 
35517 
35519 
35521 
35523 
35526 
35528 
35529 
35530 
35531 
35532 
35534 
35536 
35537 
35538 
35539 
35540 
35542 
35544 
35545 
35546 
35548 
35549 
35550 
35552 
35554 
35555 
35556 
35558 
35559 
35560 
35562 
35564 
35566 
35568 
35569 
35572 
35574 
35575 
35577 
35579 
35581 
35582 
35583 
35584 
35587 
35589 
35591 
35593 
35594 
35595 
35596 
35597 
35598 
35599 
35600 
35601 
35602 
35603 
35605 
35606 
35608 
35609 
35610 
35611 
35612 
35614 
35615 
35617 
35619 
35620 
35621 
35622 
35625 
35627 
35629 
35631 
35633 
35634 
35635 
35636 
35637 
35639 
35640 
35642 
35643 
35644 
35646 
35648 
35649 
35651 
35652 
35654 
35655 
35657 
35658 
35659 
35660 
35661 
35663 
35664 
35665 
35668 
35669 
35670 
35671 
35673 
35674 
35676 
35677 
35678 
35680 
35681 
35682 
35684 
35685 
35687 
35688 
35689 
35690 
35692 
35694 
35695 
35696 
35697 
35698 
35700 
35701 
35702 
35703 
35705 
35706 
35707 
35709 
35710 
35711 
35713 
35714 
35715 
35716 
35718 
35720 
35721 
35722 
35723 
35724 
35726 
35728 
35729 
35730 
35731 
35732 
35733 
35734 
35735 
35737 
35738 
35739 
35740 
35742 
35743 
35745 
35746 
35747 
35748 
35749 
35750 
35752 
35754 
35755 
35757 
35759 
35760 
35761 
35762 
35764 
35765 
35766 
35767 
35768 
35769 
35771 
35772 
35773 
35775 
35776 
35777 
35778 
35780 
35782 
35783 
35784 
35786 
35787 
35789 
35790 
35791 
35792 
35794 
35795 
35796 
35797 
35798 
35800 
35802 
35803 
35804 
35805 
35806 
35808 
35809 
35811 
35812 
35813 
35814 
35815 
35816 
35817 
35818 
35819 
35821 
35823 
35825 
35828 
35830 
35831 
35832 
35833 
35834 
35836 
35838 
35840 
35842 
35843 
35844 
35845 
