0 
1 
2 
3 
3 
5 
7 
7 
8 
9 
10 
11 
12 
13 
14 
15 
17 
17 
17 
17 
17 
17 
17 
17 
17 
17 
17 
17 
17 
17 
19 
19 
20 
21 
22 
23 
24 
25 
26 
27 
28 
29 
29 
30 
31 
32 
33 
34 
35 
36 
37 
38 
38 
38 
38 
38 
38 
38 
40 
40 
40 
41 
43 
43 
43 
44 
46 
46 
46 
48 
48 
50 
50 
52 
52 
52 
54 
56 
56 
56 
58 
58 
60 
60 
60 
60 
59 
59 
59 
59 
61 
62 
62 
63 
64 
65 
66 
67 
68 
69 
70 
71 
72 
73 
74 
75 
76 
77 
78 
79 
80 
81 
82 
83 
84 
85 
86 
87 
87 
88 
89 
90 
90 
91 
92 
93 
94 
95 
96 
97 
97 
98 
99 
99 
100 
101 
102 
103 
104 
104 
105 
106 
106 
106 
107 
108 
109 
110 
111 
112 
113 
114 
115 
117 
117 
117 
117 
119 
121 
121 
121 
123 
123 
125 
125 
125 
125 
125 
125 
124 
124 
126 
128 
128 
128 
128 
128 
128 
128 
127 
127 
126 
126 
126 
126 
128 
130 
130 
130 
130 
130 
130 
129 
129 
129 
129 
129 
128 
128 
130 
130 
132 
132 
131 
131 
131 
131 
131 
133 
132 
132 
132 
132 
132 
134 
134 
134 
133 
133 
133 
133 
133 
135 
135 
137 
137 
137 
137 
137 
137 
137 
137 
137 
137 
137 
136 
136 
138 
138 
140 
140 
140 
140 
140 
140 
140 
142 
142 
142 
142 
142 
144 
144 
145 
145 
145 
147 
147 
148 
150 
150 
150 
152 
152 
152 
152 
152 
152 
151 
152 
153 
154 
155 
156 
157 
157 
158 
159 
160 
161 
161 
162 
163 
164 
164 
164 
165 
166 
167 
167 
168 
169 
170 
171 
172 
173 
174 
175 
176 
177 
178 
179 
180 
181 
182 
183 
184 
185 
186 
187 
188 
189 
190 
191 
192 
193 
194 
195 
196 
197 
197 
198 
199 
200 
200 
201 
202 
203 
204 
205 
206 
207 
208 
209 
210 
211 
211 
212 
213 
214 
215 
216 
217 
218 
218 
219 
220 
221 
222 
223 
224 
225 
226 
226 
227 
228 
229 
230 
231 
232 
233 
234 
235 
236 
237 
237 
238 
239 
240 
240 
241 
242 
243 
244 
245 
246 
247 
248 
249 
250 
251 
252 
252 
252 
253 
254 
255 
256 
257 
258 
258 
259 
260 
261 
262 
263 
264 
265 
266 
267 
268 
269 
269 
270 
271 
272 
273 
273 
274 
275 
275 
276 
277 
278 
279 
280 
281 
282 
283 
284 
285 
284 
284 
284 
284 
284 
284 
286 
286 
288 
288 
290 
290 
290 
290 
290 
290 
290 
290 
290 
290 
289 
289 
289 
291 
291 
293 
293 
293 
293 
293 
293 
295 
295 
295 
295 
295 
295 
296 
296 
298 
298 
298 
299 
301 
301 
301 
303 
303 
305 
305 
305 
305 
305 
304 
304 
304 
304 
304 
304 
304 
304 
306 
306 
306 
307 
307 
307 
307 
309 
309 
309 
311 
311 
311 
313 
313 
313 
315 
315 
315 
317 
317 
317 
317 
317 
317 
316 
316 
316 
316 
316 
316 
316 
318 
318 
318 
319 
319 
319 
319 
319 
321 
323 
323 
323 
325 
325 
325 
327 
327 
329 
329 
329 
329 
329 
328 
328 
330 
330 
330 
330 
330 
330 
330 
330 
331 
331 
331 
333 
333 
333 
335 
337 
337 
337 
337 
337 
337 
337 
337 
338 
338 
338 
340 
340 
340 
342 
342 
342 
342 
341 
341 
341 
341 
343 
345 
345 
345 
347 
347 
347 
348 
348 
350 
350 
350 
350 
350 
350 
349 
349 
351 
351 
351 
351 
351 
351 
351 
353 
353 
353 
354 
354 
356 
356 
356 
357 
357 
359 
359 
361 
361 
363 
363 
363 
365 
365 
367 
367 
367 
367 
367 
366 
366 
368 
368 
368 
368 
368 
368 
368 
368 
369 
369 
369 
369 
371 
371 
371 
373 
375 
375 
375 
375 
375 
375 
375 
375 
375 
376 
376 
378 
378 
378 
380 
379 
379 
379 
379 
379 
379 
381 
381 
381 
380 
380 
379 
381 
381 
383 
383 
383 
383 
383 
383 
383 
385 
385 
385 
384 
384 
384 
384 
384 
384 
384 
384 
386 
388 
388 
388 
388 
388 
388 
388 
388 
389 
389 
390 
390 
390 
391 
393 
393 
393 
395 
396 
397 
397 
398 
399 
400 
401 
402 
403 
404 
405 
406 
407 
408 
409 
410 
411 
412 
413 
413 
414 
415 
416 
416 
417 
418 
419 
420 
421 
422 
423 
424 
425 
426 
427 
427 
428 
429 
430 
431 
432 
433 
433 
434 
434 
435 
436 
437 
438 
439 
440 
441 
442 
443 
444 
444 
445 
446 
446 
447 
448 
449 
450 
450 
451 
452 
453 
454 
455 
456 
457 
458 
459 
460 
461 
461 
462 
463 
464 
465 
466 
467 
468 
469 
470 
471 
472 
473 
474 
475 
476 
477 
477 
478 
478 
479 
480 
481 
482 
483 
483 
484 
485 
486 
487 
488 
489 
489 
490 
491 
492 
493 
494 
495 
496 
497 
498 
499 
499 
500 
501 
502 
503 
504 
505 
506 
507 
508 
509 
510 
511 
512 
513 
513 
514 
515 
516 
516 
517 
518 
519 
520 
521 
522 
522 
523 
524 
525 
526 
526 
527 
528 
529 
530 
531 
532 
533 
534 
535 
536 
537 
538 
539 
540 
540 
541 
542 
543 
544 
545 
546 
547 
548 
549 
550 
551 
552 
553 
554 
555 
556 
556 
557 
558 
559 
560 
561 
562 
562 
563 
564 
565 
566 
567 
568 
569 
570 
571 
572 
573 
574 
575 
576 
576 
577 
577 
578 
579 
580 
581 
582 
583 
584 
585 
586 
587 
588 
589 
589 
590 
591 
592 
593 
594 
594 
595 
596 
597 
597 
598 
599 
600 
601 
602 
603 
604 
605 
606 
606 
607 
608 
609 
610 
611 
612 
613 
614 
615 
616 
617 
618 
619 
620 
621 
622 
623 
624 
624 
624 
625 
626 
627 
627 
628 
629 
630 
631 
632 
633 
633 
634 
635 
636 
637 
637 
638 
639 
640 
641 
642 
643 
644 
645 
646 
647 
648 
649 
650 
651 
651 
652 
653 
654 
655 
656 
657 
658 
659 
660 
661 
662 
663 
664 
665 
666 
667 
668 
668 
669 
670 
671 
672 
673 
674 
674 
675 
676 
677 
678 
679 
680 
681 
682 
683 
684 
685 
686 
687 
688 
688 
689 
690 
691 
692 
692 
693 
694 
695 
696 
697 
698 
699 
700 
701 
702 
703 
704 
705 
706 
707 
708 
709 
710 
710 
711 
712 
713 
714 
715 
716 
716 
717 
717 
718 
719 
720 
721 
722 
723 
724 
725 
726 
727 
728 
729 
729 
730 
731 
732 
733 
734 
735 
736 
737 
738 
739 
739 
740 
741 
742 
743 
744 
745 
746 
747 
747 
749 
749 
749 
751 
751 
751 
753 
753 
754 
754 
754 
754 
753 
753 
753 
753 
755 
755 
755 
755 
755 
755 
754 
754 
756 
756 
756 
756 
756 
756 
756 
758 
758 
760 
760 
760 
761 
761 
761 
763 
763 
764 
766 
766 
766 
766 
768 
770 
770 
770 
772 
772 
772 
772 
772 
772 
771 
773 
773 
773 
773 
773 
773 
773 
773 
774 
774 
774 
776 
776 
776 
778 
780 
780 
780 
780 
780 
780 
780 
780 
780 
781 
781 
781 
783 
783 
783 
785 
784 
784 
784 
783 
785 
785 
785 
784 
784 
784 
784 
784 
786 
786 
788 
788 
788 
788 
787 
787 
787 
787 
787 
787 
787 
789 
791 
791 
791 
791 
791 
791 
791 
793 
793 
793 
793 
793 
793 
793 
793 
794 
794 
795 
795 
795 
796 
798 
798 
798 
800 
802 
802 
802 
802 
804 
805 
805 
805 
807 
807 
809 
809 
809 
809 
809 
809 
808 
808 
810 
812 
812 
812 
812 
812 
812 
812 
811 
811 
813 
813 
815 
815 
814 
814 
814 
814 
814 
816 
816 
815 
815 
815 
815 
815 
815 
817 
817 
819 
819 
819 
819 
819 
819 
819 
821 
821 
821 
820 
820 
820 
820 
820 
820 
820 
822 
824 
824 
824 
824 
824 
824 
824 
824 
825 
825 
826 
826 
826 
827 
829 
829 
829 
831 
831 
833 
833 
833 
835 
836 
836 
836 
838 
838 
840 
840 
840 
840 
839 
839 
839 
839 
841 
843 
843 
843 
843 
843 
843 
843 
845 
845 
847 
847 
847 
849 
848 
848 
848 
848 
848 
848 
847 
847 
847 
847 
847 
849 
849 
851 
851 
851 
851 
851 
851 
851 
851 
853 
855 
855 
855 
855 
855 
855 
855 
857 
857 
857 
857 
857 
857 
857 
857 
858 
858 
859 
859 
859 
860 
862 
862 
862 
864 
864 
864 
864 
864 
864 
864 
866 
866 
866 
868 
868 
868 
869 
871 
871 
871 
873 
873 
875 
875 
875 
875 
875 
877 
877 
879 
879 
879 
879 
878 
878 
878 
877 
877 
879 
879 
881 
881 
881 
880 
880 
880 
880 
880 
880 
880 
880 
880 
882 
882 
882 
883 
885 
885 
885 
887 
887 
887 
889 
889 
891 
891 
891 
891 
891 
893 
893 
895 
895 
895 
895 
895 
894 
893 
893 
893 
895 
895 
897 
897 
897 
896 
896 
896 
898 
898 
898 
898 
900 
900 
901 
903 
903 
903 
905 
905 
905 
905 
905 
905 
904 
903 
903 
903 
903 
903 
903 
905 
905 
907 
907 
907 
907 
906 
906 
906 
906 
908 
908 
910 
910 
909 
909 
909 
911 
911 
911 
911 
911 
911 
912 
912 
914 
914 
914 
915 
917 
917 
917 
919 
919 
921 
921 
921 
921 
921 
920 
920 
920 
922 
922 
922 
924 
926 
926 
926 
928 
928 
930 
930 
930 
930 
929 
929 
929 
929 
931 
933 
932 
932 
932 
932 
932 
932 
933 
932 
932 
932 
932 
932 
931 
931 
933 
933 
935 
935 
935 
935 
937 
936 
936 
936 
936 
936 
938 
938 
938 
937 
937 
937 
937 
937 
939 
939 
939 
939 
939 
939 
939 
939 
941 
943 
943 
943 
943 
943 
943 
943 
945 
945 
945 
945 
945 
945 
945 
945 
946 
946 
947 
947 
947 
948 
950 
950 
950 
952 
952 
952 
952 
952 
952 
952 
954 
953 
953 
955 
955 
955 
956 
958 
958 
958 
960 
960 
962 
962 
962 
962 
962 
964 
964 
966 
966 
968 
968 
968 
968 
967 
967 
967 
966 
966 
968 
968 
970 
970 
970 
969 
969 
969 
969 
969 
969 
969 
969 
969 
971 
971 
970 
971 
973 
973 
973 
975 
975 
975 
977 
977 
979 
981 
981 
981 
981 
981 
981 
983 
983 
983 
983 
983 
982 
981 
980 
980 
982 
982 
984 
984 
984 
983 
983 
983 
985 
985 
985 
987 
988 
988 
988 
990 
990 
990 
990 
990 
989 
989 
989 
989 
991 
993 
993 
993 
995 
995 
995 
995 
995 
995 
994 
994 
996 
996 
996 
996 
996 
995 
995 
997 
997 
999 
999 
999 
1000 
1001 
1001 
1001 
1002 
1002 
1002 
1002 
1002 
1002 
1002 
1002 
1004 
1004 
1004 
1005 
1007 
1007 
1007 
1009 
1009 
1009 
1011 
1011 
1011 
1013 
1012 
1014 
1014 
1014 
1014 
1014 
1013 
1013 
1013 
1012 
1012 
1012 
1012 
1012 
1014 
1014 
1014 
1015 
1017 
1017 
1017 
1018 
1017 
1017 
1019 
1019 
1021 
1020 
1020 
1020 
1019 
1021 
1021 
1021 
1021 
1021 
1021 
1023 
1023 
1025 
1025 
1025 
1025 
1024 
1024 
1024 
1024 
1023 
1022 
1022 
1022 
1024 
1024 
1025 
1025 
1025 
1024 
1023 
1023 
1024 
1025 
1026 
1027 
1028 
1028 
1028 
1029 
1030 
1031 
1032 
1033 
1033 
1034 
1035 
1035 
1036 
1037 
1038 
1038 
1039 
1040 
1041 
1042 
1043 
1043 
1044 
1045 
1046 
1047 
1048 
1049 
1050 
1051 
1052 
1052 
1053 
1054 
1055 
1056 
1057 
1058 
1059 
1060 
1061 
1062 
1063 
1064 
1065 
1066 
1067 
1068 
1069 
1070 
1071 
1071 
1072 
1072 
1072 
1073 
1074 
1075 
1076 
1077 
1078 
1078 
1079 
1080 
1081 
1082 
1082 
1083 
1084 
1085 
1086 
1087 
1088 
1089 
1090 
1091 
1092 
1093 
1094 
1095 
1096 
1096 
1097 
1098 
1099 
1100 
1101 
1102 
1103 
1104 
1105 
1106 
1106 
1107 
1108 
1109 
1110 
1111 
1111 
1112 
1113 
1114 
1114 
1115 
1116 
1116 
1117 
1118 
1119 
1120 
1121 
1122 
1123 
1124 
1125 
1126 
1127 
1128 
1129 
1130 
1131 
1131 
1132 
1133 
1134 
1135 
1136 
1137 
1138 
1139 
1140 
1140 
1141 
1142 
1143 
1144 
1145 
1146 
1147 
1148 
1149 
1150 
1151 
1152 
1152 
1153 
1154 
1155 
1156 
1157 
1158 
1159 
1160 
1161 
1161 
1162 
1163 
1163 
1164 
1164 
1164 
1165 
1166 
1167 
1168 
1168 
1167 
1168 
1169 
1170 
1171 
1172 
1173 
1174 
1175 
1176 
1177 
1178 
1178 
1179 
1180 
1181 
1182 
1183 
1183 
1184 
1184 
1184 
1185 
1186 
1187 
1188 
1189 
1190 
1190 
1191 
1192 
1193 
1194 
1195 
1196 
1197 
1197 
1197 
1198 
1199 
1200 
1200 
1201 
1202 
1203 
1204 
1205 
1205 
1206 
1207 
1208 
1209 
1210 
1211 
1212 
1213 
1213 
1214 
1215 
1216 
1217 
1218 
1219 
1220 
1221 
1222 
1223 
1224 
1225 
1225 
1226 
1227 
1228 
1229 
1230 
1231 
1232 
1233 
1234 
1235 
1235 
1234 
1235 
1236 
1237 
1238 
1239 
1240 
1241 
1242 
1243 
1244 
1245 
1246 
1246 
1247 
1248 
1249 
1250 
1251 
1251 
1252 
1252 
1253 
1254 
1255 
1256 
1257 
1258 
1259 
1260 
1261 
1262 
1263 
1264 
1264 
1265 
1266 
1267 
1268 
1269 
1270 
1271 
1272 
1272 
1273 
1273 
1274 
1275 
1276 
1277 
1278 
1279 
1280 
1281 
1281 
1282 
1283 
1284 
1285 
1286 
1287 
1288 
1288 
1289 
1290 
1291 
1292 
1293 
1294 
1295 
1295 
1296 
1297 
1297 
1297 
1298 
1299 
1300 
1301 
1302 
1302 
1303 
1304 
1305 
1306 
1307 
1308 
1309 
1310 
1310 
1311 
1312 
1313 
1314 
1315 
1316 
1317 
1318 
1319 
1320 
1321 
1322 
1323 
1324 
1325 
1326 
1326 
1327 
1328 
1329 
1330 
1331 
1330 
1330 
1331 
1332 
1333 
1334 
1335 
1336 
1337 
1338 
1339 
1339 
1340 
1341 
1342 
1343 
1344 
1345 
1346 
1347 
1348 
1349 
1350 
1351 
1351 
1352 
1352 
1353 
1354 
1355 
1356 
1357 
1357 
1358 
1359 
1360 
1361 
1362 
1363 
1364 
1364 
1365 
1366 
1367 
1368 
1368 
1369 
1370 
1371 
1372 
1373 
1374 
1375 
1376 
1376 
1377 
1377 
1378 
1379 
1380 
1381 
1382 
1383 
1384 
1385 
1386 
1387 
1388 
1389 
1390 
1391 
1392 
1393 
1393 
1394 
1395 
1396 
1397 
1398 
1399 
1399 
1400 
1400 
1401 
1401 
1402 
1403 
1404 
1405 
1406 
1407 
1408 
1408 
1408 
1409 
1410 
1411 
1411 
1412 
1413 
1414 
1415 
1416 
1417 
1418 
1419 
1420 
1421 
1422 
1422 
1423 
1424 
1425 
1425 
1426 
1427 
1428 
1429 
1430 
1431 
1432 
1433 
1434 
1435 
1436 
1437 
1437 
1438 
1439 
1440 
1441 
1442 
1443 
1444 
1445 
1446 
1446 
1447 
1447 
1448 
1449 
1450 
1450 
1451 
1452 
1453 
1454 
1455 
1456 
1457 
1457 
1457 
1458 
1459 
1460 
1461 
1461 
1462 
1463 
1464 
1465 
1466 
1467 
1468 
1469 
1470 
1471 
1472 
1472 
1473 
1474 
1475 
1476 
1477 
1478 
1479 
1480 
1480 
1481 
1482 
1483 
1484 
1484 
1485 
1486 
1486 
1487 
1488 
1489 
1490 
1491 
1492 
1493 
1494 
1495 
1496 
1497 
1497 
1497 
1498 
1499 
1500 
1501 
1502 
1503 
1503 
1504 
1505 
1506 
1507 
1508 
1509 
1510 
1511 
1512 
1513 
1513 
1514 
1515 
1516 
1517 
1518 
1519 
1520 
1521 
1522 
1523 
1523 
1524 
1524 
1525 
1526 
1527 
1528 
1529 
1530 
1531 
1532 
1533 
1534 
1534 
1535 
1536 
1536 
1537 
1538 
1539 
1540 
1540 
1541 
1542 
1543 
1544 
1545 
1546 
1547 
1548 
1549 
1550 
1551 
1551 
1552 
1553 
1554 
1555 
1556 
1556 
1557 
1558 
1558 
1559 
1560 
1561 
1562 
1563 
1563 
1564 
1565 
1565 
1565 
1566 
1567 
1568 
1569 
1570 
1571 
1572 
1573 
1574 
1575 
1576 
1577 
1577 
1578 
1579 
1580 
1581 
1582 
1583 
1584 
1584 
1585 
1586 
1587 
1588 
1589 
1590 
1591 
1592 
1593 
1594 
1595 
1596 
1597 
1598 
1599 
1600 
1601 
1601 
1602 
1603 
1604 
1604 
1605 
1606 
1607 
1608 
1609 
1609 
1610 
1611 
1612 
1613 
1614 
1615 
1615 
1616 
1617 
1618 
1619 
1620 
1621 
1622 
1623 
1624 
1625 
1626 
1627 
1627 
1628 
1628 
1629 
1630 
1631 
1632 
1633 
1633 
1634 
1635 
1636 
1637 
1638 
1639 
1640 
1641 
1642 
1643 
1644 
1645 
1645 
1646 
1647 
1648 
1649 
1650 
1651 
1652 
1653 
1653 
1654 
1654 
1655 
1656 
1657 
1658 
1659 
1660 
1661 
1662 
1663 
1664 
1665 
1666 
1667 
1668 
1669 
1669 
1670 
1671 
1672 
1673 
1673 
1674 
1674 
1675 
1675 
1676 
1676 
1677 
1678 
1679 
1680 
1680 
1681 
1682 
1683 
1684 
1685 
1686 
1687 
1687 
1688 
1689 
1690 
1690 
1691 
1692 
1693 
1694 
1695 
1696 
1697 
1698 
1699 
1700 
1701 
1701 
1702 
1703 
1704 
1704 
1705 
1706 
1707 
1708 
1709 
1710 
1711 
1712 
1713 
1714 
1715 
1715 
1716 
1717 
1718 
1719 
1720 
1721 
1722 
1723 
1724 
1724 
1725 
1725 
1726 
1727 
1728 
1728 
1729 
1730 
1731 
1732 
1733 
1734 
1735 
1736 
1737 
1738 
1739 
1740 
1741 
1741 
1742 
1743 
1744 
1745 
1746 
1747 
1748 
1749 
1750 
1751 
1751 
1752 
1753 
1754 
1755 
1756 
1757 
1758 
1759 
1759 
1760 
1761 
1761 
1762 
1762 
1762 
1763 
1763 
1763 
1764 
1765 
1766 
1767 
1768 
1769 
1770 
1771 
1772 
1773 
1774 
1775 
1776 
1777 
1777 
1778 
1779 
1780 
1781 
1782 
1783 
1784 
1785 
1786 
1787 
1788 
1789 
1789 
1790 
1791 
1792 
1793 
1794 
1795 
1796 
1796 
1797 
1798 
1799 
1800 
1801 
1802 
1802 
1802 
1803 
1804 
1805 
1805 
1806 
1806 
1807 
1808 
1809 
1809 
1810 
1811 
1812 
1813 
1814 
1815 
1816 
1817 
1818 
1819 
1819 
1820 
1821 
1822 
1823 
1824 
1825 
1826 
1827 
1827 
1828 
1829 
1830 
1831 
1831 
1832 
1833 
1834 
1835 
1836 
1837 
1838 
1839 
1840 
1840 
1841 
1842 
1843 
1844 
1845 
1845 
1846 
1847 
1848 
1849 
1850 
1850 
1851 
1852 
1853 
1854 
1855 
1856 
1857 
1857 
1858 
1858 
1859 
1860 
1861 
1861 
1862 
1863 
1864 
1865 
1866 
1867 
1868 
1869 
1870 
1871 
1872 
1873 
1874 
1874 
1875 
1876 
1877 
1878 
1879 
1880 
1881 
1881 
1882 
1883 
1884 
1885 
1886 
1887 
1888 
1889 
1890 
1891 
1891 
1892 
1892 
1891 
1890 
1890 
1890 
1890 
1892 
1892 
1894 
1894 
1894 
1894 
1894 
1894 
1894 
1896 
1896 
1898 
1898 
1898 
1898 
1898 
1898 
1898 
1900 
1899 
1899 
1899 
1901 
1901 
1902 
1902 
1902 
1904 
1904 
1906 
1906 
1906 
1908 
1908 
1908 
1908 
1908 
1908 
1907 
1907 
1909 
1909 
1909 
1910 
1912 
1912 
1912 
1914 
1914 
1916 
1916 
1916 
1916 
1916 
1915 
1915 
1917 
1917 
1917 
1917 
1919 
1921 
1921 
1921 
1923 
1923 
1925 
1925 
1925 
1925 
1925 
1925 
1924 
1924 
1926 
1926 
1925 
1925 
1924 
1924 
1924 
1924 
1926 
1928 
1927 
1926 
1926 
1926 
1926 
1926 
1927 
1927 
1929 
1929 
1928 
1928 
1928 
1928 
1928 
1930 
1930 
1930 
1929 
1929 
1929 
1929 
1929 
1929 
1931 
1931 
1933 
1933 
1935 
1935 
1935 
1935 
1935 
1935 
1935 
1935 
1935 
1935 
1935 
1935 
1935 
1937 
1939 
1939 
1939 
1939 
1939 
1939 
1939 
1939 
1940 
1940 
1941 
1941 
1941 
1942 
1944 
1944 
1944 
1946 
1946 
1946 
1946 
1946 
1946 
1946 
1948 
1948 
1948 
1950 
1950 
1949 
1950 
1952 
1952 
1952 
1954 
1954 
1956 
1956 
1956 
1956 
1956 
1958 
1958 
1960 
1960 
1960 
1960 
1959 
1959 
1958 
1958 
1960 
1960 
1962 
1962 
1962 
1961 
1961 
1961 
1961 
1961 
1961 
1961 
1961 
1961 
1963 
1963 
1964 
1966 
1966 
1966 
1968 
1968 
1968 
1970 
1970 
1972 
1974 
1974 
1974 
1974 
1974 
1974 
1976 
1976 
1978 
1978 
1978 
1978 
1978 
1977 
1976 
1976 
1976 
1978 
1978 
1980 
1980 
1980 
1979 
1979 
1979 
1981 
1981 
1981 
1983 
1983 
1983 
1983 
1982 
1982 
1982 
1982 
1984 
1986 
1986 
1986 
1988 
1989 
1989 
1989 
1989 
1991 
1991 
1991 
1991 
1991 
1991 
1990 
1990 
1992 
1992 
1992 
1992 
1992 
1992 
1992 
1994 
1994 
1996 
1996 
1996 
1997 
1999 
1999 
1999 
1999 
2001 
2001 
2002 
2004 
2004 
2003 
2005 
2005 
2005 
2005 
2005 
2005 
2004 
2004 
2004 
2004 
2004 
2004 
2006 
2006 
2006 
2007 
2007 
2009 
2009 
2009 
2009 
2008 
2008 
2008 
2008 
2008 
2008 
2010 
2010 
2010 
2010 
2011 
2013 
2013 
2013 
2015 
2015 
2017 
2017 
2017 
2017 
2017 
2019 
2019 
2019 
2018 
2017 
2017 
2019 
2019 
2021 
2021 
2021 
2020 
2020 
2020 
2020 
2019 
2019 
2019 
2018 
2018 
2020 
2020 
2020 
2020 
2019 
2019 
2018 
2018 
2018 
2018 
2018 
2018 
2020 
2020 
2022 
2022 
2024 
2024 
2024 
2023 
2023 
2023 
2023 
2023 
2022 
2022 
2021 
2021 
2023 
2023 
2025 
2025 
2025 
2025 
2025 
2025 
2027 
2027 
2027 
2027 
2027 
2027 
2028 
2028 
2030 
2030 
2030 
2031 
2033 
2033 
2033 
2035 
2035 
2035 
2035 
2035 
2035 
2034 
2034 
2034 
2034 
2033 
2033 
2033 
2033 
2035 
2035 
2035 
2036 
2036 
2036 
2036 
2036 
2038 
2038 
2040 
2040 
2042 
2042 
2042 
2042 
2042 
2041 
2041 
2043 
2043 
2043 
2043 
2043 
2043 
2043 
2043 
2044 
2044 
2044 
2046 
2046 
2046 
2048 
2050 
2050 
2050 
2050 
2049 
2049 
2049 
2049 
2049 
2051 
2053 
2053 
2053 
2055 
2056 
2056 
2058 
2058 
2058 
2057 
2056 
2056 
2056 
2056 
2058 
2058 
2058 
2058 
2058 
2058 
2058 
2060 
2060 
2062 
2062 
2062 
2063 
2064 
2064 
2063 
2065 
2065 
2065 
2065 
2065 
2065 
2065 
2065 
2067 
2067 
2067 
2068 
2068 
2070 
2070 
2070 
2072 
2072 
2072 
2074 
2074 
2076 
2076 
2076 
2076 
2076 
2075 
2075 
2075 
2075 
2075 
2075 
2075 
2075 
2077 
2077 
2077 
2078 
2080 
2080 
2080 
2082 
2082 
2082 
2084 
2084 
2086 
2085 
2085 
2085 
2084 
2086 
2086 
2086 
2086 
2086 
2086 
2088 
2090 
2090 
2090 
2090 
2089 
2089 
2089 
2089 
2088 
2087 
2087 
2087 
2089 
2089 
2091 
2091 
2091 
2090 
2090 
2090 
2092 
2092 
2092 
2091 
2091 
2091 
2091 
2091 
2093 
2093 
2095 
2095 
2094 
2094 
2094 
2094 
2094 
2093 
2093 
2093 
2092 
2092 
2094 
2094 
2096 
2096 
2096 
2096 
2096 
2096 
2096 
2098 
2098 
2098 
2098 
2098 
2100 
2100 
2101 
2101 
2101 
2103 
2103 
2104 
2106 
2106 
2106 
2106 
2106 
2106 
2106 
2106 
2105 
2105 
2105 
2104 
2104 
2104 
2104 
2106 
2105 
2105 
2106 
2106 
2106 
2108 
2108 
2108 
2108 
2110 
2110 
2109 
2109 
2109 
2109 
2108 
2110 
2110 
2109 
2109 
2109 
2109 
2109 
2109 
2109 
2111 
2113 
2113 
2113 
2113 
2113 
2113 
2113 
2113 
2114 
2114 
2114 
2116 
2116 
2116 
2118 
2120 
2120 
2120 
2122 
2123 
2123 
2125 
2125 
2125 
2125 
2125 
2124 
2123 
2123 
2125 
2125 
2124 
2124 
2124 
2124 
2123 
2125 
2125 
2127 
2127 
2127 
2127 
2129 
2129 
2130 
2132 
2132 
2131 
2133 
2133 
2133 
2133 
2133 
2133 
2132 
2132 
2132 
2132 
2132 
2132 
2132 
2134 
2134 
2134 
2135 
2135 
2137 
2137 
2137 
2136 
2138 
2138 
2138 
2138 
2138 
2138 
2138 
2140 
2140 
2140 
2142 
2142 
2142 
2143 
2145 
2145 
2145 
2147 
2147 
2149 
2149 
2149 
2149 
2149 
2151 
2151 
2150 
2149 
2149 
2151 
2151 
2153 
2153 
2153 
2152 
2152 
2152 
2152 
2151 
2151 
2151 
2150 
2150 
2152 
2152 
2154 
2154 
2154 
2153 
2153 
2153 
2155 
2155 
2155 
2155 
2157 
2159 
2159 
2159 
2161 
2161 
2163 
2163 
2163 
2163 
2163 
2163 
2162 
2162 
2163 
2165 
2165 
2165 
2164 
2163 
2162 
2162 
2162 
2162 
2164 
2166 
2165 
2165 
2165 
2165 
2165 
2164 
2164 
2164 
2164 
2163 
2163 
2165 
2165 
2167 
2167 
2166 
2166 
2166 
2166 
2166 
2168 
2168 
2168 
2168 
2168 
2168 
2170 
2170 
2170 
2169 
2171 
2171 
2171 
2171 
2171 
2171 
2170 
2170 
2170 
2172 
2172 
2172 
2172 
2172 
2172 
2174 
2174 
2174 
2176 
2176 
2178 
2177 
2177 
2179 
2179 
2181 
2181 
2181 
2181 
2181 
2180 
2180 
2182 
2182 
2182 
2182 
2182 
2182 
2182 
2182 
2182 
2183 
2183 
2185 
2185 
2185 
2187 
2187 
2189 
2189 
2189 
2191 
2193 
2193 
2193 
2195 
2195 
2197 
2197 
2197 
2197 
2196 
2196 
2196 
2196 
2197 
2199 
2198 
2198 
2198 
2198 
2198 
2197 
2197 
2196 
2196 
2196 
2196 
2198 
2200 
2200 
2199 
2199 
2199 
2199 
2198 
2197 
2197 
2199 
2199 
2201 
2201 
2201 
2201 
2201 
2201 
2203 
2202 
2202 
2202 
2202 
2202 
2202 
2204 
2204 
2204 
2204 
2204 
2203 
2205 
2205 
2205 
2205 
2205 
2205 
2204 
2206 
2206 
2206 
2206 
2206 
2206 
2208 
2208 
2210 
2210 
2210 
2210 
2212 
2214 
2213 
2213 
2215 
2215 
2215 
2215 
2215 
2215 
2214 
2216 
2216 
2216 
2216 
2216 
2216 
2216 
2216 
2217 
2217 
2217 
2219 
2219 
2219 
2221 
2220 
2220 
2220 
2220 
2220 
2219 
2220 
2220 
2222 
2222 
2224 
2224 
2224 
2224 
2224 
2224 
2224 
2226 
2226 
2226 
2225 
2225 
2225 
2225 
2225 
2225 
2225 
2225 
2227 
2228 
2228 
2228 
2228 
2228 
2228 
2228 
2228 
2229 
2229 
2230 
2230 
2230 
2231 
2233 
2233 
2233 
2235 
2237 
2237 
2239 
2239 
2239 
2241 
2241 
2242 
2242 
2242 
2242 
2241 
2241 
2241 
2241 
2243 
2243 
2242 
2242 
2242 
2242 
2244 
2244 
2246 
2246 
2245 
2246 
2246 
2248 
2248 
2249 
2249 
2251 
2251 
2251 
2251 
2251 
2251 
2253 
2253 
2253 
2253 
2253 
2253 
2253 
2253 
2254 
2254 
2254 
2256 
2258 
2258 
2258 
2258 
2258 
2258 
2258 
2258 
2258 
2259 
2259 
2259 
2261 
2261 
2261 
2263 
2262 
2262 
2262 
2261 
2263 
2263 
2263 
2262 
2262 
2262 
2262 
2262 
2264 
2264 
2265 
2265 
2264 
2264 
2263 
2263 
2263 
2263 
2263 
2263 
2262 
2264 
2266 
2266 
2266 
2266 
2266 
2266 
2266 
2268 
2268 
2268 
2267 
2267 
2267 
2267 
2267 
2268 
2268 
2269 
2269 
2269 
2270 
2272 
2272 
2272 
2274 
2276 
2276 
2275 
2275 
2275 
2275 
2275 
2277 
2277 
2278 
2278 
2277 
2277 
2277 
2277 
2277 
2277 
2277 
2277 
2277 
2276 
2276 
2278 
2278 
2280 
2280 
2280 
2280 
2280 
2280 
2280 
2282 
2282 
2282 
2282 
2282 
2284 
2284 
2285 
2285 
2285 
2287 
2287 
2288 
2290 
2290 
2290 
2291 
2291 
2291 
2291 
2291 
2291 
2290 
2290 
2290 
2290 
2290 
2290 
2290 
2291 
2291 
2291 
2291 
2293 
2293 
2293 
2293 
2294 
2294 
2294 
2294 
2293 
2295 
2295 
2295 
2297 
2297 
2297 
2299 
2299 
2301 
2301 
2301 
2301 
2301 
2300 
2300 
2302 
2302 
2301 
2301 
2301 
2301 
2301 
2301 
2303 
2303 
2303 
2305 
2307 
2307 
2307 
2307 
2307 
2307 
2307 
2307 
2308 
2308 
2308 
2310 
2310 
2310 
2312 
2312 
2312 
2312 
2312 
2312 
2312 
2314 
2316 
2316 
2316 
2318 
2319 
2319 
2318 
2317 
2319 
2319 
2319 
2319 
2319 
2319 
2318 
2318 
2320 
2322 
2322 
2322 
2322 
2324 
2324 
2325 
2327 
2327 
2326 
2328 
2328 
2328 
2328 
2328 
2328 
2327 
2327 
2327 
2327 
2327 
2327 
2327 
2329 
2329 
2329 
2330 
2330 
2332 
2332 
2332 
2332 
2334 
2334 
2334 
2334 
2334 
2334 
2334 
2336 
2335 
2335 
2337 
2337 
2337 
2338 
2340 
2340 
2340 
2342 
2342 
2344 
2344 
2344 
2344 
2344 
2346 
2345 
2345 
2344 
2343 
2343 
2345 
2345 
2347 
2347 
2347 
2346 
2346 
2346 
2346 
2345 
2345 
2345 
2344 
2344 
2346 
2346 
2348 
2348 
2348 
2347 
2347 
2347 
2349 
2349 
2349 
2349 
2351 
2353 
2353 
2353 
2355 
2355 
2357 
2357 
2357 
2357 
2356 
2356 
2355 
2357 
2357 
2357 
2356 
2356 
2355 
2355 
2355 
2355 
2357 
2359 
2358 
2358 
2358 
2358 
2358 
2357 
2357 
2357 
2357 
2356 
2356 
2358 
2358 
2359 
2358 
2358 
2358 
2358 
2358 
2360 
2360 
2360 
2360 
2360 
2360 
2362 
2362 
2362 
2362 
2364 
2364 
2364 
2364 
2364 
2363 
2363 
2363 
2362 
2364 
2364 
2364 
2364 
2363 
2363 
2362 
2362 
2364 
2364 
2364 
2364 
2364 
2364 
2366 
2366 
2366 
2368 
2368 
2370 
2369 
2369 
2371 
2371 
2373 
2373 
2373 
2373 
2373 
2372 
2372 
2374 
2374 
2374 
2374 
2374 
2374 
2374 
2374 
2374 
2375 
2375 
2377 
2377 
2377 
2379 
2379 
2381 
2381 
2381 
2383 
2385 
2385 
2385 
2387 
2387 
2389 
2389 
2389 
2389 
2388 
2388 
2388 
2388 
2389 
2389 
2389 
2389 
2389 
2388 
2388 
2387 
2387 
2387 
2387 
2388 
2390 
2390 
2389 
2389 
2389 
2389 
2389 
2388 
2388 
2390 
2390 
2392 
2392 
2392 
2392 
2392 
2392 
2394 
2393 
2393 
2393 
2393 
2393 
2393 
2393 
2393 
2392 
2392 
2391 
2391 
2393 
2393 
2395 
2395 
2395 
2395 
2395 
2395 
2397 
2397 
2397 
2397 
2397 
2397 
2396 
2395 
2397 
2399 
2399 
2399 
2399 
2401 
2401 
2403 
2403 
2403 
2403 
2403 
2403 
2402 
2404 
2404 
2404 
2404 
2404 
2404 
2404 
2404 
2405 
2405 
2405 
2407 
2407 
2407 
2409 
2409 
2408 
2408 
2408 
2408 
2408 
2410 
2410 
2412 
2412 
2412 
2412 
2412 
2412 
2412 
2411 
2411 
2411 
2411 
2413 
2415 
2415 
2415 
2415 
2415 
2415 
2417 
2416 
2417 
2417 
2417 
2418 
2418 
2419 
2421 
2421 
2421 
2423 
2423 
2423 
2423 
2423 
2423 
2422 
2421 
2421 
2421 
2421 
2421 
2421 
2423 
2423 
2425 
2425 
2425 
2425 
2425 
2425 
2425 
2426 
2426 
2428 
2428 
2428 
2429 
2431 
2431 
2431 
2433 
2433 
2435 
2435 
2435 
2435 
2435 
2434 
2434 
2436 
2436 
2436 
2436 
2438 
2439 
2439 
2439 
2441 
2441 
2441 
2441 
2441 
2441 
2440 
2440 
2442 
2441 
2441 
2440 
2440 
2440 
2440 
2442 
2444 
2444 
2444 
2444 
2444 
2444 
2444 
2444 
2444 
2446 
2446 
2447 
2447 
2447 
2447 
2447 
2449 
2449 
2451 
2451 
2451 
2453 
2455 
2455 
2457 
2457 
2458 
2458 
2458 
2458 
2457 
2457 
2457 
2457 
2459 
2461 
2461 
2461 
2461 
2461 
2461 
2460 
2460 
2460 
2460 
2460 
2460 
2462 
2464 
2464 
2464 
2463 
2463 
2463 
2463 
2463 
2465 
2465 
2467 
2467 
2467 
2467 
2467 
2467 
2467 
2467 
2468 
2470 
2470 
2470 
2470 
2470 
2470 
2470 
2470 
2470 
2470 
2470 
2470 
2470 
2471 
2471 
2472 
2472 
2472 
2473 
2474 
2474 
2474 
2476 
2476 
2476 
2477 
2478 
2478 
2478 
2480 
2480 
2482 
2482 
2481 
2480 
2480 
2480 
2480 
2482 
2484 
2484 
2484 
2484 
2484 
2484 
2484 
2484 
2483 
2483 
2483 
2483 
2485 
2487 
2487 
2487 
2487 
2486 
2485 
2485 
2487 
2487 
2487 
2487 
2487 
2487 
2489 
2488 
2488 
2488 
2488 
2488 
2490 
2490 
2490 
2492 
2492 
2492 
2492 
2491 
2491 
2491 
2491 
2493 
2493 
2495 
2495 
2495 
2495 
2495 
2495 
2497 
2497 
2497 
2497 
2497 
2497 
2496 
2498 
2498 
2497 
2497 
2497 
2497 
2497 
2499 
2499 
2501 
2501 
2501 
2503 
2505 
2505 
2505 
2505 
2507 
2508 
2508 
2508 
2510 
2510 
2510 
2510 
2510 
2510 
2509 
2511 
2511 
2511 
2511 
2511 
2510 
2511 
2511 
2511 
2511 
2511 
2512 
2512 
2513 
2514 
2515 
2516 
2517 
2518 
2518 
2519 
2520 
2521 
2522 
2523 
2524 
2525 
2526 
2527 
2528 
2528 
2529 
2530 
2531 
2532 
2533 
2533 
2533 
2534 
2535 
2536 
2537 
2538 
2539 
2540 
2541 
2542 
2543 
2544 
2545 
2545 
2546 
2547 
2548 
2548 
2549 
2550 
2550 
2551 
2552 
2552 
2553 
2554 
2555 
2556 
2557 
2558 
2559 
2560 
2561 
2562 
2563 
2564 
2565 
2566 
2567 
2568 
2568 
2569 
2570 
2570 
2571 
2572 
2573 
2574 
2574 
2575 
2576 
2577 
2578 
2579 
2580 
2581 
2582 
2583 
2584 
2584 
2585 
2586 
2587 
2588 
2588 
2588 
2589 
2590 
2591 
2592 
2592 
2593 
2594 
2595 
2595 
2595 
2596 
2597 
2598 
2598 
2599 
2600 
2601 
2602 
2603 
2604 
2605 
2606 
2607 
2608 
2609 
2610 
2611 
2612 
2613 
2614 
2615 
2616 
2617 
2618 
2618 
2619 
2620 
2621 
2622 
2623 
2624 
2625 
2626 
2627 
2628 
2628 
2629 
2630 
2631 
2632 
2633 
2634 
2635 
2636 
2637 
2638 
2639 
2640 
2640 
2641 
2642 
2643 
2644 
2645 
2646 
2646 
2647 
2648 
2649 
2650 
2651 
2652 
2653 
2654 
2655 
2655 
2655 
2656 
2656 
2657 
2658 
2659 
2660 
2661 
2662 
2663 
2664 
2665 
2666 
2667 
2668 
2668 
2669 
2670 
2671 
2672 
2673 
2674 
2675 
2676 
2677 
2678 
2678 
2679 
2680 
2681 
2682 
2683 
2684 
2685 
2686 
2686 
2687 
2687 
2688 
2689 
2690 
2691 
2692 
2693 
2694 
2695 
2696 
2697 
2698 
2699 
2700 
2701 
2702 
2702 
2703 
2704 
2705 
2706 
2707 
2708 
2708 
2709 
2709 
2710 
2710 
2711 
2712 
2713 
2714 
2715 
2716 
2717 
2718 
2719 
2720 
2721 
2722 
2722 
2723 
2724 
2725 
2726 
2727 
2727 
2728 
2729 
2730 
2731 
2731 
2732 
2733 
2734 
2734 
2735 
2736 
2737 
2738 
2739 
2740 
2741 
2741 
2742 
2743 
2744 
2744 
2745 
2746 
2747 
2748 
2749 
2750 
2751 
2752 
2753 
2753 
2754 
2754 
2755 
2755 
2756 
2756 
2757 
2758 
2759 
2760 
2761 
2762 
2763 
2764 
2764 
2765 
2766 
2767 
2767 
2768 
2769 
2770 
2771 
2771 
2772 
2773 
2774 
2775 
2776 
2777 
2778 
2779 
2780 
2781 
2782 
2782 
2783 
2784 
2785 
2786 
2787 
2788 
2789 
2790 
2790 
2791 
2792 
2793 
2794 
2795 
2796 
2797 
2798 
2799 
2800 
2801 
2802 
2803 
2804 
2805 
2805 
2806 
2807 
2808 
2808 
2809 
2809 
2809 
2809 
2810 
2810 
2811 
2812 
2813 
2814 
2815 
2816 
2817 
2818 
2819 
2820 
2820 
2821 
2822 
2823 
2823 
2824 
2825 
2826 
2827 
2828 
2828 
2829 
2830 
2831 
2832 
2833 
2834 
2835 
2836 
2837 
2838 
2839 
2839 
2840 
2841 
2842 
2842 
2842 
2843 
2844 
2844 
2845 
2846 
2847 
2848 
2849 
2850 
2851 
2852 
2853 
2853 
2854 
2855 
2855 
2856 
2857 
2858 
2859 
2860 
2861 
2862 
2863 
2864 
2864 
2865 
2865 
2866 
2867 
2868 
2868 
2869 
2869 
2870 
2871 
2872 
2873 
2873 
2874 
2875 
2876 
2877 
2878 
2878 
2879 
2880 
2881 
2882 
2883 
2884 
2884 
2885 
2885 
2886 
2886 
2887 
2888 
2889 
2890 
2891 
2892 
2893 
2893 
2894 
2895 
2896 
2897 
2898 
2899 
2900 
2901 
2902 
2903 
2904 
2905 
2905 
2906 
2907 
2908 
2909 
2910 
2911 
2912 
2913 
2913 
2914 
2914 
2915 
2916 
2916 
2917 
2918 
2919 
2920 
2921 
2922 
2923 
2924 
2925 
2926 
2925 
2926 
2927 
2928 
2929 
2928 
2929 
2930 
2931 
2932 
2933 
2934 
2935 
2936 
2937 
2938 
2939 
2940 
2941 
2941 
2941 
2942 
2942 
2943 
2944 
2945 
2945 
2946 
2946 
2947 
2948 
2949 
2950 
2951 
2952 
2953 
2954 
2955 
2956 
2956 
2957 
2958 
2958 
2959 
2960 
2961 
2962 
2962 
2963 
2963 
2963 
2964 
2965 
2966 
2967 
2967 
2968 
2969 
2970 
2971 
2972 
2973 
2974 
2974 
2974 
2975 
2976 
2976 
2977 
2977 
2978 
2979 
2980 
2980 
2981 
2982 
2982 
2983 
2984 
2985 
2986 
2987 
2987 
2988 
2989 
2990 
2991 
2992 
2993 
2994 
2994 
2994 
2995 
2996 
2997 
2997 
2998 
2999 
3000 
3000 
3001 
3002 
3003 
3004 
3005 
3006 
3007 
3008 
3008 
3009 
3010 
3011 
3012 
3012 
3013 
3014 
3015 
3016 
3017 
3018 
3019 
3019 
3020 
3021 
3022 
3023 
3024 
3025 
3025 
3026 
3027 
3027 
3028 
3029 
3030 
3030 
3030 
3031 
3032 
3033 
3034 
3035 
3036 
3037 
3038 
3038 
3039 
3040 
3040 
3041 
3042 
3043 
3044 
3045 
3046 
3047 
3048 
3049 
3050 
3051 
3052 
3052 
3052 
3053 
3053 
3054 
3054 
3055 
3055 
3056 
3057 
3058 
3058 
3059 
3060 
3061 
3062 
3063 
3064 
3065 
3066 
3067 
3068 
3069 
3070 
3071 
3072 
3073 
3073 
3074 
3075 
3076 
3077 
3077 
3078 
3078 
3079 
3080 
3081 
3082 
3083 
3084 
3085 
3086 
3086 
3085 
3086 
3087 
3088 
3089 
3090 
3090 
3091 
3092 
3093 
3094 
3095 
3095 
3096 
3097 
3098 
3099 
3099 
3100 
3101 
3101 
3102 
3102 
3103 
3103 
3104 
3105 
3106 
3106 
3106 
3107 
3108 
3109 
3108 
3109 
3110 
3111 
3112 
3113 
3114 
3115 
3116 
3117 
3118 
3119 
3120 
3121 
3122 
3123 
3123 
3124 
3125 
3126 
3127 
3128 
3129 
3130 
3131 
3131 
3132 
3133 
3133 
3133 
3134 
3135 
3136 
3137 
3138 
3138 
3139 
3139 
3140 
3141 
3142 
3143 
3144 
3145 
3144 
3145 
3146 
3147 
3146 
3147 
3148 
3149 
3150 
3151 
3152 
3153 
3154 
3155 
3155 
3156 
3157 
3158 
3159 
3159 
3159 
3160 
3161 
3162 
3163 
3164 
3165 
3165 
3166 
3166 
3167 
3168 
3169 
3170 
3171 
3172 
3173 
3174 
3175 
3175 
3176 
3177 
3178 
3179 
3179 
3180 
3181 
3181 
3182 
3182 
3183 
3183 
3184 
3185 
3186 
3187 
3187 
3188 
3189 
3190 
3191 
3192 
3193 
3192 
3193 
3194 
3194 
3195 
3196 
3197 
3197 
3198 
3198 
3199 
3200 
3201 
3202 
3202 
3203 
3204 
3205 
3206 
3207 
3208 
3209 
3210 
3210 
3211 
3212 
3213 
3214 
3215 
3216 
3216 
3217 
3218 
3219 
3219 
3220 
3221 
3221 
3222 
3223 
3223 
3224 
3225 
3225 
3226 
3227 
3228 
3229 
3230 
3231 
3232 
3233 
3233 
3234 
3235 
3236 
3237 
3238 
3238 
3239 
3240 
3241 
3241 
3242 
3243 
3244 
3244 
3245 
3245 
3246 
3247 
3248 
3249 
3250 
3251 
3252 
3253 
3254 
3254 
3255 
3256 
3257 
3258 
3259 
3260 
3261 
3262 
3263 
3264 
3264 
3265 
3266 
3267 
3267 
3267 
3268 
3269 
3269 
3269 
3270 
3271 
3272 
3273 
3274 
3275 
3276 
3277 
3277 
3278 
3279 
3280 
3281 
3281 
3282 
3283 
3284 
3285 
3286 
3287 
3288 
3289 
3290 
3291 
3292 
3293 
3294 
3294 
3295 
3295 
3294 
3294 
3295 
3296 
3297 
3298 
3299 
3300 
3300 
3301 
3302 
3302 
3303 
3304 
3304 
3305 
3306 
3307 
3307 
3308 
3309 
3310 
3311 
3312 
3313 
3313 
3314 
3314 
3315 
3315 
3316 
3317 
3318 
3319 
3320 
3321 
3322 
3322 
3323 
3324 
3323 
3324 
3325 
3326 
3327 
3328 
3329 
3330 
3331 
3331 
3332 
3333 
3334 
3335 
3336 
3337 
3338 
3339 
3339 
3340 
3341 
3341 
3342 
3342 
3342 
3343 
3344 
3345 
3346 
3347 
3348 
3348 
3349 
3350 
3351 
3352 
3352 
3353 
3354 
3355 
3355 
3355 
3356 
3357 
3358 
3358 
3359 
3360 
3361 
3362 
3363 
3363 
3364 
3365 
3366 
3367 
3368 
3369 
3370 
3371 
3372 
3373 
3374 
3375 
3376 
3377 
3378 
3379 
3380 
3380 
3381 
3382 
3382 
3383 
3384 
3385 
3386 
3387 
3388 
3389 
3390 
3391 
3391 
3391 
3391 
3392 
3393 
3394 
3395 
3396 
3397 
3398 
3398 
3399 
3400 
3401 
3402 
3402 
3403 
3404 
3405 
3406 
3407 
3407 
3408 
3408 
3408 
3409 
3410 
3411 
3412 
3413 
3414 
3415 
3416 
3417 
3418 
3419 
3420 
3421 
3422 
3423 
3424 
3425 
3426 
3427 
3428 
3429 
3430 
3430 
3431 
3432 
3433 
3433 
3434 
3435 
3436 
3437 
3438 
3439 
3440 
3441 
3442 
3442 
3443 
3444 
3445 
3446 
3447 
3448 
3448 
3449 
3450 
3451 
3452 
3453 
3454 
3455 
3456 
3457 
3458 
3458 
3459 
3460 
3461 
3461 
3462 
3463 
3463 
3464 
3464 
3465 
3466 
3466 
3467 
3468 
3468 
3469 
3470 
3471 
3472 
3473 
3473 
3474 
3475 
3475 
3475 
3476 
3477 
3476 
3477 
3478 
3478 
3479 
3480 
3481 
3482 
3483 
3484 
3485 
3486 
3487 
3488 
3488 
3489 
3490 
3491 
3492 
3493 
3494 
3495 
3496 
3497 
3497 
3497 
3498 
3499 
3499 
3500 
3501 
3502 
3503 
3504 
3505 
3506 
3506 
3507 
3508 
3509 
3510 
3511 
3511 
3511 
3511 
3512 
3513 
3514 
3514 
3515 
3516 
3517 
3518 
3519 
3519 
3520 
3521 
3521 
3522 
3522 
3523 
3524 
3525 
3526 
3527 
3528 
3529 
3530 
3531 
3532 
3533 
3534 
3535 
3536 
3537 
3538 
3539 
3540 
3541 
3542 
3543 
3543 
3544 
3545 
3546 
3547 
3547 
3548 
3549 
3550 
3551 
3552 
3553 
3554 
3555 
3555 
3556 
3557 
3558 
3559 
3559 
3560 
3561 
3561 
3562 
3563 
3564 
3565 
3566 
3567 
3568 
3568 
3569 
3569 
3570 
3571 
3572 
3572 
3572 
3573 
3574 
3574 
3574 
3575 
3576 
3577 
3578 
3578 
3579 
3580 
3581 
3582 
3583 
3584 
3585 
3586 
3586 
3586 
3587 
3588 
3589 
3590 
3591 
3592 
3592 
3593 
3593 
3594 
3595 
3595 
3596 
3597 
3598 
3599 
3600 
3601 
3602 
3603 
3603 
3604 
3605 
3606 
3607 
3608 
3609 
3610 
3611 
3612 
3613 
3613 
3614 
3615 
3616 
3617 
3618 
3619 
3620 
3621 
3621 
3622 
3623 
3624 
3625 
3624 
3624 
3625 
3625 
3626 
3627 
3628 
3628 
3629 
3630 
3630 
3631 
3632 
3633 
3633 
3634 
3635 
3636 
3637 
3638 
3638 
3639 
3640 
3641 
3642 
3643 
3644 
3645 
3645 
3646 
3647 
3648 
3648 
3649 
3650 
3650 
3651 
3651 
3652 
3652 
3652 
3653 
3654 
3654 
3655 
3656 
3656 
3657 
3658 
3659 
3660 
3661 
3662 
3663 
3663 
3664 
3664 
3664 
3665 
3666 
3667 
3668 
3669 
3670 
3671 
3672 
3672 
3673 
3674 
3675 
3675 
3676 
3677 
3677 
3678 
3679 
3680 
3681 
3682 
3683 
3684 
3685 
3686 
3687 
3688 
3689 
3690 
3691 
3692 
3692 
3693 
3694 
3695 
3696 
3697 
3698 
3699 
3700 
3701 
3701 
3702 
3703 
3704 
3705 
3706 
3707 
3708 
3709 
3710 
3711 
3711 
3712 
3713 
3714 
3715 
3716 
3717 
3718 
3719 
3719 
3720 
3721 
3721 
3722 
3722 
3722 
3722 
3723 
3724 
3724 
3724 
3725 
3726 
3727 
3728 
3729 
3730 
3731 
3732 
3733 
3734 
3735 
3735 
3736 
3737 
3738 
3739 
3740 
3739 
3740 
3740 
3740 
3740 
3741 
3742 
3743 
3742 
3742 
3743 
3744 
3744 
3745 
3746 
3747 
3746 
3747 
3748 
3748 
3749 
3750 
3751 
3751 
3752 
3753 
3754 
3755 
3756 
3757 
3758 
3758 
3759 
3760 
3761 
3762 
3762 
3762 
3763 
3764 
3765 
3766 
3767 
3768 
3768 
3769 
3769 
3770 
3771 
3772 
3773 
3774 
3775 
3776 
3777 
3778 
3778 
3779 
3780 
3781 
3782 
3782 
3783 
3784 
3784 
3785 
3786 
3787 
3788 
3789 
3790 
3791 
3792 
3793 
3794 
3794 
3793 
3794 
3795 
3796 
3797 
3798 
3799 
3800 
3800 
3800 
3801 
3801 
3802 
3802 
3803 
3804 
3805 
3806 
3807 
3808 
3809 
3809 
3810 
3811 
3812 
3813 
3813 
3814 
3815 
3816 
3817 
3817 
3818 
3819 
3820 
3821 
3822 
3823 
3824 
3825 
3826 
3827 
3828 
3829 
3830 
3831 
3832 
3833 
3834 
3835 
3836 
3837 
3838 
3839 
3840 
3841 
3842 
3843 
3843 
3844 
3845 
3846 
3847 
3848 
3849 
3849 
3850 
3851 
3852 
3852 
3853 
3853 
3854 
3855 
3856 
3857 
3858 
3859 
3860 
3861 
3861 
3862 
3862 
3863 
3864 
3865 
3866 
3867 
3868 
3869 
3870 
3871 
3872 
3873 
3874 
3874 
3875 
3876 
3877 
3877 
3878 
3879 
3880 
3880 
3881 
3882 
3883 
3884 
3884 
3885 
3886 
3887 
3888 
3889 
3890 
3891 
3892 
3893 
3894 
3894 
3895 
3896 
3897 
3897 
3897 
3898 
3899 
3899 
3898 
3899 
3900 
3901 
3902 
3903 
3904 
3905 
3904 
3904 
3905 
3906 
3907 
3908 
3908 
3909 
3910 
3911 
3912 
3912 
3913 
3914 
3915 
3916 
3917 
3918 
3919 
3920 
3920 
3920 
3921 
3921 
3920 
3920 
3921 
3922 
3923 
3924 
3925 
3926 
3926 
3927 
3927 
3927 
3928 
3928 
3929 
3930 
3931 
3931 
3932 
3933 
3934 
3935 
3936 
3937 
3937 
3937 
3937 
3938 
3938 
3939 
3940 
3941 
3942 
3942 
3942 
3943 
3944 
3945 
3946 
3947 
3948 
3949 
3950 
3951 
3952 
3953 
3954 
3955 
3955 
3956 
3957 
3958 
3959 
3960 
3961 
3962 
3963 
3963 
3964 
3965 
3965 
3966 
3966 
3966 
3967 
3968 
3969 
3970 
3971 
3972 
3972 
3973 
3974 
3975 
3976 
3975 
3976 
3977 
3978 
3978 
3978 
3978 
3979 
3980 
3980 
3981 
3982 
3983 
3984 
3985 
3986 
3987 
3988 
3989 
3989 
3990 
3991 
3992 
3993 
3993 
3994 
3995 
3996 
3997 
3998 
3998 
3999 
4000 
4000 
4001 
4002 
4003 
4003 
4004 
4005 
4006 
4007 
4007 
4007 
4008 
4009 
4010 
4011 
4012 
4013 
4014 
4014 
4015 
4016 
4017 
4018 
4018 
4019 
4020 
4021 
4021 
4022 
4023 
4023 
4024 
4024 
4025 
4025 
4026 
4027 
4027 
4027 
4028 
4029 
4030 
4030 
4031 
4032 
4033 
4034 
4035 
4036 
4037 
4038 
4039 
4040 
4041 
4042 
4043 
4044 
4045 
4046 
4047 
4048 
4049 
4050 
4049 
4050 
4051 
4052 
4052 
4053 
4054 
4055 
4056 
4057 
4058 
4059 
4060 
4061 
4061 
4062 
4063 
4064 
4065 
4066 
4067 
4067 
4068 
4069 
4070 
4071 
4072 
4073 
4074 
4075 
4075 
4076 
4076 
4077 
4078 
4079 
4079 
4080 
4080 
4080 
4081 
4081 
4082 
4083 
4083 
4084 
4085 
4085 
4086 
4087 
4088 
4089 
4090 
4090 
4091 
4092 
4092 
4092 
4093 
4094 
4093 
4094 
4095 
4096 
4097 
4098 
4099 
4100 
4101 
4102 
4103 
4103 
4103 
4104 
4105 
4105 
4106 
4107 
4108 
4109 
4109 
4108 
4109 
4109 
4110 
4110 
4111 
4112 
4113 
4114 
4115 
4116 
4117 
4117 
4118 
4119 
4120 
4121 
4122 
4123 
4123 
4123 
4124 
4125 
4126 
4126 
4127 
4127 
4128 
4129 
4130 
4131 
4132 
4132 
4133 
4134 
4135 
4136 
4137 
4137 
4137 
4138 
4139 
4139 
4140 
4140 
4140 
4141 
4142 
4143 
4144 
4145 
4146 
4147 
4148 
4149 
4150 
4151 
4151 
4152 
4153 
4154 
4155 
4156 
4157 
4158 
4159 
4160 
4161 
4161 
4162 
4163 
4164 
4165 
4165 
4166 
4167 
4167 
4168 
4169 
4170 
4171 
4172 
4173 
4174 
4174 
4175 
4175 
4176 
4177 
4178 
4178 
4179 
4179 
4179 
4180 
4181 
4182 
4183 
4184 
4185 
4186 
4187 
4188 
4189 
4190 
4190 
4191 
4192 
4193 
4194 
4195 
4196 
4197 
4198 
4199 
4199 
4200 
4200 
4200 
4200 
4201 
4202 
4202 
4202 
4203 
4203 
4204 
4205 
4206 
4207 
4208 
4208 
4209 
4210 
4210 
4211 
4212 
4212 
4213 
4213 
4214 
4215 
4216 
4217 
4218 
4219 
4220 
4221 
4222 
4223 
4223 
4224 
4224 
4225 
4226 
4227 
4228 
4229 
4230 
4231 
4232 
4233 
4234 
4234 
4235 
4235 
4236 
4237 
4238 
4239 
4240 
4241 
4242 
4243 
4243 
4244 
4245 
4245 
4246 
4246 
4247 
4248 
4248 
4249 
4249 
4250 
4251 
4252 
4253 
4254 
4254 
4255 
4256 
4257 
4258 
4259 
4260 
4261 
4262 
4262 
4263 
4264 
4265 
4264 
4265 
4266 
4267 
4268 
4268 
4269 
4270 
4271 
4272 
4272 
4272 
4273 
4274 
4274 
4275 
4276 
4277 
4278 
4279 
4280 
4281 
4282 
4283 
4284 
4285 
4286 
4286 
4286 
4287 
4288 
4289 
4290 
4290 
4291 
4292 
4293 
4294 
4294 
4294 
4295 
4296 
4297 
4297 
4297 
4298 
4299 
4300 
4301 
4301 
4302 
4303 
4304 
4304 
4305 
4306 
4306 
4307 
4308 
4309 
4310 
4310 
4310 
4310 
4310 
4311 
4312 
4313 
4314 
4315 
4316 
4317 
4318 
4319 
4320 
4321 
4321 
4322 
4323 
4324 
4325 
4325 
4326 
4326 
4327 
4328 
4329 
4330 
4331 
4332 
4333 
4333 
4334 
4335 
4336 
4337 
4338 
4338 
4339 
4340 
4341 
4342 
4343 
4344 
4345 
4345 
4346 
4347 
4347 
4348 
4349 
4350 
4350 
4351 
4352 
4353 
4354 
4355 
4356 
4357 
4357 
4358 
4358 
4359 
4359 
4360 
4360 
4361 
4362 
4362 
4363 
4364 
4365 
4366 
4367 
4368 
4369 
4369 
4370 
4371 
4372 
4372 
4373 
4374 
4374 
4374 
4375 
4376 
4377 
4378 
4379 
4380 
4380 
4380 
4381 
4382 
4382 
4383 
4384 
4384 
4384 
4384 
4385 
4385 
4386 
4386 
4386 
4386 
4387 
4388 
4389 
4389 
4390 
4391 
4392 
4393 
4393 
4394 
4394 
4395 
4396 
4397 
4398 
4399 
4400 
4401 
4402 
4403 
4403 
4403 
4403 
4404 
4405 
4406 
4407 
4407 
4408 
4409 
4410 
4411 
4412 
4413 
4414 
4414 
4415 
4416 
4416 
4417 
4418 
4419 
4420 
4421 
4422 
4422 
4423 
4424 
4425 
4425 
4425 
4426 
4427 
4428 
4429 
4430 
4430 
4431 
4432 
4433 
4434 
4435 
4435 
4436 
4437 
4438 
4438 
4439 
4440 
4441 
4442 
4443 
4443 
4444 
4445 
4446 
4447 
4448 
4449 
4450 
4450 
4451 
4452 
4452 
4453 
4454 
4455 
4456 
4457 
4458 
4459 
4459 
4460 
4461 
4462 
4463 
4464 
4465 
4465 
4466 
4467 
4468 
4468 
4468 
4469 
4470 
4471 
4472 
4473 
4474 
4475 
4475 
4475 
4475 
4476 
4477 
4477 
4477 
4478 
4479 
4479 
4480 
4481 
4482 
4483 
4484 
4486 
4486 
4485 
4485 
4486 
4486 
4488 
4488 
4488 
4488 
4488 
4488 
4487 
4487 
4489 
4489 
4488 
4488 
4488 
4488 
4490 
4490 
4489 
4490 
4492 
4492 
4492 
4492 
4492 
4494 
4494 
4496 
4495 
4495 
4495 
4495 
4495 
4497 
4497 
4497 
4497 
4497 
4497 
4497 
4497 
4498 
4498 
4498 
4498 
4500 
4500 
4500 
4502 
4504 
4504 
4504 
4503 
4503 
4503 
4503 
4503 
4504 
4504 
4504 
4506 
4505 
4505 
4505 
4505 
4505 
4505 
4507 
4507 
4507 
4507 
4506 
4508 
4508 
4510 
4510 
4510 
4510 
4510 
4510 
4510 
4510 
4510 
4510 
4510 
4510 
4510 
4509 
4511 
4513 
4512 
4512 
4512 
4512 
4511 
4511 
4511 
4512 
4512 
4513 
4513 
4513 
4514 
4516 
4516 
4515 
4517 
4519 
4519 
4518 
4517 
4517 
4517 
4516 
4516 
4517 
4517 
4519 
4519 
4519 
4519 
4518 
4518 
4518 
4518 
4518 
4518 
4518 
4520 
4522 
4522 
4522 
4522 
4522 
4522 
4522 
4523 
4523 
4523 
4523 
4523 
4523 
4523 
4523 
4524 
4524 
4525 
4525 
4525 
4526 
4528 
4528 
4528 
4530 
4529 
4528 
4528 
4528 
4528 
4530 
4530 
4532 
4532 
4532 
4532 
4531 
4531 
4531 
4531 
4531 
4531 
4531 
4530 
4530 
4530 
4532 
4532 
4534 
4534 
4534 
4534 
4534 
4534 
4536 
4536 
4536 
4536 
4536 
4536 
4537 
4537 
4539 
4539 
4539 
4540 
4542 
4542 
4542 
4544 
4544 
4545 
4545 
4545 
4545 
4545 
4544 
4544 
4545 
4545 
4545 
4547 
4547 
4547 
4549 
4549 
4549 
4551 
4551 
4551 
4551 
4551 
4551 
4550 
4549 
4549 
4548 
4548 
4548 
4548 
4548 
4548 
4548 
4548 
4550 
4550 
4551 
4551 
4551 
4550 
4550 
4552 
4552 
4552 
4552 
4552 
4552 
4552 
4552 
4553 
4553 
4553 
4555 
4555 
4555 
4557 
4559 
4559 
4559 
4559 
4558 
4558 
4558 
4558 
4560 
4560 
4560 
4562 
4564 
4564 
4564 
4566 
4567 
4567 
4566 
4568 
4567 
4567 
4567 
4567 
4566 
4566 
4566 
4566 
4568 
4568 
4568 
4568 
4568 
4568 
4568 
4570 
4570 
4570 
4570 
4570 
4570 
4570 
4572 
4572 
4574 
4574 
4574 
4575 
4576 
4576 
4576 
4578 
4578 
4578 
4580 
4580 
4580 
4582 
4581 
4581 
4583 
4582 
4584 
4584 
4584 
4584 
4584 
4583 
4582 
4582 
4582 
4582 
4582 
4582 
4582 
4584 
4583 
4583 
4584 
4586 
4586 
4586 
4588 
4588 
4587 
4589 
4589 
4591 
4590 
4590 
4590 
4589 
4591 
4591 
4591 
4591 
4591 
4591 
4593 
4592 
4594 
4594 
4594 
4594 
4593 
4593 
4593 
4593 
4592 
4591 
4591 
4591 
4593 
4593 
4595 
4595 
4595 
4594 
4594 
4594 
4596 
4596 
4596 
4596 
4598 
4600 
4600 
4600 
4602 
4602 
4604 
4604 
4604 
4604 
4604 
4604 
4603 
4603 
4604 
4606 
4606 
4606 
4605 
4605 
4604 
4603 
4603 
4603 
4605 
4605 
4605 
4605 
4605 
4604 
4604 
4603 
4603 
4602 
4602 
4603 
4603 
4605 
4605 
4604 
4604 
4604 
4604 
4604 
4606 
4606 
4606 
4606 
4606 
4606 
4608 
4608 
4608 
4608 
4610 
4610 
4610 
4610 
4610 
4610 
4609 
4608 
4608 
4607 
4609 
4609 
4609 
4609 
4608 
4608 
4607 
4607 
4609 
4609 
4611 
4611 
4611 
4613 
4613 
4615 
4615 
4615 
4615 
4615 
4615 
4617 
4617 
4617 
4617 
4617 
4617 
4617 
4617 
4617 
4618 
4618 
4620 
4620 
4620 
4622 
4622 
4624 
4624 
4624 
4626 
4627 
4627 
4626 
4628 
4628 
4630 
4630 
4630 
4630 
4629 
4629 
4631 
4630 
4630 
4630 
4630 
4630 
4629 
4629 
4628 
4628 
4628 
4628 
4630 
4632 
4632 
4631 
4631 
4631 
4631 
4631 
4630 
4630 
4632 
4632 
4634 
4634 
4634 
4634 
4634 
4634 
4635 
4634 
4634 
4634 
4634 
4634 
4634 
4634 
4633 
4633 
4632 
4632 
4634 
4634 
4636 
4636 
4636 
4636 
4636 
4636 
4638 
4638 
4638 
4638 
4638 
4637 
4636 
4638 
4638 
4638 
4638 
4638 
4638 
4640 
4640 
4642 
4642 
4642 
4642 
4644 
4646 
4645 
4645 
4647 
4647 
4647 
4647 
4647 
4647 
4646 
4648 
4648 
4648 
4648 
4648 
4648 
4648 
4648 
4649 
4649 
4649 
4651 
4651 
4651 
4653 
4653 
4652 
4652 
4652 
4652 
4652 
4654 
4654 
4656 
4656 
4656 
4656 
4656 
4656 
4656 
4658 
4658 
4659 
4659 
4659 
4661 
4661 
4662 
4664 
4664 
4663 
4665 
4665 
4665 
4664 
4664 
4664 
4663 
4662 
4662 
4662 
4662 
4662 
4662 
4664 
4664 
4666 
4666 
4666 
4666 
4666 
4666 
4666 
4666 
4665 
4665 
4665 
4667 
4667 
4669 
4669 
4669 
4669 
4669 
4670 
4670 
4672 
4671 
4671 
4672 
4674 
4674 
4674 
4675 
4675 
4677 
4677 
4677 
4677 
4677 
4676 
4676 
4678 
4678 
4678 
4678 
4680 
4682 
4682 
4682 
4683 
4685 
4685 
4685 
4685 
4685 
4685 
4684 
4684 
4686 
4686 
4685 
4685 
4685 
4685 
4685 
4687 
4689 
4689 
4689 
4689 
4689 
4689 
4688 
4688 
4688 
4688 
4688 
4688 
4690 
4690 
4692 
4692 
4694 
4694 
4694 
4694 
4694 
4694 
4694 
4696 
4696 
4696 
4696 
4696 
4696 
4696 
4696 
4696 
4696 
4697 
4696 
4696 
4696 
4696 
4696 
4696 
4697 
4697 
4698 
4698 
4698 
4699 
4700 
4700 
4700 
4702 
4702 
4704 
4704 
4704 
4706 
4706 
4706 
4708 
4708 
4708 
4707 
4706 
4706 
4706 
4705 
4707 
4709 
4709 
4709 
4709 
4709 
4708 
4708 
4710 
4709 
4709 
4709 
4709 
4709 
4711 
4711 
4713 
4713 
4714 
4714 
4714 
4715 
4714 
4714 
4716 
4715 
4717 
4716 
4716 
4716 
4715 
4714 
4714 
4716 
4718 
4718 
4720 
4719 
4719 
4719 
4719 
4719 
4719 
4719 
4719 
4719 
4718 
4718 
4720 
4720 
4722 
4722 
4721 
4721 
4721 
4721 
4720 
4722 
4722 
4722 
4722 
4722 
4722 
4724 
4724 
4724 
4724 
4726 
4726 
4726 
4726 
4726 
4726 
4725 
4725 
4725 
4727 
4729 
4729 
4729 
4731 
4731 
4731 
4731 
4731 
4731 
4730 
4730 
4732 
4731 
4731 
4731 
4731 
4731 
4731 
4733 
4732 
4734 
4734 
4734 
4736 
4736 
4738 
4738 
4739 
4739 
4739 
4741 
4741 
4743 
4743 
4743 
4743 
4743 
4742 
4742 
4744 
4743 
4743 
4743 
4743 
4743 
4744 
4744 
4743 
4744 
4743 
4743 
4745 
4745 
4746 
4746 
4745 
4745 
4744 
4743 
4743 
4743 
4745 
4745 
4745 
4745 
4745 
4745 
4744 
4744 
4746 
4745 
4745 
4745 
4745 
4747 
4747 
4748 
4748 
4748 
4750 
4750 
4751 
4753 
4753 
4753 
4755 
4755 
4757 
4757 
4757 
4757 
4757 
4757 
4756 
4758 
4758 
4758 
4758 
4758 
4757 
4757 
4757 
4758 
4758 
4758 
4758 
4758 
4760 
4762 
4762 
4762 
4762 
4762 
4762 
4762 
4762 
4763 
4763 
4763 
4765 
4765 
4765 
4767 
4766 
4766 
4766 
4765 
4767 
4767 
4767 
4766 
4766 
4766 
4766 
4766 
4768 
4768 
4770 
4770 
4770 
4770 
4769 
4769 
4769 
4769 
4769 
4769 
4768 
4770 
4771 
4771 
4771 
4771 
4771 
4771 
4770 
4769 
4769 
4770 
4770 
4770 
4771 
4773 
4773 
4772 
4773 
4773 
4773 
4773 
4774 
4774 
4774 
4776 
4776 
4778 
4778 
4777 
4777 
4776 
4775 
4775 
4777 
4778 
4778 
4778 
4778 
4778 
4778 
4778 
4780 
4780 
4780 
4782 
4781 
4781 
4781 
4781 
4781 
4783 
4783 
4783 
4783 
4783 
4783 
4783 
4785 
4785 
4785 
4785 
4785 
4785 
4785 
4785 
4786 
4787 
4787 
4787 
4788 
4790 
4790 
4790 
4792 
4792 
4792 
4792 
4792 
4792 
4792 
4794 
4793 
4794 
4794 
4794 
4795 
4797 
4797 
4796 
4796 
4798 
4798 
4798 
4798 
4798 
4799 
4801 
4801 
4801 
4801 
4800 
4800 
4800 
4799 
4799 
4801 
4801 
4803 
4803 
4803 
4802 
4802 
4802 
4802 
4802 
4802 
4802 
4802 
4802 
4804 
4804 
4805 
4806 
4806 
4808 
4808 
4808 
4810 
4810 
4812 
4812 
4814 
4814 
4814 
4813 
4813 
4813 
4813 
4812 
4811 
4811 
4811 
4811 
4813 
4813 
4815 
4815 
4814 
4814 
4814 
4814 
4814 
4813 
4813 
4813 
4813 
4815 
4814 
4814 
4814 
4814 
4814 
4813 
4814 
4814 
4814 
4815 
4817 
4817 
4817 
4819 
4819 
4819 
4819 
4819 
4819 
4818 
4820 
4820 
4820 
4820 
4822 
4824 
4824 
4824 
4824 
4826 
4826 
4826 
4826 
4826 
4826 
4825 
4825 
4827 
4826 
4825 
4825 
4824 
4824 
4824 
4824 
4826 
4828 
4828 
4828 
4828 
4828 
4828 
4828 
4828 
4828 
4830 
4829 
4829 
4829 
4829 
4828 
4830 
4830 
4832 
4832 
4832 
4834 
4835 
4835 
4837 
4836 
4837 
4837 
4837 
4837 
4836 
4836 
4836 
4836 
4838 
4840 
4840 
4840 
4840 
4840 
4840 
4842 
4842 
4842 
4841 
4841 
4841 
4841 
4841 
4843 
4843 
4845 
4845 
4845 
4845 
4845 
4845 
4845 
4845 
4846 
4848 
4848 
4848 
4848 
4848 
4848 
4848 
4850 
4850 
4850 
4850 
4850 
4850 
4850 
4851 
4851 
4852 
4851 
4851 
4852 
4853 
4853 
4853 
4855 
4855 
4855 
4857 
4859 
4859 
4859 
4861 
4861 
4863 
4863 
4863 
4862 
4862 
4862 
4861 
4863 
4865 
4865 
4865 
4865 
4865 
4865 
4865 
4865 
4864 
4864 
4864 
4864 
4866 
4868 
4868 
4867 
4867 
4867 
4866 
4865 
4864 
4864 
4866 
4866 
4866 
4866 
4866 
4866 
4868 
4867 
4867 
4867 
4867 
4867 
4867 
4866 
4868 
4868 
4868 
4867 
4866 
4866 
4868 
4868 
4870 
4870 
4870 
4870 
4870 
4870 
4872 
4872 
4872 
4872 
4872 
4872 
4871 
4871 
4870 
4870 
4870 
4870 
4870 
4872 
4872 
4874 
4874 
4874 
4876 
4878 
4878 
4878 
4878 
4880 
4881 
4881 
4881 
4883 
4883 
4883 
4883 
4883 
4883 
4882 
4884 
4884 
4884 
4884 
4884 
4884 
4884 
4885 
4885 
4884 
4884 
4884 
4885 
4885 
4885 
4885 
4884 
4884 
4884 
4884 
4886 
4886 
4885 
4886 
4885 
4885 
4886 
4886 
4888 
4887 
4887 
4886 
4886 
4886 
4885 
4885 
4887 
4886 
4886 
4886 
4886 
4888 
4888 
4889 
4889 
4889 
4890 
4890 
4892 
4894 
4894 
4894 
4896 
4896 
4898 
4898 
4898 
4898 
4898 
4897 
4897 
4899 
4899 
4899 
4899 
4899 
4899 
4899 
4900 
4900 
4900 
4900 
4902 
4902 
4902 
4904 
4906 
4906 
4906 
4905 
4905 
4905 
4905 
4905 
4905 
4906 
4906 
4906 
4906 
4908 
4907 
4907 
4907 
4907 
4907 
4907 
4909 
4909 
4909 
4908 
4908 
4907 
4909 
4909 
4910 
4910 
4910 
4910 
4910 
4909 
4909 
4911 
4911 
4911 
4910 
4910 
4910 
4910 
4910 
4910 
4910 
4909 
4911 
4910 
4911 
4911 
4911 
4911 
4912 
4914 
4914 
4913 
4914 
4914 
4914 
4914 
4915 
4915 
4915 
4917 
4917 
4919 
4918 
4918 
4917 
4917 
4917 
4916 
4916 
4916 
4916 
4916 
4916 
4916 
4918 
4918 
4917 
4917 
4917 
4917 
4917 
4919 
4919 
4921 
4921 
4921 
4921 
4920 
4920 
4920 
4920 
4919 
4919 
4920 
4922 
4922 
4922 
4924 
4924 
4924 
4924 
4924 
4924 
4924 
4926 
4926 
4928 
4928 
4929 
4930 
4930 
4930 
4932 
4932 
4934 
4934 
4936 
4936 
4936 
4935 
4935 
4935 
4935 
4935 
4935 
4935 
4935 
4935 
4937 
4937 
4938 
4940 
4940 
4939 
4940 
4940 
4940 
4942 
4941 
4941 
4941 
4941 
4941 
4942 
4944 
4944 
4944 
4944 
4944 
4943 
4942 
4942 
4942 
4944 
4944 
4946 
4946 
4946 
4945 
4945 
4945 
4944 
4944 
4943 
4943 
4943 
4943 
4945 
4945 
4947 
4947 
4947 
4946 
4946 
4946 
4946 
4946 
4945 
4945 
4945 
4947 
4947 
4946 
4946 
4946 
4946 
4947 
4947 
4946 
4946 
4947 
4949 
4949 
4949 
4951 
4951 
4951 
4951 
4951 
4950 
4950 
4952 
4952 
4952 
4954 
4955 
4955 
4954 
4954 
4954 
4954 
4954 
4954 
4953 
4953 
4955 
4954 
4954 
4954 
4954 
4954 
4954 
4956 
4956 
4958 
4958 
4960 
4960 
4960 
4960 
4960 
4960 
4960 
4962 
4962 
4962 
4962 
4962 
4962 
4962 
4962 
4962 
4962 
4962 
4962 
4962 
4962 
4962 
4962 
4963 
4962 
4963 
4963 
4963 
4964 
4965 
4965 
4965 
4967 
4967 
4969 
4969 
4969 
4971 
4973 
4973 
4973 
4975 
4975 
4975 
4975 
4975 
4974 
4974 
4974 
4974 
4976 
4978 
4978 
4978 
4978 
4978 
4978 
4978 
4980 
4979 
4978 
4978 
4978 
4978 
4977 
4977 
4979 
4978 
4980 
4979 
4979 
4979 
4979 
4979 
4979 
4981 
4983 
4983 
4983 
4985 
4985 
4987 
4987 
4987 
4987 
4987 
4986 
4985 
4986 
4988 
4988 
4987 
4986 
4985 
4985 
4985 
4984 
4986 
4986 
4986 
4986 
4986 
4986 
4986 
4986 
4986 
4986 
4985 
4985 
4987 
4987 
4989 
4989 
4988 
4988 
4988 
4988 
4988 
4990 
4990 
4990 
4990 
4990 
4990 
4992 
4992 
4992 
4992 
4994 
4994 
4994 
4994 
4994 
4994 
4993 
4993 
4993 
4993 
4992 
4994 
4994 
4994 
4993 
4992 
4992 
4994 
4993 
4993 
4993 
4993 
4993 
4993 
4995 
4995 
4997 
4997 
4997 
4999 
4999 
5001 
5001 
5002 
5002 
5002 
5004 
5004 
5006 
5006 
5006 
5006 
5005 
5004 
5004 
5006 
5006 
5006 
5006 
5006 
5006 
5006 
5005 
5006 
5006 
5006 
5006 
5005 
5004 
5003 
5003 
5003 
5003 
5003 
5003 
5005 
5005 
5007 
5007 
5007 
5007 
5007 
5007 
5007 
5007 
5007 
5007 
5006 
5006 
5005 
5007 
5007 
5009 
5009 
5009 
5008 
5008 
5008 
5010 
5010 
5010 
5010 
5010 
5010 
5011 
5011 
5013 
5013 
5013 
5014 
5015 
5015 
5014 
5015 
5014 
5014 
5014 
5014 
5013 
5013 
5012 
5011 
5011 
5011 
5011 
5013 
5013 
5013 
5012 
5012 
5012 
5014 
5014 
5014 
5016 
5015 
5015 
5014 
5014 
5014 
5013 
5013 
5012 
5011 
5011 
5011 
5011 
5011 
5012 
5012 
5012 
5012 
5012 
5014 
5014 
5016 
5016 
5016 
5017 
5017 
5019 
5018 
5017 
5017 
5017 
5016 
5016 
5018 
5018 
5017 
5016 
5016 
5016 
5016 
5015 
5015 
5017 
5017 
5017 
5019 
5021 
5021 
5021 
5021 
5021 
5021 
5021 
5021 
5022 
5022 
5022 
5024 
5024 
5024 
5026 
5027 
5027 
5026 
5026 
5026 
5026 
5026 
5026 
5025 
5025 
5027 
5027 
5027 
5027 
5027 
5027 
5027 
5028 
5028 
5027 
5028 
5028 
5027 
5028 
5028 
5029 
5031 
5031 
5031 
5031 
5031 
5031 
5031 
5030 
5032 
5032 
5032 
5034 
5035 
5035 
5034 
5036 
5036 
5037 
5037 
5037 
5037 
5036 
5036 
5036 
5035 
5037 
5039 
5039 
5039 
5038 
5038 
5038 
5038 
5038 
5040 
5040 
5039 
5039 
5039 
5039 
5039 
5041 
5041 
5041 
5041 
5041 
5041 
5041 
5043 
5042 
5042 
5042 
5042 
5042 
5042 
5042 
5043 
5043 
5044 
5044 
5044 
5045 
5045 
5045 
5045 
5045 
5045 
5045 
5045 
5045 
5045 
5046 
5046 
5046 
5047 
5048 
5048 
5048 
5050 
5050 
5050 
5052 
5052 
5054 
5056 
5056 
5056 
5056 
5056 
5056 
5058 
5057 
5056 
5056 
5056 
5055 
5054 
5054 
5054 
5054 
5056 
5056 
5056 
5055 
5055 
5055 
5057 
5057 
5056 
5055 
5055 
5055 
5055 
5055 
5057 
5057 
5057 
5057 
5057 
5057 
5057 
5057 
5057 
5057 
5057 
5056 
5055 
5057 
5057 
5059 
5059 
5059 
5059 
5059 
5059 
5059 
5061 
5061 
5061 
5060 
5060 
5062 
5062 
5063 
5063 
5063 
5064 
5065 
5065 
5064 
5064 
5064 
5064 
5063 
5062 
5062 
5061 
5061 
5061 
5061 
5061 
5062 
5062 
5062 
5062 
5064 
5064 
5064 
5064 
5065 
5065 
5067 
5067 
5067 
5069 
5068 
5067 
5067 
5067 
5067 
5066 
5065 
5065 
5064 
5064 
5064 
5064 
5066 
5066 
5065 
5065 
5067 
5067 
5067 
5069 
5069 
5068 
5068 
5067 
5067 
5069 
5069 
5069 
5069 
5069 
5069 
5069 
5069 
5070 
5070 
5070 
5072 
5072 
5072 
5074 
5076 
5076 
5076 
5076 
5075 
5074 
5074 
5073 
5073 
5075 
5075 
5075 
5077 
5078 
5078 
5078 
5077 
5077 
5077 
5077 
5077 
5076 
5076 
5078 
5078 
5079 
5079 
5079 
5079 
5079 
5079 
5079 
5080 
5080 
5079 
5079 
5080 
5082 
5082 
5081 
5082 
5082 
5082 
5082 
5082 
5081 
5081 
5083 
5083 
5083 
5085 
5086 
5086 
5086 
5087 
5086 
5088 
5088 
5088 
5088 
5088 
5088 
5087 
5086 
5088 
5087 
5087 
5087 
5087 
5087 
5087 
5089 
5089 
5091 
5091 
5093 
5093 
5093 
5093 
5093 
5093 
5093 
5093 
5092 
5092 
5091 
5091 
5093 
5092 
5092 
5092 
5092 
5092 
5092 
5092 
5093 
5093 
5094 
5094 
5094 
5095 
5095 
5095 
5095 
5095 
5095 
5095 
5095 
5095 
5095 
5096 
5096 
5096 
5098 
5098 
5098 
5099 
5099 
5099 
5101 
5101 
5103 
5103 
5103 
5103 
5103 
5105 
5104 
5106 
5106 
5106 
5105 
5105 
5105 
5104 
5104 
5104 
5106 
5106 
5106 
5105 
5104 
5104 
5104 
5104 
5105 
5106 
5106 
5105 
5105 
5105 
5105 
5105 
5107 
5107 
5107 
5107 
5107 
5107 
5107 
5108 
5108 
5108 
5108 
5108 
5107 
5107 
5109 
5109 
5110 
5110 
5110 
5111 
5112 
5112 
5113 
5113 
5113 
5113 
5113 
5113 
5113 
5113 
5115 
5115 
5115 
5116 
5118 
5118 
5118 
5120 
5120 
5120 
5122 
5122 
5122 
5124 
5126 
5126 
5126 
5126 
5126 
5125 
5125 
5124 
5124 
5124 
5124 
5125 
5125 
5125 
5126 
5128 
5128 
5128 
5129 
5128 
5128 
5130 
5130 
5132 
5131 
5130 
5130 
5129 
5130 
5130 
5130 
5130 
5130 
5130 
5132 
5131 
5133 
5133 
5133 
5133 
5132 
5132 
5132 
5132 
5131 
5130 
5130 
5130 
5132 
5132 
5133 
5133 
5133 
5132 
5131 
5131 
5131 
5130 
5129 
5129 
5129 
5129 
5131 
5131 
5131 
5131 
5131 
5133 
5133 
5135 
5135 
5135 
5135 
5135 
5135 
5135 
5137 
5136 
5136 
5136 
5138 
5138 
5139 
5139 
5139 
5141 
5141 
5143 
5143 
5143 
5145 
5145 
5145 
5145 
5145 
5145 
5144 
5143 
5145 
5144 
5144 
5146 
5145 
5147 
5146 
5146 
5146 
5146 
5146 
5145 
5145 
5147 
5146 
5146 
5145 
5145 
5145 
5145 
5147 
5147 
5146 
5146 
5146 
5147 
5146 
5146 
5146 
5146 
5146 
5148 
5148 
5148 
5150 
5149 
5149 
5149 
5149 
5149 
5148 
5149 
5149 
5150 
5150 
5151 
5153 
5153 
5153 
5155 
5155 
5155 
5155 
5155 
5155 
5155 
5157 
5157 
5157 
5159 
5159 
5160 
5161 
5161 
5163 
5163 
5165 
5165 
5165 
5165 
5165 
5167 
5167 
5167 
5169 
5169 
5169 
5168 
5168 
5168 
5168 
5168 
5168 
5168 
5168 
5168 
5170 
5170 
5171 
5173 
5173 
5173 
5175 
5175 
5175 
5177 
5177 
5178 
5180 
5180 
5180 
5180 
5180 
5180 
5181 
5181 
5183 
5183 
5183 
5183 
5183 
5182 
5181 
5181 
5181 
5183 
5183 
5185 
5185 
5185 
5184 
5184 
5184 
5186 
5186 
5186 
5188 
5188 
5188 
5188 
5187 
5187 
5187 
5187 
5189 
5191 
5191 
5191 
5193 
5194 
5194 
5194 
5193 
5194 
5194 
5194 
5194 
5194 
5194 
5193 
5193 
5195 
5195 
5195 
5195 
5194 
5196 
5196 
5196 
5196 
5198 
5197 
5197 
5197 
5198 
5198 
5199 
5201 
5201 
5200 
5200 
5199 
5199 
5198 
5197 
5197 
5197 
5197 
5197 
5197 
5199 
5199 
5199 
5200 
5200 
5201 
5201 
5201 
5201 
5201 
5201 
5200 
5200 
5200 
5202 
5202 
5202 
5203 
5205 
5205 
5205 
5206 
5206 
5208 
5208 
5208 
5208 
5208 
5209 
5208 
5208 
5207 
5206 
5206 
5208 
5208 
5210 
5210 
5210 
5209 
5209 
5209 
5209 
5208 
5208 
5208 
5207 
5207 
5209 
5209 
5209 
5208 
5208 
5208 
5207 
5206 
5206 
5206 
5205 
5207 
5206 
5206 
5207 
5207 
5209 
5209 
5208 
5208 
5208 
5207 
5207 
5208 
5208 
5208 
5210 
5210 
5209 
5211 
5211 
5211 
5212 
5212 
5214 
5214 
5216 
5216 
5218 
5218 
5218 
5220 
5220 
5221 
5221 
5221 
5221 
5221 
5220 
5220 
5222 
5222 
5221 
5221 
5221 
5221 
5221 
5222 
5222 
5222 
5222 
5224 
5224 
5224 
5226 
5228 
5228 
5228 
5228 
5228 
5228 
5228 
5228 
5228 
5229 
5229 
5229 
5229 
5231 
5230 
5230 
5230 
5230 
5230 
5230 
5232 
5232 
5232 
5231 
5231 
5230 
5232 
5232 
5233 
5233 
5233 
5233 
5233 
5232 
5232 
5234 
5234 
5234 
5233 
5233 
5233 
5233 
5233 
5233 
5233 
5233 
5235 
5235 
5235 
5235 
5235 
5235 
5234 
5235 
5235 
5236 
5236 
5236 
5237 
5239 
5239 
5238 
5239 
5241 
5240 
5239 
5240 
5240 
5239 
5241 
5241 
5242 
5241 
5241 
5241 
5241 
5241 
5240 
5240 
5241 
5241 
5240 
5240 
5240 
5240 
5240 
5241 
5241 
5243 
5243 
5243 
5243 
5243 
5243 
5243 
5244 
5246 
5246 
5246 
5247 
5247 
5246 
5246 
5245 
5245 
5246 
5246 
5247 
5247 
5247 
5247 
5247 
5247 
5247 
5247 
5249 
5251 
5251 
5251 
5251 
5251 
5251 
5251 
5252 
5252 
5252 
5252 
5252 
5252 
5252 
5252 
5253 
5252 
5253 
5253 
5253 
5254 
5256 
5256 
5256 
5258 
5258 
5258 
5258 
5258 
5258 
5258 
5260 
5260 
5262 
5262 
5261 
5262 
5264 
5264 
5264 
5266 
5266 
5268 
5268 
5268 
5267 
5267 
5267 
5266 
5266 
5268 
5268 
5270 
5270 
5270 
5269 
5269 
5269 
5269 
5269 
5269 
5269 
5269 
5269 
5271 
5270 
5270 
5271 
5273 
5273 
5273 
5274 
5274 
5274 
5276 
5276 
5277 
5277 
5277 
5277 
5279 
5281 
5281 
5281 
5281 
5281 
5280 
5279 
5279 
5279 
5281 
5281 
5283 
5283 
5283 
5282 
5282 
5282 
5284 
5284 
5284 
5284 
5286 
5286 
5287 
5289 
5289 
5288 
5290 
5290 
5290 
5290 
5290 
5290 
5289 
5288 
5288 
5288 
5288 
5288 
5288 
5290 
5290 
5292 
5292 
5292 
5292 
5292 
5292 
5292 
5292 
5291 
5291 
5291 
5293 
5293 
5292 
5292 
5292 
5292 
5293 
5293 
5294 
5294 
5294 
5295 
5297 
5297 
5297 
5297 
5299 
5299 
5299 
5299 
5299 
5298 
5298 
5297 
5297 
5297 
5297 
5297 
5297 
5299 
5299 
5301 
5301 
5303 
5303 
5303 
5303 
5303 
5303 
5303 
5305 
5305 
5305 
5305 
5305 
5305 
5305 
5305 
5305 
5305 
5305 
5305 
5305 
5305 
5305 
5306 
5306 
5307 
5307 
5307 
5308 
5308 
5308 
5308 
5310 
5310 
5310 
5312 
5314 
5314 
5314 
5316 
5316 
5316 
5316 
5316 
5315 
5315 
5315 
5315 
5317 
5319 
5319 
5319 
5319 
5319 
5319 
5320 
5319 
5318 
5318 
5318 
5318 
5317 
5317 
5319 
5319 
5321 
5321 
5320 
5320 
5320 
5320 
5320 
5320 
5322 
5324 
5324 
5324 
5326 
5326 
5328 
5328 
5328 
5328 
5327 
5326 
5328 
5328 
5327 
5326 
5326 
5326 
5326 
5328 
5328 
5328 
5328 
5328 
5328 
5328 
5328 
5328 
5328 
5327 
5327 
5329 
5329 
5331 
5330 
5329 
5329 
5329 
5329 
5331 
5331 
5331 
5331 
5331 
5331 
5333 
5333 
5333 
5333 
5335 
5335 
5335 
5335 
5334 
5334 
5334 
5335 
5335 
5335 
5337 
5337 
5337 
5336 
5335 
5335 
5334 
5334 
5336 
5335 
5335 
5335 
5335 
5335 
5335 
5337 
5337 
5339 
5339 
5339 
5341 
5341 
5343 
5343 
5344 
5343 
5343 
5345 
5345 
5347 
5347 
5347 
5347 
5346 
5345 
5345 
5347 
5347 
5346 
5346 
5346 
5346 
5346 
5346 
5347 
5347 
5347 
5347 
5346 
5346 
5345 
5345 
5345 
5345 
5346 
5346 
5348 
5348 
5350 
5350 
5350 
5350 
5350 
5350 
5350 
5350 
5350 
5350 
5349 
5349 
5349 
5349 
5351 
5351 
5351 
5350 
5350 
5352 
5352 
5352 
5352 
5352 
5351 
5352 
5352 
5354 
5354 
5354 
5355 
5354 
5355 
5355 
5354 
5353 
5353 
5353 
5353 
5354 
5354 
5355 
5354 
5354 
5354 
5354 
5356 
5356 
5355 
5357 
5356 
5355 
5354 
5354 
5353 
5353 
5353 
5353 
5353 
5353 
5353 
5353 
5354 
5354 
5354 
5354 
5354 
5356 
5356 
5358 
5358 
5358 
5359 
5359 
5361 
5360 
5360 
5360 
5359 
5358 
5360 
5360 
5360 
5360 
5360 
5360 
5362 
5362 
5361 
5362 
5364 
5364 
5364 
5364 
5364 
5364 
5364 
5364 
5365 
5365 
5365 
5367 
5367 
5367 
5368 
5370 
5370 
5370 
5370 
5370 
5370 
5370 
5370 
5369 
5369 
5371 
5370 
5370 
5370 
5370 
5370 
5370 
5370 
5371 
5371 
5372 
5372 
5372 
5372 
5373 
5375 
5375 
5375 
5375 
5375 
5374 
5375 
5375 
5377 
5377 
5376 
5376 
5378 
5378 
5380 
5380 
5380 
5380 
5380 
5379 
5379 
5381 
5380 
5380 
5382 
5383 
5383 
5382 
5384 
5384 
5385 
5385 
5385 
5385 
5384 
5384 
5384 
5383 
5385 
5387 
5387 
5387 
5386 
5386 
5386 
5386 
5386 
5388 
5388 
5388 
5388 
5388 
5388 
5390 
5390 
5390 
5390 
5390 
5390 
5390 
5392 
5391 
5391 
5391 
5391 
5391 
5391 
5391 
5392 
5392 
5393 
5393 
5393 
5394 
5394 
5394 
5394 
5394 
5393 
5393 
5393 
5393 
5393 
5394 
5394 
5393 
5394 
5395 
5395 
5395 
5397 
5397 
5397 
5399 
5399 
5401 
5403 
5403 
5403 
5403 
5403 
5403 
5405 
5405 
5405 
5405 
5404 
5403 
5402 
5402 
5402 
5404 
5404 
5404 
5403 
5402 
5402 
5404 
5404 
5403 
5403 
5403 
5403 
5403 
5405 
5405 
5405 
5405 
5405 
5405 
5405 
5405 
5405 
5405 
5405 
5404 
5404 
5406 
5406 
5408 
5408 
5408 
5408 
5408 
5408 
5408 
5410 
5410 
5410 
5409 
5409 
5411 
5411 
5412 
5412 
5412 
5413 
5414 
5414 
5414 
5414 
5414 
5414 
5414 
5413 
5413 
5414 
5414 
5413 
5413 
5415 
5415 
5415 
5414 
5415 
5415 
5416 
5416 
5417 
5417 
5417 
5416 
5415 
5415 
5415 
5415 
5415 
5415 
5417 
5417 
5416 
5418 
5418 
5418 
5418 
5420 
5419 
5419 
5419 
5418 
5418 
5420 
5420 
5420 
5420 
5420 
5420 
5420 
5420 
5421 
5421 
5421 
5423 
5423 
5423 
5425 
5427 
5427 
5427 
5427 
5426 
5425 
5425 
5424 
5424 
5424 
5426 
5426 
5426 
5428 
5430 
5430 
5430 
5430 
5432 
5431 
5431 
5433 
5433 
5433 
5433 
5433 
5433 
5432 
5433 
5433 
5433 
5433 
5432 
5432 
5432 
5432 
5431 
5431 
5433 
5433 
5434 
5434 
5433 
5433 
5433 
5433 
5433 
5433 
5434 
5434 
5433 
5434 
5436 
5436 
5436 
5438 
5438 
5438 
5438 
5438 
5437 
5437 
5436 
5436 
5436 
5436 
5436 
5436 
5438 
5438 
5440 
5440 
5442 
5442 
5442 
5442 
5441 
5441 
5441 
5443 
5442 
5442 
5442 
5442 
5442 
5442 
5442 
5443 
5443 
5444 
5444 
5444 
5445 
5445 
5445 
5445 
5445 
5445 
5445 
5445 
5445 
5445 
5446 
5445 
5445 
5447 
5447 
5447 
5448 
5447 
5447 
5449 
5449 
5451 
5451 
5451 
5451 
5451 
5453 
5453 
5455 
5455 
5455 
5455 
5455 
5455 
5454 
5454 
5454 
5456 
5456 
5456 
5455 
5454 
5454 
5456 
5456 
5456 
5456 
5456 
5457 
5457 
5459 
5459 
5459 
5459 
5458 
5458 
5457 
5457 
5459 
5459 
5459 
5459 
5459 
5459 
5459 
5461 
5461 
5461 
5461 
5461 
5463 
5463 
5463 
5464 
5464 
5466 
5468 
5468 
5468 
5470 
5470 
5472 
5472 
5472 
5472 
5472 
5471 
5471 
5470 
5470 
5469 
5469 
5469 
5469 
5470 
5469 
5469 
5470 
5470 
5470 
5470 
5470 
5470 
5470 
5469 
5469 
5468 
5470 
5470 
5471 
5471 
5471 
5471 
5471 
5473 
5473 
5473 
5472 
5472 
5472 
5472 
5472 
5472 
5472 
5472 
5474 
5474 
5474 
5474 
5474 
5474 
5474 
5474 
5475 
5475 
5476 
5476 
5476 
5477 
5479 
5479 
5479 
5481 
5483 
5483 
5483 
5484 
5484 
5483 
5485 
5485 
5485 
5485 
5485 
5484 
5484 
5484 
5484 
5486 
5486 
5486 
5486 
5486 
5486 
5486 
5488 
5488 
5490 
5490 
5489 
5490 
5490 
5490 
5492 
5492 
5491 
5491 
5491 
5490 
5492 
5492 
5492 
5491 
5491 
5491 
5491 
5490 
5492 
5492 
5494 
5494 
5494 
5494 
5493 
5493 
5493 
5493 
5493 
5493 
5493 
5495 
5495 
5495 
5495 
5495 
5495 
5495 
5497 
5497 
5497 
5497 
5497 
5497 
5497 
5498 
5498 
5499 
5499 
5500 
5502 
5502 
5501 
5502 
5501 
5501 
5501 
5501 
5501 
5501 
5503 
5503 
5505 
5505 
5507 
5507 
5507 
5506 
5506 
5506 
5506 
5506 
5506 
5506 
5508 
5507 
5506 
5506 
5506 
5506 
5505 
5504 
5505 
5505 
5507 
5507 
5507 
5508 
5510 
5509 
5511 
5512 
5512 
5512 
5512 
5512 
5511 
5511 
5512 
5512 
5512 
5514 
5514 
5514 
5516 
5516 
5516 
5516 
5516 
5516 
5515 
5515 
5515 
5515 
5515 
5515 
5515 
5517 
5516 
5516 
5517 
5517 
5517 
5517 
5519 
5521 
5521 
5521 
5523 
5523 
5525 
5525 
5525 
5525 
5524 
5524 
5526 
5526 
5525 
5525 
5524 
5524 
5525 
5525 
5525 
5526 
5527 
5527 
5527 
5527 
5527 
5527 
5529 
5529 
5529 
5528 
5527 
5527 
5527 
5528 
5528 
5530 
5530 
5530 
5530 
5530 
5530 
5530 
5530 
5530 
5530 
5530 
5529 
5529 
5531 
5531 
5530 
5530 
5530 
5530 
5530 
5529 
5529 
5531 
5531 
5532 
5532 
5532 
5533 
5533 
5534 
5536 
5536 
5536 
5537 
5537 
5537 
5537 
5537 
5537 
5536 
5536 
5536 
5536 
5536 
5536 
5538 
5537 
5537 
5538 
5538 
5538 
5538 
5539 
5539 
5541 
5541 
5541 
5543 
5543 
5543 
5545 
5545 
5547 
5547 
5546 
5546 
5546 
5545 
5545 
5545 
5545 
5545 
5545 
5545 
5545 
5547 
5549 
5549 
5549 
5551 
5552 
5552 
5551 
5550 
5551 
5551 
5551 
5551 
5551 
5550 
5549 
5549 
5551 
5551 
5550 
5550 
5550 
5549 
5551 
5551 
5553 
5553 
5553 
5553 
5555 
5555 
5556 
5558 
5558 
5558 
5558 
5558 
5557 
5556 
5556 
5556 
5556 
5556 
5556 
5556 
5558 
5558 
5558 
5559 
5559 
5560 
5560 
5560 
5560 
5560 
5560 
5562 
5562 
5563 
5564 
5564 
5564 
5566 
5565 
5565 
5565 
5565 
5565 
5567 
5566 
5566 
5565 
5564 
5564 
5564 
5564 
5566 
5566 
5565 
5564 
5564 
5564 
5564 
5564 
5563 
5563 
5563 
5563 
5563 
5563 
5562 
5561 
5563 
5563 
5565 
5565 
5565 
5565 
5565 
5565 
5565 
5565 
5565 
5564 
5566 
5568 
5568 
5567 
5567 
5567 
5567 
5567 
5569 
5569 
5569 
5569 
5569 
5569 
5569 
5569 
5571 
5571 
5570 
5570 
5570 
5569 
5568 
5568 
5568 
5568 
5568 
5568 
5569 
5569 
5570 
5570 
5570 
5570 
5572 
5572 
5572 
5572 
5572 
5574 
5574 
5576 
5576 
5576 
5578 
5578 
5578 
5578 
5578 
5578 
5577 
5576 
5576 
5575 
5575 
5575 
5575 
5577 
5577 
5577 
5577 
5578 
5578 
5578 
5578 
5578 
5578 
5578 
5578 
5578 
5578 
5580 
5580 
5580 
5582 
5584 
5584 
5584 
5584 
5584 
5584 
5584 
5584 
5584 
5584 
5584 
5586 
5586 
5586 
5588 
5588 
5588 
5588 
5588 
5588 
5590 
5590 
5590 
5591 
5591 
5591 
5591 
5591 
5591 
5593 
5593 
5594 
5594 
5594 
5595 
5595 
5597 
5597 
5599 
5599 
5599 
5599 
5599 
5599 
5598 
5600 
5600 
5600 
5600 
5600 
5600 
5600 
5600 
5599 
5599 
5601 
5601 
5603 
5603 
5603 
5604 
5604 
5604 
5604 
5604 
5604 
5605 
5605 
5606 
5606 
5606 
5607 
5609 
5609 
5609 
5610 
5610 
5609 
5609 
5608 
5608 
5610 
5610 
5610 
5611 
5613 
5613 
5613 
5615 
5615 
5617 
5617 
5617 
5617 
5617 
5616 
5618 
5618 
5617 
5617 
5616 
5616 
5616 
5616 
5618 
5618 
5620 
5620 
5619 
5619 
5619 
5619 
5618 
5618 
5618 
5618 
5618 
5618 
5620 
5620 
5622 
5622 
5624 
5624 
5624 
5624 
5624 
5623 
5623 
5623 
5623 
5623 
5623 
5625 
5625 
5625 
5625 
5625 
5625 
5625 
5625 
5626 
5626 
5627 
5627 
5627 
5628 
5628 
5628 
5627 
5627 
5627 
5627 
5626 
5628 
5628 
5630 
5630 
5630 
5632 
5632 
5632 
5632 
5634 
5634 
5635 
5635 
5635 
5637 
5637 
5637 
5637 
5638 
5639 
5640 
5641 
5642 
5642 
5643 
5644 
5645 
5645 
5646 
5647 
5648 
5649 
5650 
5651 
5652 
5653 
5654 
5653 
5653 
5653 
5654 
5655 
5656 
5657 
5658 
5658 
5659 
5659 
5660 
5661 
5662 
5663 
5663 
5664 
5664 
5665 
5665 
5666 
5666 
5667 
5668 
5669 
5670 
5671 
5672 
5673 
5674 
5675 
5675 
5675 
5676 
5677 
5678 
5679 
5680 
5681 
5682 
5683 
5684 
5685 
5686 
5687 
5688 
5689 
5690 
5691 
5692 
5692 
5693 
5694 
5695 
5696 
5696 
5696 
5697 
5698 
5699 
5700 
5701 
5702 
5703 
5704 
5705 
5705 
5706 
5707 
5708 
5708 
5708 
5709 
5710 
5711 
5712 
5713 
5714 
5715 
5716 
5717 
5718 
5719 
5720 
5721 
5722 
5723 
5724 
5725 
5726 
5726 
5727 
5727 
5727 
5727 
5728 
5728 
5728 
5728 
5728 
5728 
5729 
5730 
5731 
5732 
5732 
5733 
5734 
5735 
5736 
5737 
5738 
5739 
5738 
5739 
5739 
5740 
5741 
5742 
5743 
5744 
5745 
5746 
5746 
5747 
5747 
5748 
5749 
5750 
5751 
5750 
5750 
5751 
5752 
5753 
5754 
5755 
5756 
5757 
5758 
5759 
5759 
5760 
5761 
5762 
5762 
5763 
5764 
5765 
5766 
5767 
5767 
5768 
5769 
5769 
5770 
5770 
5769 
5770 
5771 
5772 
5772 
5771 
5772 
5773 
5774 
5775 
5776 
5777 
5777 
5778 
5779 
5780 
5781 
5781 
5782 
5783 
5784 
5785 
5786 
5786 
5787 
5787 
5787 
5787 
5788 
5789 
5789 
5790 
5791 
5792 
5792 
5793 
5794 
5795 
5796 
5797 
5797 
5798 
5799 
5800 
5800 
5801 
5802 
5803 
5804 
5805 
5806 
5807 
5808 
5809 
5810 
5811 
5811 
5811 
5812 
5812 
5813 
5814 
5815 
5815 
5816 
5816 
5817 
5818 
5819 
5820 
5821 
5822 
5823 
5824 
5825 
5826 
5826 
5827 
5828 
5828 
5829 
5830 
5831 
5832 
5832 
5833 
5834 
5835 
5836 
5837 
5838 
5839 
5840 
5841 
5842 
5843 
5844 
5845 
5845 
5846 
5847 
5848 
5849 
5850 
5851 
5851 
5852 
5853 
5854 
5855 
5856 
5857 
5857 
5858 
5859 
5860 
5860 
5861 
5862 
5862 
5863 
5864 
5864 
5864 
5864 
5865 
5865 
5866 
5867 
5868 
5869 
5870 
5871 
5872 
5873 
5874 
5875 
5875 
5876 
5877 
5878 
5879 
5880 
5880 
5881 
5881 
5882 
5883 
5884 
5885 
5886 
5887 
5888 
5889 
5889 
5890 
5891 
5892 
5893 
5894 
5895 
5896 
5897 
5898 
5899 
5900 
5901 
5902 
5903 
5904 
5905 
5905 
5906 
5907 
5908 
5909 
5910 
5911 
5911 
5912 
5913 
5913 
5914 
5915 
5916 
5916 
5917 
5918 
5918 
5919 
5920 
5921 
5922 
5923 
5924 
5924 
5925 
5926 
5927 
5928 
5929 
5930 
5931 
5932 
5933 
5933 
5934 
5935 
5935 
5936 
5937 
5938 
5939 
5940 
5941 
5942 
5943 
5944 
5944 
5945 
5946 
5946 
5946 
5947 
5947 
5946 
5947 
5947 
5948 
5949 
5950 
5951 
5952 
5953 
5954 
5955 
5955 
5956 
5957 
5958 
5958 
5959 
5960 
5961 
5962 
5963 
5964 
5965 
5965 
5965 
5964 
5965 
5966 
5967 
5968 
5969 
5969 
5970 
5971 
5972 
5973 
5973 
5974 
5975 
5976 
5977 
5977 
5978 
5978 
5978 
5978 
5979 
5979 
5980 
5981 
5982 
5982 
5983 
5984 
5985 
5986 
5987 
5988 
5989 
5990 
5991 
5992 
5992 
5993 
5993 
5994 
5995 
5996 
5997 
5998 
5999 
6000 
6000 
6001 
6001 
6002 
6003 
6004 
6005 
6006 
6007 
6007 
6008 
6009 
6009 
6009 
6009 
6009 
6010 
6011 
6012 
6013 
6014 
6014 
6015 
6016 
6017 
6018 
6018 
6019 
6020 
6021 
6021 
6021 
6022 
6023 
6024 
6024 
6025 
6026 
6027 
6028 
6029 
6030 
6031 
6032 
6033 
6034 
6035 
6036 
6036 
6036 
6037 
6038 
6038 
6039 
6040 
6041 
6040 
6041 
6042 
6042 
6043 
6044 
6045 
6045 
6046 
6047 
6048 
6049 
6049 
6049 
6050 
6051 
6052 
6053 
6054 
6055 
6056 
6056 
6057 
6058 
6059 
6059 
6059 
6060 
6061 
6062 
6062 
6063 
6064 
6064 
6065 
6065 
6065 
6066 
6067 
6068 
6069 
6070 
6071 
6071 
6072 
6072 
6073 
6074 
6075 
6076 
6077 
6078 
6079 
6080 
6081 
6082 
6083 
6083 
6083 
6084 
6085 
6086 
6087 
6088 
6089 
6090 
6091 
6092 
6092 
6093 
6094 
6095 
6096 
6097 
6097 
6097 
6098 
6099 
6100 
6101 
6102 
6103 
6104 
6105 
6106 
6107 
6107 
6108 
6109 
6110 
6110 
6111 
6112 
6112 
6113 
6113 
6114 
6115 
6115 
6116 
6117 
6118 
6118 
6119 
6120 
6119 
6120 
6121 
6121 
6121 
6122 
6123 
6122 
6123 
6124 
6125 
6126 
6127 
6128 
6129 
6130 
6131 
6131 
6132 
6133 
6133 
6134 
6134 
6135 
6136 
6137 
6138 
6137 
6137 
6138 
6138 
6139 
6138 
6137 
6138 
6139 
6140 
6141 
6142 
6143 
6143 
6144 
6144 
6145 
6146 
6146 
6146 
6147 
6148 
6149 
6150 
6151 
6151 
6152 
6153 
6154 
6155 
6156 
6156 
6157 
6158 
6159 
6160 
6161 
6161 
6161 
6162 
6163 
6163 
6164 
6165 
6166 
6166 
6166 
6166 
6167 
6168 
6169 
6170 
6171 
6172 
6173 
6174 
6175 
6176 
6177 
6178 
6179 
6180 
6181 
6182 
6182 
6183 
6184 
6185 
6186 
6185 
6186 
6187 
6188 
6189 
6190 
6191 
6192 
6193 
6193 
6194 
6195 
6196 
6197 
6197 
6198 
6199 
6199 
6200 
6201 
6202 
6203 
6204 
6205 
6206 
6205 
6205 
6205 
6206 
6207 
6207 
6207 
6208 
6209 
6209 
6209 
6210 
6211 
6212 
6213 
6214 
6215 
6216 
6217 
6218 
6219 
6219 
6220 
6220 
6221 
6222 
6223 
6223 
6224 
6225 
6226 
6227 
6228 
6228 
6229 
6230 
6231 
6232 
6232 
6233 
6234 
6234 
6234 
6235 
6236 
6237 
6238 
6239 
6240 
6241 
6242 
6242 
6242 
6243 
6244 
6245 
6246 
6247 
6248 
6249 
6250 
6251 
6252 
6253 
6254 
6254 
6255 
6256 
6257 
6258 
6259 
6260 
6261 
6262 
6262 
6263 
6263 
6263 
6263 
6263 
6264 
6265 
6266 
6267 
6268 
6268 
6269 
6269 
6270 
6270 
6271 
6272 
6272 
6273 
6274 
6275 
6276 
6276 
6276 
6277 
6278 
6279 
6280 
6281 
6282 
6283 
6284 
6285 
6286 
6286 
6287 
6288 
6289 
6289 
6290 
6291 
6292 
6293 
6293 
6294 
6294 
6294 
6294 
6295 
6296 
6296 
6297 
6298 
6299 
6300 
6301 
6302 
6303 
6304 
6305 
6306 
6307 
6308 
6309 
6310 
6311 
6312 
6313 
6314 
6315 
6315 
6316 
6317 
6317 
6317 
6318 
6319 
6320 
6321 
6322 
6322 
6323 
6324 
6325 
6326 
6327 
6328 
6328 
6329 
6330 
6331 
6332 
6333 
6334 
6335 
6336 
6336 
6336 
6337 
6338 
6338 
6339 
6340 
6341 
6341 
6342 
6342 
6343 
6344 
6344 
6345 
6346 
6347 
6347 
6348 
6348 
6349 
6350 
6351 
6352 
6353 
6354 
6355 
6356 
6356 
6357 
6358 
6359 
6359 
6360 
6361 
6360 
6360 
6361 
6362 
6363 
6364 
6365 
6366 
6367 
6367 
6368 
6369 
6370 
6371 
6371 
6370 
6371 
6372 
6373 
6373 
6374 
6375 
6375 
6376 
6377 
6378 
6379 
6380 
6381 
6382 
6383 
6383 
6384 
6385 
6385 
6386 
6387 
6388 
6389 
6390 
6391 
6392 
6392 
6392 
6393 
6394 
6395 
6395 
6396 
6397 
6398 
6399 
6400 
6401 
6401 
6401 
6402 
6403 
6403 
6403 
6404 
6405 
6405 
6405 
6405 
6406 
6407 
6408 
6409 
6410 
6411 
6412 
6413 
6413 
6414 
6415 
6415 
6415 
6416 
6417 
6418 
6419 
6420 
6421 
6422 
6423 
6424 
6425 
6426 
6426 
6427 
6428 
6429 
6430 
6431 
6432 
6432 
6433 
6434 
6435 
6436 
6436 
6437 
6438 
6439 
6440 
6441 
6442 
6442 
6443 
6443 
6444 
6445 
6445 
6446 
6447 
6447 
6448 
6449 
6449 
6450 
6451 
6452 
6453 
6454 
6455 
6455 
6456 
6457 
6457 
6457 
6458 
6459 
6460 
6461 
6462 
6463 
6464 
6465 
6466 
6467 
6467 
6468 
6469 
6470 
6471 
6472 
6473 
6474 
6475 
6476 
6476 
6477 
6478 
6479 
6480 
6481 
6482 
6482 
6482 
6483 
6484 
6484 
6485 
6486 
6487 
6488 
6489 
6490 
6491 
6492 
6492 
6492 
6491 
6492 
6492 
6493 
6494 
6495 
6496 
6497 
6498 
6499 
6499 
6500 
6501 
6502 
6503 
6503 
6504 
6505 
6505 
6505 
6506 
6506 
6506 
6507 
6508 
6509 
6509 
6509 
6510 
6511 
6512 
6513 
6513 
6514 
6515 
6516 
6517 
6518 
6519 
6520 
6521 
6522 
6523 
6523 
6523 
6524 
6524 
6525 
6525 
6526 
6526 
6526 
6527 
6528 
6529 
6530 
6531 
6531 
6532 
6532 
6533 
6534 
6534 
6535 
6536 
6537 
6538 
6539 
6540 
6541 
6542 
6543 
6544 
6544 
6543 
6543 
6544 
6545 
6546 
6547 
6548 
6549 
6549 
6550 
6551 
6552 
6552 
6553 
6554 
6555 
6556 
6557 
6557 
6558 
6559 
6560 
6561 
6562 
6563 
6564 
6565 
6566 
6567 
6568 
6569 
6570 
6571 
6572 
6572 
6573 
6574 
6574 
6574 
6575 
6576 
6577 
6578 
6579 
6579 
6580 
6581 
6582 
6583 
6584 
6585 
6586 
6586 
6587 
6587 
6588 
6589 
6589 
6589 
6590 
6591 
6592 
6593 
6594 
6595 
6596 
6597 
6598 
6598 
6599 
6599 
6599 
6600 
6601 
6602 
6603 
6603 
6604 
6605 
6606 
6607 
6608 
6609 
6609 
6609 
6610 
6611 
6612 
6613 
6614 
6615 
6616 
6617 
6617 
6618 
6619 
6619 
6619 
6620 
6621 
6622 
6622 
6623 
6624 
6625 
6626 
6626 
6626 
6627 
6628 
6628 
6629 
6630 
6631 
6632 
6633 
6634 
6635 
6636 
6637 
6638 
6638 
6639 
6640 
6641 
6642 
6643 
6644 
6645 
6645 
6646 
6646 
6647 
6648 
6649 
6650 
6650 
6650 
6651 
6652 
6653 
6654 
6655 
6656 
6657 
6658 
6659 
6659 
6660 
6660 
6661 
6662 
6663 
6664 
6665 
6666 
6667 
6668 
6668 
6669 
6669 
6670 
6670 
6670 
6671 
6672 
6672 
6673 
6672 
6673 
6674 
6675 
6676 
6677 
6677 
6678 
6679 
6680 
6681 
6681 
6682 
6682 
6683 
6684 
6684 
6685 
6686 
6687 
6687 
6688 
6689 
6690 
6690 
6691 
6692 
6693 
6694 
6695 
6696 
6697 
6698 
6699 
6700 
6701 
6701 
6702 
6703 
6704 
6704 
6705 
6706 
6707 
6708 
6709 
6710 
6711 
6712 
6712 
6713 
6714 
6715 
6716 
6716 
6717 
6718 
6719 
6719 
6720 
6720 
6721 
6721 
6722 
6723 
6724 
6724 
6725 
6726 
6727 
6728 
6729 
6729 
6730 
6731 
6732 
6732 
6732 
6733 
6734 
6735 
6736 
6737 
6737 
6738 
6739 
6740 
6740 
6741 
6742 
6743 
6744 
6745 
6746 
6747 
6748 
6749 
6749 
6748 
6749 
6749 
6750 
6751 
6751 
6752 
6753 
6753 
6754 
6755 
6755 
6755 
6755 
6756 
6757 
6758 
6759 
6760 
6760 
6761 
6762 
6763 
6764 
6765 
6766 
6767 
6768 
6768 
6769 
6770 
6771 
6771 
6771 
6772 
6772 
6773 
6774 
6775 
6775 
6776 
6777 
6778 
6779 
6780 
6780 
6781 
6782 
6782 
6783 
6784 
6785 
6786 
6787 
6788 
6789 
6790 
6791 
6792 
6793 
6794 
6794 
6795 
6796 
6797 
6798 
6799 
6800 
6801 
6802 
6802 
6803 
6804 
6805 
6805 
6806 
6807 
6808 
6809 
6810 
6811 
6812 
6813 
6813 
6814 
6815 
6816 
6817 
6818 
6819 
6819 
6820 
6820 
6821 
6822 
6823 
6824 
6825 
6826 
6827 
6828 
6829 
6830 
6831 
6832 
6833 
6834 
6834 
6835 
6835 
6836 
6836 
6837 
6838 
6839 
6840 
6841 
6840 
6841 
6842 
6843 
6843 
6844 
6845 
6846 
6846 
6847 
6848 
6848 
6849 
6850 
6851 
6851 
6852 
6853 
6854 
6855 
6856 
6857 
6858 
6858 
6859 
6859 
6860 
6861 
6862 
6862 
6862 
6863 
6864 
6865 
6866 
6867 
6868 
6869 
6870 
6871 
6872 
6873 
6873 
6874 
6875 
6876 
6876 
6877 
6878 
6879 
6879 
6880 
6881 
6882 
6882 
6883 
6884 
6884 
6885 
6886 
6887 
6888 
6889 
6889 
6890 
6891 
6891 
6891 
6891 
6891 
6892 
6893 
6894 
6894 
6894 
6895 
6895 
6896 
6896 
6897 
6898 
6899 
6900 
6900 
6901 
6901 
6902 
6903 
6904 
6905 
6906 
6906 
6907 
6908 
6909 
6909 
6910 
6911 
6912 
6913 
6914 
6915 
6915 
6916 
6917 
6918 
6919 
6920 
6921 
6922 
6922 
6923 
6924 
6924 
6925 
6924 
6924 
6925 
6925 
6926 
6927 
6928 
6928 
6928 
6928 
6929 
6930 
6931 
6932 
6932 
6932 
6933 
6934 
6935 
6935 
6935 
6936 
6936 
6936 
6936 
6937 
6938 
6939 
6940 
6941 
6942 
6943 
6944 
6945 
6946 
6947 
6948 
6949 
6950 
6951 
6952 
6952 
6953 
6954 
6955 
6956 
6957 
6958 
6958 
6959 
6960 
6961 
6961 
6960 
6961 
6962 
6963 
6964 
6965 
6966 
6967 
6967 
6967 
6968 
6969 
6970 
6971 
6971 
6972 
6972 
6973 
6973 
6974 
6975 
6976 
6976 
6977 
6978 
6978 
6978 
6978 
6979 
6980 
6981 
6982 
6982 
6983 
6984 
6985 
6985 
6986 
6987 
6988 
6988 
6989 
6990 
6991 
6991 
6991 
6991 
6992 
6992 
6993 
6994 
6995 
6996 
6997 
6998 
6999 
7000 
7001 
7002 
7002 
7003 
7003 
7004 
7004 
7004 
7005 
7005 
7006 
7006 
7007 
7008 
7009 
7010 
7011 
7012 
7012 
7012 
7013 
7013 
7014 
7015 
7016 
7017 
7018 
7019 
7020 
7021 
7021 
7022 
7022 
7022 
7023 
7024 
7024 
7025 
7026 
7027 
7028 
7029 
7030 
7031 
7032 
7033 
7034 
7035 
7036 
7037 
7037 
7038 
7039 
7040 
7041 
7041 
7041 
7040 
7041 
7042 
7043 
7044 
7045 
7046 
7046 
7047 
7048 
7049 
7049 
7050 
7051 
7052 
7053 
7053 
7054 
7055 
7056 
7057 
7058 
7059 
7059 
7060 
7060 
7060 
7061 
7061 
7062 
7062 
7063 
7064 
7064 
7065 
7066 
7066 
7067 
7068 
7068 
7068 
7069 
7069 
7070 
7070 
7071 
7072 
7073 
7074 
7075 
7076 
7076 
7077 
7077 
7078 
7079 
7080 
7081 
7082 
7083 
7083 
7084 
7084 
7084 
7085 
7086 
7087 
7088 
7089 
7089 
7089 
7090 
7091 
7092 
7092 
7093 
7094 
7095 
7095 
7095 
7096 
7097 
7097 
7098 
7098 
7099 
7100 
7100 
7100 
7101 
7102 
7103 
7104 
7105 
7106 
7107 
7108 
7109 
7110 
7110 
7111 
7112 
7112 
7113 
7114 
7115 
7115 
7116 
7117 
7118 
7119 
7120 
7121 
7122 
7123 
7123 
7124 
7124 
7125 
7126 
7127 
7128 
7129 
7130 
7131 
7131 
7132 
7133 
7134 
7134 
7135 
7136 
7137 
7138 
7138 
7139 
7140 
7141 
7141 
7142 
7142 
7143 
7143 
7144 
7145 
7146 
7147 
7147 
7147 
7148 
7149 
7149 
7150 
7151 
7151 
7152 
7152 
7153 
7154 
7154 
7155 
7156 
7157 
7157 
7158 
7159 
7160 
7159 
7160 
7161 
7162 
7162 
7163 
7163 
7162 
7163 
7164 
7164 
7165 
7166 
7166 
7167 
7168 
7169 
7170 
7170 
7171 
7172 
7173 
7174 
7175 
7176 
7177 
7178 
7179 
7180 
7181 
7181 
7182 
7183 
7184 
7184 
7185 
7185 
7186 
7187 
7188 
7189 
7189 
7190 
7191 
7192 
7193 
7193 
7194 
7195 
7196 
7197 
7198 
7199 
7200 
7201 
7201 
7200 
7199 
7199 
7200 
7201 
7201 
7202 
7202 
7203 
7204 
7204 
7205 
7205 
7205 
7206 
7207 
7208 
7209 
7210 
7210 
7211 
7212 
7213 
7214 
7215 
7216 
7217 
7217 
7218 
7219 
7220 
7220 
7221 
7222 
7223 
7224 
7225 
7225 
7226 
7227 
7228 
7229 
7230 
7231 
7232 
7232 
7231 
7232 
7231 
7232 
7233 
7234 
7235 
7235 
7236 
7237 
7238 
7239 
7240 
7241 
7242 
7243 
7243 
7243 
7244 
7245 
7245 
7246 
7247 
7248 
7248 
7249 
7249 
7250 
7251 
7250 
7251 
7252 
7252 
7253 
7254 
7255 
7256 
7257 
7258 
7259 
7260 
7261 
7261 
7262 
7263 
7264 
7264 
7264 
7265 
7266 
7265 
7266 
7267 
7268 
7269 
7270 
7271 
7272 
7272 
7273 
7274 
7274 
7274 
7275 
7276 
7277 
7278 
7278 
7278 
7279 
7280 
7281 
7282 
7283 
7283 
7284 
7285 
7285 
7286 
7287 
7288 
7288 
7289 
7290 
7291 
7292 
7293 
7294 
7295 
7296 
7296 
7297 
7298 
7299 
7300 
7301 
7302 
7302 
7303 
7304 
7304 
7304 
7305 
7306 
7307 
7307 
7308 
7309 
7310 
7311 
7311 
7312 
7313 
7314 
7314 
7314 
7315 
7316 
7317 
7317 
7317 
7317 
7318 
7319 
7320 
7320 
7320 
7321 
7322 
7323 
7324 
7325 
7326 
7326 
7327 
7327 
7328 
7328 
7329 
7330 
7330 
7330 
7331 
7332 
7333 
7334 
7335 
7336 
7337 
7338 
7339 
7340 
7341 
7341 
7342 
7343 
7343 
7344 
7345 
7346 
7347 
7347 
7348 
7349 
7349 
7350 
7350 
7351 
7352 
7353 
7354 
7355 
7356 
7356 
7356 
7356 
7356 
7356 
7355 
7355 
7355 
7355 
7356 
7355 
7355 
7355 
7356 
7357 
7358 
7359 
7359 
7360 
7361 
7362 
7363 
7364 
7365 
7366 
7367 
7368 
7369 
7370 
7371 
7372 
7373 
7374 
7375 
7375 
7376 
7377 
7378 
7379 
7380 
7381 
7381 
7380 
7381 
7382 
7382 
7383 
7384 
7385 
7386 
7387 
7388 
7389 
7390 
7390 
7391 
7392 
7393 
7394 
7394 
7394 
7395 
7395 
7396 
7397 
7398 
7399 
7399 
7400 
7400 
7401 
7402 
7403 
7403 
7404 
7405 
7406 
7407 
7408 
7409 
7410 
7411 
7412 
7412 
7412 
7413 
7414 
7415 
7415 
7416 
7416 
7417 
7418 
7419 
7420 
7421 
7422 
7423 
7424 
7424 
7425 
7425 
7426 
7427 
7428 
7428 
7429 
7429 
7430 
7431 
7432 
7433 
7434 
7435 
7436 
7437 
7438 
7439 
7439 
7440 
7441 
7442 
7443 
7444 
7444 
7444 
7445 
7446 
7446 
7446 
7447 
7448 
7449 
7450 
7451 
7451 
7452 
7452 
7453 
7454 
7455 
7455 
7456 
7457 
7457 
7458 
7459 
7459 
7460 
7461 
7461 
7462 
7463 
7464 
7465 
7466 
7467 
7468 
7469 
7469 
7470 
7471 
7472 
7472 
7473 
7474 
7474 
7475 
7475 
7476 
7477 
7478 
7479 
7480 
7481 
7482 
7483 
7484 
7484 
7485 
7486 
7487 
7488 
7489 
7490 
7491 
7492 
7493 
7494 
7495 
7496 
7497 
7498 
7498 
7498 
7498 
7499 
7500 
7501 
7502 
7503 
7503 
7504 
7505 
7506 
7507 
7508 
7508 
7509 
7510 
7511 
7512 
7513 
7514 
7515 
7516 
7516 
7517 
7518 
7519 
7519 
7520 
7521 
7522 
7523 
7524 
7525 
7526 
7526 
7526 
7526 
7526 
7527 
7527 
7528 
7529 
7530 
7531 
7532 
7533 
7534 
7535 
7535 
7535 
7536 
7536 
7537 
7538 
7538 
7539 
7539 
7539 
7539 
7540 
7541 
7542 
7543 
7544 
7545 
7546 
7547 
7547 
7548 
7548 
7549 
7550 
7551 
7552 
7552 
7553 
7553 
7553 
7554 
7555 
7554 
7555 
7556 
7557 
7558 
7559 
7560 
7560 
7561 
7562 
7563 
7564 
7565 
7565 
7565 
7566 
7567 
7568 
7569 
7569 
7569 
7570 
7570 
7571 
7572 
7573 
7574 
7575 
7575 
7576 
7576 
7576 
7577 
7578 
7579 
7579 
7580 
7581 
7582 
7583 
7584 
7585 
7586 
7587 
7588 
7589 
7590 
7591 
7591 
7592 
7593 
7593 
7593 
7593 
7594 
7595 
7596 
7597 
7598 
7599 
7600 
7601 
7601 
7602 
7603 
7604 
7605 
7606 
7607 
7608 
7609 
7610 
7611 
7612 
7612 
7613 
7613 
7614 
7615 
7616 
7616 
7617 
7618 
7617 
7618 
7619 
7620 
7621 
7622 
7623 
7624 
7625 
7625 
7625 
7624 
7625 
7626 
7627 
7628 
7629 
7630 
7630 
7630 
7631 
7632 
7633 
7634 
7635 
7635 
7636 
7637 
7637 
7638 
7639 
7640 
7641 
7641 
7641 
7642 
7643 
7644 
7644 
7645 
7645 
7646 
7647 
7648 
7649 
7649 
7650 
7651 
7652 
7653 
7653 
7653 
7654 
7655 
7656 
7657 
7658 
7659 
7659 
7660 
7661 
7661 
7662 
7663 
7664 
7665 
7666 
7667 
7668 
7669 
7669 
7670 
7671 
7672 
7673 
7673 
7673 
7673 
7674 
7675 
7676 
7677 
7678 
7679 
7680 
7681 
7682 
7683 
7684 
7684 
7685 
7685 
7686 
7687 
7688 
7689 
7690 
7691 
7691 
7691 
7692 
7693 
7694 
7695 
7696 
7697 
7697 
7697 
7697 
7698 
7699 
7700 
7701 
7702 
7702 
7702 
7703 
7703 
7704 
7705 
7706 
7707 
7707 
7708 
7708 
7709 
7710 
7710 
7711 
7712 
7713 
7713 
7714 
7715 
7716 
7717 
7718 
7719 
7720 
7720 
7721 
7722 
7723 
7724 
7725 
7726 
7727 
7728 
7728 
7729 
7730 
7731 
7732 
7733 
7734 
7735 
7736 
7737 
7738 
7739 
7740 
7741 
7742 
7742 
7742 
7743 
7744 
7745 
7746 
7746 
7747 
7748 
7749 
7750 
7751 
7752 
7752 
7753 
7754 
7755 
7756 
7756 
7756 
7756 
7757 
7757 
7758 
7759 
7760 
7760 
7760 
7761 
7762 
7762 
7763 
7764 
7765 
7765 
7765 
7765 
7765 
7766 
7767 
7768 
7769 
7770 
7771 
7772 
7772 
7773 
7774 
7774 
7775 
7776 
7777 
7777 
7777 
7778 
7779 
7779 
7780 
7781 
7782 
7783 
7782 
7783 
7784 
7785 
7786 
7787 
7788 
7788 
7788 
7789 
7790 
7791 
7792 
7793 
7794 
7794 
7795 
7796 
7797 
7798 
7799 
7800 
7801 
7802 
7802 
7802 
7802 
7802 
7802 
7803 
7804 
7805 
7806 
7807 
7807 
7808 
7809 
7810 
7811 
7812 
7813 
7814 
7815 
7816 
7817 
7817 
7818 
7819 
7819 
7819 
7820 
7820 
7821 
7822 
7823 
7824 
7825 
7826 
7827 
7828 
7829 
7830 
7831 
7832 
7832 
7833 
7834 
7834 
7835 
7836 
7837 
7837 
7838 
7838 
7839 
7839 
7840 
7841 
7842 
7843 
7844 
7845 
7846 
7847 
7846 
7847 
7848 
7848 
7847 
7847 
7848 
7849 
7850 
7851 
7852 
7852 
7853 
7854 
7855 
7855 
7855 
7856 
7857 
7857 
7858 
7858 
7859 
7860 
7861 
7862 
7862 
7863 
7864 
7865 
7866 
7866 
7867 
7867 
7868 
7868 
7869 
7869 
7869 
7869 
7870 
7871 
7872 
7873 
7874 
7875 
7876 
7877 
7878 
7879 
7880 
7880 
7880 
7881 
7882 
7882 
7881 
7881 
7882 
7882 
7883 
7883 
7882 
7883 
7884 
7885 
7886 
7887 
7888 
7889 
7890 
7891 
7891 
7892 
7893 
7894 
7895 
7896 
7897 
7898 
7899 
7899 
7900 
7901 
7902 
7903 
7903 
7904 
7905 
7906 
7907 
7908 
7909 
7910 
7911 
7912 
7912 
7913 
7914 
7914 
7915 
7914 
7914 
7915 
7916 
7916 
7917 
7918 
7919 
7920 
7921 
7922 
7923 
7923 
7924 
7924 
7925 
7926 
7927 
7927 
7928 
7929 
7930 
7931 
7932 
7933 
7934 
7935 
7935 
7936 
7937 
7938 
7939 
7940 
7940 
7941 
7942 
7943 
7943 
7944 
7945 
7946 
7947 
7948 
7949 
7950 
7951 
7952 
7953 
7953 
7954 
7955 
7954 
7955 
7956 
7957 
7958 
7959 
7960 
7961 
7962 
7963 
7963 
7964 
7964 
7965 
7966 
7967 
7968 
7969 
7969 
7969 
7970 
7971 
7972 
7973 
7974 
7975 
7976 
7977 
7978 
7978 
7979 
7980 
7980 
7981 
7982 
7983 
7983 
7984 
7985 
7985 
7986 
7987 
7987 
7987 
7988 
7989 
7989 
7990 
7991 
7992 
7993 
7994 
7995 
7995 
7996 
7996 
7995 
7995 
7995 
7995 
7995 
7996 
7996 
7997 
7996 
7997 
7997 
7996 
7996 
7997 
7998 
7998 
7999 
7999 
8000 
8001 
8002 
8003 
8003 
8003 
8004 
8004 
8005 
8004 
8004 
8005 
8006 
8007 
8008 
8009 
8010 
8011 
8011 
8012 
8013 
8014 
8015 
8015 
8016 
8017 
8017 
8018 
8019 
8019 
8020 
8020 
8020 
8021 
8022 
8023 
8024 
8025 
8026 
8026 
8026 
8027 
8027 
8028 
8029 
8030 
8031 
8032 
8033 
8034 
8035 
8036 
8037 
8038 
8038 
8039 
8040 
8041 
8041 
8042 
8043 
8043 
8044 
8044 
8045 
8045 
8046 
8046 
8047 
8047 
8048 
8049 
8050 
8051 
8052 
8053 
8054 
8055 
8056 
8057 
8057 
8058 
8059 
8060 
8060 
8061 
8062 
8063 
8064 
8065 
8066 
8067 
8067 
8067 
8068 
8069 
8069 
8070 
8071 
8071 
8072 
8073 
8074 
8075 
8076 
8077 
8077 
8078 
8078 
8078 
8079 
8079 
8080 
8081 
8081 
8082 
8083 
8084 
8085 
8086 
8087 
8088 
8088 
8088 
8089 
8090 
8090 
8091 
8091 
8092 
8091 
8091 
8092 
8093 
8093 
8094 
8095 
8096 
8097 
8098 
8098 
8099 
8100 
8101 
8102 
8103 
8104 
8105 
8106 
8106 
8107 
8108 
8109 
8110 
8111 
8112 
8112 
8112 
8113 
8114 
8115 
8116 
8117 
8118 
8119 
8119 
8119 
8119 
8120 
8120 
8121 
8121 
8122 
8122 
8123 
8123 
8124 
8125 
8125 
8126 
8127 
8128 
8129 
8129 
8129 
8130 
8131 
8132 
8133 
8134 
8134 
8135 
8135 
8136 
8137 
8137 
8137 
8138 
8138 
8139 
8139 
8139 
8140 
8141 
8141 
8141 
8141 
8141 
8141 
8142 
8143 
8143 
8143 
8143 
8144 
8145 
8146 
8147 
8148 
8148 
8148 
8149 
8149 
8150 
8151 
8151 
8151 
8151 
8152 
8153 
8153 
8153 
8153 
8153 
8154 
8155 
8156 
8156 
8157 
8158 
8159 
8159 
8160 
8161 
8161 
8161 
8161 
8161 
8162 
8163 
8164 
8165 
8166 
8167 
8168 
8169 
8170 
8171 
8172 
8173 
8173 
8174 
8174 
8175 
8176 
8177 
8177 
8178 
8179 
8180 
8181 
8182 
8183 
8184 
8184 
8185 
8185 
8184 
8184 
8185 
8186 
8187 
8188 
8189 
8190 
8190 
8191 
8191 
8192 
8192 
8193 
8193 
8194 
8195 
8196 
8197 
8198 
8199 
8199 
8200 
8201 
8202 
8202 
8202 
8203 
8204 
8205 
8205 
8205 
8206 
8207 
8208 
8208 
8209 
8209 
8210 
8211 
8212 
8213 
8213 
8214 
8215 
8216 
8217 
8217 
8218 
8218 
8219 
8220 
8221 
8222 
8223 
8224 
8225 
8226 
8225 
8226 
8225 
8226 
8227 
8227 
8228 
8229 
8230 
8231 
8232 
8233 
8234 
8235 
8236 
8237 
8238 
8239 
8240 
8240 
8240 
8241 
8242 
8243 
8243 
8243 
8242 
8243 
8244 
8245 
8246 
8247 
8248 
8249 
8249 
8250 
8251 
8252 
8252 
8252 
8253 
8254 
8255 
8255 
8255 
8256 
8257 
8258 
8258 
8259 
8260 
8261 
8261 
8261 
8262 
8261 
8261 
8261 
8262 
8263 
8263 
8263 
8264 
8265 
8266 
8267 
8267 
8267 
8268 
8268 
8269 
8270 
8270 
8271 
8272 
8273 
8274 
8274 
8275 
8276 
8277 
8277 
8278 
8279 
8280 
8281 
8281 
8281 
8281 
8282 
8283 
8284 
8285 
8286 
8287 
8287 
8286 
8286 
8287 
8288 
8289 
8290 
8291 
8290 
8290 
8290 
8291 
8292 
8292 
8293 
8294 
8295 
8295 
8296 
8297 
8297 
8296 
8297 
8298 
8298 
8299 
8300 
8301 
8301 
8302 
8303 
8304 
8305 
8306 
8307 
8308 
8308 
8308 
8309 
8309 
8310 
8311 
8312 
8312 
8312 
8312 
8312 
8313 
8312 
8312 
8312 
8313 
8314 
8315 
8316 
8317 
8316 
8317 
8318 
8319 
8319 
8319 
8320 
8321 
8322 
8323 
8324 
8325 
8326 
8326 
8327 
8327 
8327 
8328 
8329 
8329 
8329 
8330 
8331 
8332 
8333 
8334 
8335 
8336 
8337 
8338 
8339 
8340 
8340 
8341 
8342 
8343 
8344 
8345 
8345 
8346 
8347 
8347 
8348 
8348 
8349 
8350 
8351 
8352 
8353 
8353 
8354 
8353 
8354 
8355 
8356 
8357 
8358 
8359 
8359 
8360 
8361 
8362 
8362 
8362 
8363 
8363 
8364 
8364 
8365 
8365 
8365 
8366 
8366 
8367 
8368 
8369 
8370 
8371 
8372 
8373 
8374 
8375 
8375 
8375 
8376 
8377 
8377 
8378 
8379 
8380 
8381 
8382 
8383 
8384 
8385 
8384 
8384 
8385 
8385 
8386 
8387 
8388 
8388 
8389 
8390 
8391 
8392 
8392 
8393 
8393 
8393 
8394 
8394 
8394 
8395 
8395 
8395 
8395 
8396 
8396 
8397 
8398 
8398 
8399 
8398 
8399 
8398 
8399 
8399 
8400 
8401 
8402 
8403 
8404 
8405 
8406 
8406 
8407 
8408 
8409 
8410 
8411 
8411 
8412 
8413 
8413 
8414 
8415 
8416 
8416 
8416 
8417 
8418 
8418 
8417 
8418 
8419 
8420 
8420 
8421 
8422 
8423 
8422 
8423 
8422 
8422 
8423 
8424 
8425 
8426 
8427 
8428 
8428 
8429 
8430 
8431 
8432 
8432 
8431 
8431 
8432 
8433 
8434 
8435 
8436 
8437 
8438 
8438 
8438 
8437 
8438 
8439 
8440 
8441 
8442 
8442 
8442 
8443 
8443 
8444 
8445 
8445 
8446 
8447 
8447 
8447 
8448 
8449 
8450 
8451 
8452 
8453 
8454 
8455 
8456 
8457 
8458 
8458 
8458 
8459 
8459 
8460 
8461 
8462 
8463 
8463 
8464 
8465 
8466 
8466 
8467 
8467 
8468 
8469 
8469 
8469 
8470 
8471 
8471 
8472 
8473 
8474 
8474 
8475 
8475 
8475 
8476 
8477 
8478 
8478 
8478 
8479 
8480 
8481 
8482 
8482 
8483 
8484 
8485 
8485 
8485 
8486 
8487 
8487 
8488 
8488 
8489 
8490 
8491 
8492 
8493 
8493 
8494 
8495 
8495 
8495 
8496 
8496 
8497 
8498 
8498 
8498 
8499 
8500 
8501 
8502 
8503 
8504 
8505 
8506 
8506 
8507 
8508 
8509 
8510 
8511 
8511 
8512 
8513 
8514 
8514 
8514 
8515 
8516 
8517 
8518 
8519 
8520 
8520 
8520 
8521 
8522 
8523 
8523 
8523 
8524 
8525 
8525 
8525 
8526 
8527 
8528 
8528 
8528 
8528 
8528 
8529 
8529 
8529 
8529 
8530 
8531 
8530 
8530 
8530 
8531 
8532 
8533 
8534 
8534 
8535 
8536 
8535 
8536 
8537 
8537 
8537 
8538 
8538 
8539 
8540 
8540 
8540 
8541 
8542 
8543 
8543 
8544 
8545 
8545 
8545 
8546 
8546 
8546 
8547 
8548 
8549 
8549 
8550 
8551 
8551 
8552 
8553 
8554 
8555 
8555 
8556 
8557 
8558 
8559 
8560 
8561 
8561 
8561 
8561 
8562 
8563 
8564 
8565 
8566 
8567 
8567 
8568 
8569 
8569 
8570 
8571 
8571 
8572 
8573 
8574 
8575 
8576 
8577 
8578 
8579 
8580 
8581 
8582 
8583 
8584 
8585 
8586 
8587 
8588 
8589 
8590 
8591 
8591 
8592 
8593 
8594 
8595 
8596 
8597 
8596 
8597 
8598 
8598 
8599 
8600 
8601 
8602 
8602 
8603 
8604 
8605 
8605 
8605 
8606 
8607 
8608 
8608 
8609 
8609 
8610 
8610 
8611 
8612 
8613 
8613 
8614 
8614 
8613 
8614 
8615 
8615 
8615 
8615 
8616 
8617 
8618 
8619 
8620 
8621 
8622 
8622 
8622 
8622 
8621 
8622 
8623 
8624 
8624 
8624 
8623 
8624 
8624 
8625 
8626 
8626 
8627 
8627 
8628 
8629 
8630 
8631 
8631 
8632 
8632 
8633 
8634 
8635 
8635 
8636 
8637 
8637 
8637 
8637 
8637 
8638 
8639 
8639 
8639 
8639 
8640 
8641 
8642 
8643 
8643 
8643 
8644 
8644 
8644 
8645 
8646 
8647 
8647 
8648 
8649 
8650 
8651 
8652 
8652 
8652 
8652 
8653 
8654 
8655 
8656 
8657 
8658 
8659 
8660 
8660 
8660 
8661 
8662 
8662 
8663 
8663 
8663 
8664 
8664 
8665 
8666 
8667 
8668 
8669 
8670 
8670 
8670 
8671 
8672 
8673 
8673 
8673 
8674 
8675 
8675 
8676 
8676 
8677 
8678 
8679 
8679 
8679 
8680 
8680 
8680 
8681 
8682 
8683 
8683 
8684 
8685 
8686 
8687 
8688 
8687 
8688 
8689 
8690 
8691 
8692 
8693 
8694 
8694 
8694 
8695 
8696 
8697 
8697 
8697 
8698 
8699 
8700 
8701 
8702 
8703 
8704 
8705 
8706 
8706 
8706 
8707 
8708 
8709 
8710 
8711 
8712 
8713 
8714 
8715 
8715 
8715 
8716 
8716 
8716 
8717 
8717 
8718 
8719 
8720 
8721 
8721 
8722 
8723 
8724 
8725 
8726 
8727 
8728 
8729 
8729 
8730 
8731 
8732 
8733 
8733 
8734 
8735 
8736 
8736 
8736 
8737 
8738 
8739 
8740 
8741 
8741 
8742 
8742 
8743 
8744 
8745 
8746 
8746 
8747 
8747 
8747 
8747 
8748 
8747 
8748 
8749 
8750 
8750 
8751 
8751 
8751 
8752 
8753 
8754 
8755 
8756 
8756 
8756 
8757 
8758 
8759 
8760 
8759 
8759 
8760 
8760 
8761 
8762 
8763 
8764 
8765 
8765 
8766 
8766 
8766 
8767 
8768 
8769 
8769 
8769 
8770 
8770 
8770 
8771 
8772 
8773 
8774 
8775 
8776 
8777 
8778 
8778 
8779 
8780 
8780 
8780 
8780 
8781 
8782 
8782 
8783 
8783 
8784 
8785 
8786 
8787 
8788 
8789 
8790 
8791 
8792 
8793 
8794 
8795 
8795 
8795 
8796 
8796 
8797 
8798 
8799 
8799 
8799 
8800 
8801 
8802 
8803 
8804 
8805 
8806 
8807 
8808 
8809 
8809 
8809 
8809 
8810 
8811 
8812 
8813 
8813 
8814 
8814 
8815 
8816 
8817 
8818 
8819 
8819 
8820 
8821 
8821 
8821 
8822 
8823 
8824 
8823 
8823 
8823 
8824 
8825 
8825 
8826 
8826 
8827 
8827 
8828 
8829 
8830 
8830 
8831 
8832 
8833 
8834 
8834 
8834 
8835 
8836 
8837 
8838 
8839 
8840 
8840 
8841 
8842 
8842 
8843 
8843 
8844 
8845 
8846 
8845 
8846 
8847 
8847 
8848 
8849 
8850 
8850 
8851 
8852 
8853 
8853 
8853 
8854 
8855 
8856 
8857 
8858 
8859 
8859 
8860 
8860 
8861 
8861 
8862 
8863 
8863 
8864 
8865 
8865 
8865 
8865 
8866 
8865 
8865 
8866 
8867 
8868 
8869 
8870 
8871 
8872 
8872 
8873 
8874 
8875 
8875 
8876 
8877 
8878 
8878 
8879 
8880 
8881 
8882 
8883 
8883 
8883 
8884 
8885 
8886 
8887 
8888 
8889 
8890 
8890 
8891 
8892 
8893 
8894 
8895 
8896 
8897 
8898 
8898 
8899 
8900 
8901 
8902 
8903 
8904 
8905 
8905 
8906 
8907 
8908 
8909 
8910 
8911 
8912 
8912 
8912 
8913 
8914 
8915 
8916 
8917 
8918 
8918 
8919 
8920 
8921 
8922 
8923 
8924 
8925 
8926 
8927 
8928 
8928 
8928 
8929 
8929 
8930 
8930 
8931 
8932 
8933 
8934 
8935 
8936 
8937 
8938 
8939 
8940 
8941 
8941 
8942 
8942 
8943 
8944 
8945 
8946 
8947 
8947 
8947 
8948 
8948 
8949 
8950 
8950 
8951 
8950 
8950 
8951 
8951 
8951 
8952 
8953 
8954 
8955 
8955 
8955 
8955 
8956 
8957 
8958 
8959 
8960 
8961 
8961 
8961 
8962 
8963 
8964 
8964 
8965 
8966 
8966 
8966 
8966 
8967 
8968 
8969 
8970 
8970 
8970 
8971 
8972 
8973 
8974 
8975 
8976 
8977 
8978 
8979 
8979 
8980 
8981 
8981 
8981 
8982 
8982 
8983 
8984 
8985 
8986 
8987 
8988 
8989 
8990 
8991 
8992 
8993 
8993 
8994 
8995 
8996 
8996 
8997 
8997 
8997 
8997 
8998 
8998 
8999 
9000 
9001 
9002 
9002 
9003 
9004 
9004 
9005 
9006 
9007 
9008 
9008 
9008 
9007 
9007 
9007 
9008 
9009 
9010 
9011 
9011 
9012 
9013 
9013 
9014 
9015 
9016 
9016 
9017 
9017 
9018 
9018 
9018 
9019 
9019 
9019 
9020 
9021 
9022 
9022 
9023 
9024 
9025 
9026 
9026 
9027 
9028 
9029 
9030 
9031 
9032 
9033 
9034 
9035 
9034 
9035 
9035 
9036 
9037 
9038 
9039 
9040 
9040 
9040 
9041 
9041 
9041 
9041 
9042 
9043 
9044 
9045 
9046 
9047 
9047 
9048 
9049 
9050 
9051 
9052 
9053 
9054 
9055 
9056 
9057 
9056 
9057 
9056 
9056 
9056 
9057 
9057 
9057 
9056 
9057 
9058 
9059 
9060 
9060 
9061 
9061 
9062 
9063 
9064 
9063 
9064 
9064 
9064 
9065 
9066 
9065 
9066 
9067 
9068 
9069 
9070 
9071 
9071 
9072 
9072 
9073 
9074 
9074 
9075 
9076 
9076 
9077 
9076 
9077 
9077 
9077 
9077 
9078 
9079 
9080 
9081 
9082 
9083 
9084 
9084 
9084 
9085 
9086 
9086 
9087 
9088 
9088 
9089 
9090 
9090 
9091 
9092 
9093 
9094 
9094 
9094 
9094 
9095 
9096 
9096 
9096 
9096 
9097 
9098 
9099 
9099 
9099 
9100 
9101 
9102 
9103 
9104 
9104 
9105 
9106 
9107 
9108 
9109 
9110 
9111 
9112 
9112 
9113 
9114 
9115 
9116 
9117 
9117 
9118 
9118 
9118 
9118 
9119 
9120 
9121 
9122 
9123 
9124 
9125 
9126 
9127 
9128 
9128 
9129 
9130 
9131 
9131 
9132 
9133 
9132 
9133 
9134 
9135 
9136 
9136 
9136 
9136 
9137 
9138 
9139 
9140 
9139 
9140 
9141 
9141 
9141 
9141 
9141 
9141 
9142 
9142 
9142 
9141 
9141 
9141 
9141 
9141 
9142 
9143 
9142 
9143 
9144 
9145 
9145 
9146 
9147 
9147 
9147 
9147 
9148 
9148 
9149 
9148 
9148 
9148 
9149 
9150 
9151 
9150 
9151 
9152 
9153 
9154 
9155 
9156 
9157 
9158 
9159 
9160 
9160 
9160 
9161 
9162 
9162 
9163 
9164 
9165 
9165 
9165 
9165 
9164 
9165 
9166 
9166 
9167 
9168 
9169 
9170 
9171 
9171 
9172 
9173 
9172 
9173 
9174 
9174 
9174 
9175 
9175 
9176 
9177 
9177 
9176 
9177 
9178 
9178 
9179 
9179 
9180 
9181 
9181 
9182 
9183 
9184 
9185 
9186 
9185 
9185 
9186 
9187 
9188 
9188 
9189 
9189 
9190 
9191 
9192 
9193 
9194 
9195 
9196 
9197 
9198 
9199 
9200 
9200 
9200 
9201 
9201 
9202 
9202 
9203 
9204 
9205 
9206 
9206 
9207 
9208 
9209 
9210 
9211 
9211 
9212 
9213 
9214 
9214 
9214 
9214 
9214 
9214 
9215 
9215 
9216 
9216 
9217 
9217 
9217 
9217 
9218 
9219 
9220 
9220 
9221 
9222 
9222 
9223 
9224 
9225 
9225 
9225 
9226 
9227 
9228 
9228 
9229 
9230 
9231 
9232 
9231 
9231 
9232 
9233 
9234 
9234 
9235 
9236 
9237 
9237 
9238 
9239 
9240 
9239 
9239 
9240 
9241 
9241 
9241 
9241 
9242 
9242 
9243 
9244 
9244 
9245 
9244 
9245 
9245 
9246 
9247 
9247 
9248 
9249 
9249 
9250 
9250 
9251 
9252 
9253 
9254 
9254 
9255 
9255 
9256 
9256 
9256 
9257 
9258 
9259 
9260 
9261 
9261 
9262 
9263 
9263 
9264 
9263 
9264 
9264 
9265 
9266 
9267 
9267 
9266 
9267 
9268 
9268 
9269 
9270 
9271 
9272 
9272 
9273 
9273 
9274 
9275 
9276 
9277 
9277 
9278 
9279 
9280 
9281 
9281 
9282 
9283 
9284 
9285 
9286 
9286 
9287 
9288 
9289 
9290 
9291 
9291 
9292 
9293 
9294 
9294 
9295 
9296 
9297 
9298 
9299 
9300 
9301 
9302 
9302 
9303 
9304 
9305 
9306 
9307 
9307 
9308 
9308 
9309 
9310 
9311 
9312 
9313 
9314 
9313 
9313 
9314 
9314 
9315 
9315 
9315 
9316 
9317 
9317 
9317 
9318 
9319 
9320 
9320 
9321 
9322 
9322 
9322 
9322 
9323 
9323 
9323 
9324 
9325 
9326 
9327 
9328 
9329 
9329 
9329 
9330 
9330 
9331 
9332 
9331 
9332 
9333 
9333 
9334 
9335 
9336 
9336 
9336 
9336 
9335 
9336 
9336 
9336 
9337 
9338 
9339 
9340 
9341 
9342 
9343 
9344 
9345 
9346 
9347 
9348 
9349 
9349 
9350 
9350 
9351 
9350 
9350 
9350 
9351 
9351 
9352 
9352 
9352 
9353 
9354 
9355 
9356 
9357 
9358 
9357 
9357 
9358 
9359 
9359 
9359 
9360 
9360 
9361 
9362 
9362 
9362 
9363 
9364 
9364 
9364 
9365 
9366 
9367 
9368 
9369 
9369 
9370 
9370 
9371 
9372 
9373 
9374 
9374 
9374 
9374 
9375 
9375 
9375 
9375 
9375 
9376 
9375 
9376 
9375 
9376 
9377 
9378 
9379 
9380 
9380 
9381 
9381 
9382 
9382 
9383 
9383 
9383 
9384 
9384 
9385 
9385 
9386 
9387 
9388 
9388 
9389 
9389 
9390 
9390 
9391 
9391 
9391 
9392 
9393 
9394 
9393 
9393 
9394 
9395 
9396 
9397 
9397 
9398 
9398 
9399 
9398 
9399 
9398 
9399 
9399 
9398 
9397 
9398 
9399 
9400 
9401 
9401 
9401 
9402 
9403 
9404 
9404 
9405 
9405 
9406 
9406 
9407 
9407 
9408 
9409 
9409 
9408 
9409 
9409 
9410 
9410 
9411 
9412 
9413 
9414 
9415 
9416 
9416 
9417 
9417 
9418 
9418 
9418 
9419 
9420 
9420 
9420 
9421 
9422 
9423 
9424 
9425 
9426 
9426 
9426 
9426 
9427 
9428 
9429 
9429 
9430 
9430 
9431 
9432 
9432 
9432 
9432 
9432 
9433 
9433 
9433 
9434 
9435 
9435 
9435 
9436 
9437 
9438 
9439 
9439 
9439 
9440 
9441 
9442 
9443 
9444 
9443 
9444 
9445 
9446 
9447 
9448 
9449 
9450 
9451 
9452 
9451 
9452 
9453 
9453 
9454 
9455 
9455 
9456 
9456 
9457 
9458 
9458 
9459 
9460 
9461 
9462 
9462 
9462 
9462 
9463 
9463 
9463 
9464 
9465 
9465 
9466 
9466 
9466 
9466 
9467 
9468 
9468 
9469 
9469 
9469 
9469 
9470 
9471 
9472 
9472 
9473 
9473 
9474 
9473 
9473 
9473 
9473 
9474 
9473 
9473 
9474 
9475 
9474 
9473 
9473 
9474 
9474 
9475 
9475 
9475 
9476 
9476 
9477 
9478 
9479 
9480 
9481 
9482 
9483 
9483 
9483 
9484 
9485 
9486 
9487 
9487 
9487 
9488 
9489 
9490 
9491 
9492 
9493 
9493 
9494 
9494 
9495 
9495 
9496 
9497 
9497 
9496 
9496 
9496 
9497 
9498 
9498 
9499 
9499 
9499 
9499 
9500 
9501 
9501 
9501 
9501 
9502 
9503 
9504 
9505 
9506 
9507 
9508 
9508 
9508 
9509 
9510 
9510 
9511 
9511 
9512 
9511 
9512 
9511 
9512 
9512 
9513 
9513 
9513 
9514 
9514 
9514 
9514 
9515 
9516 
9516 
9517 
9518 
9519 
9520 
9521 
9522 
9523 
9524 
9525 
9526 
9527 
9527 
9528 
9528 
9527 
9527 
9527 
9527 
9529 
9529 
9529 
9531 
9531 
9530 
9530 
9530 
9532 
9532 
9532 
9532 
9532 
9532 
9533 
9533 
9535 
9535 
9534 
9535 
9537 
9536 
9536 
9538 
9538 
9540 
9540 
9540 
9540 
9540 
9539 
9539 
9541 
9543 
9542 
9544 
9544 
9543 
9542 
9541 
9540 
9540 
9539 
9541 
9541 
9541 
9540 
9539 
9539 
9538 
9538 
9537 
9537 
9539 
9539 
9541 
9541 
9541 
9541 
9540 
9540 
9539 
9539 
9541 
9540 
9539 
9539 
9539 
9538 
9538 
9539 
9539 
9539 
9540 
9542 
9542 
9542 
9543 
9543 
9543 
9543 
9543 
9543 
9543 
9545 
9545 
9547 
9547 
9547 
9548 
9550 
9550 
9550 
9551 
9551 
9553 
9553 
9553 
9553 
9553 
9554 
9554 
9556 
9556 
9558 
9558 
9558 
9558 
9557 
9556 
9556 
9555 
9555 
9556 
9556 
9558 
9558 
9558 
9557 
9557 
9557 
9557 
9557 
9557 
9557 
9557 
9557 
9559 
9559 
9560 
9560 
9562 
9562 
9562 
9564 
9564 
9566 
9566 
9566 
9566 
9566 
9568 
9568 
9568 
9570 
9570 
9570 
9569 
9569 
9569 
9571 
9571 
9571 
9571 
9572 
9572 
9573 
9573 
9573 
9573 
9573 
9572 
9572 
9572 
9572 
9574 
9576 
9576 
9576 
9578 
9578 
9578 
9578 
9578 
9578 
9577 
9577 
9579 
9579 
9579 
9579 
9579 
9578 
9577 
9579 
9579 
9580 
9580 
9580 
9580 
9581 
9581 
9580 
9581 
9581 
9583 
9583 
9582 
9583 
9583 
9585 
9584 
9583 
9582 
9581 
9580 
9580 
9580 
9579 
9579 
9579 
9579 
9580 
9582 
9582 
9581 
9580 
9582 
9581 
9582 
9581 
9581 
9581 
9580 
9582 
9582 
9582 
9582 
9582 
9582 
9582 
9582 
9582 
9582 
9581 
9581 
9581 
9581 
9580 
9579 
9579 
9579 
9581 
9581 
9581 
9580 
9579 
9579 
9579 
9579 
9579 
9579 
9579 
9578 
9579 
9579 
9579 
9580 
9580 
9579 
9579 
9579 
9579 
9581 
9581 
9581 
9580 
9580 
9580 
9580 
9582 
9582 
9584 
9584 
9584 
9585 
9587 
9587 
9587 
9587 
9589 
9589 
9590 
9592 
9592 
9594 
9594 
9594 
9594 
9594 
9594 
9593 
9593 
9593 
9592 
9592 
9592 
9594 
9594 
9594 
9595 
9595 
9596 
9596 
9596 
9595 
9594 
9594 
9594 
9595 
9595 
9595 
9594 
9595 
9597 
9597 
9597 
9599 
9599 
9601 
9601 
9601 
9601 
9601 
9602 
9601 
9600 
9599 
9599 
9600 
9600 
9602 
9601 
9601 
9600 
9600 
9600 
9600 
9599 
9599 
9599 
9598 
9598 
9600 
9600 
9600 
9600 
9599 
9599 
9598 
9598 
9600 
9600 
9601 
9601 
9601 
9600 
9599 
9598 
9598 
9599 
9599 
9598 
9598 
9597 
9596 
9595 
9597 
9599 
9599 
9601 
9601 
9600 
9600 
9602 
9602 
9603 
9604 
9604 
9604 
9604 
9606 
9608 
9608 
9607 
9608 
9608 
9608 
9608 
9608 
9608 
9607 
9609 
9609 
9609 
9609 
9609 
9609 
9609 
9609 
9610 
9610 
9610 
9610 
9610 
9612 
9614 
9614 
9614 
9614 
9613 
9613 
9613 
9613 
9614 
9614 
9614 
9616 
9616 
9616 
9618 
9617 
9617 
9617 
9616 
9618 
9617 
9616 
9615 
9615 
9615 
9615 
9615 
9617 
9617 
9619 
9619 
9619 
9619 
9618 
9618 
9618 
9618 
9618 
9618 
9618 
9620 
9621 
9620 
9620 
9620 
9620 
9620 
9619 
9619 
9619 
9619 
9619 
9618 
9618 
9619 
9618 
9619 
9619 
9618 
9619 
9621 
9621 
9620 
9621 
9620 
9619 
9618 
9617 
9617 
9617 
9619 
9619 
9619 
9619 
9619 
9619 
9619 
9620 
9620 
9620 
9619 
9618 
9618 
9618 
9618 
9618 
9618 
9619 
9620 
9620 
9620 
9620 
9620 
9620 
9620 
9620 
9621 
9621 
9622 
9622 
9623 
9625 
9625 
9624 
9626 
9627 
9628 
9628 
9627 
9628 
9630 
9629 
9630 
9630 
9631 
9631 
9631 
9630 
9629 
9629 
9629 
9631 
9631 
9631 
9631 
9631 
9631 
9631 
9632 
9634 
9634 
9634 
9634 
9634 
9634 
9634 
9634 
9634 
9634 
9636 
9635 
9635 
9636 
9636 
9636 
9637 
9639 
9639 
9639 
9640 
9640 
9642 
9642 
9642 
9642 
9643 
9645 
9645 
9644 
9644 
9643 
9642 
9642 
9641 
9641 
9643 
9643 
9645 
9645 
9645 
9644 
9644 
9644 
9644 
9644 
9644 
9644 
9644 
9644 
9646 
9646 
9645 
9646 
9648 
9648 
9650 
9650 
9650 
9652 
9652 
9654 
9654 
9654 
9654 
9653 
9652 
9652 
9652 
9654 
9654 
9656 
9656 
9656 
9655 
9655 
9655 
9655 
9654 
9653 
9653 
9653 
9653 
9655 
9655 
9657 
9657 
9656 
9656 
9656 
9656 
9655 
9654 
9654 
9654 
9654 
9656 
9655 
9655 
9655 
9655 
9655 
9656 
9656 
9657 
9657 
9657 
9657 
9658 
9660 
9660 
9660 
9662 
9662 
9662 
9662 
9662 
9662 
9661 
9661 
9663 
9663 
9663 
9664 
9666 
9666 
9666 
9668 
9667 
9669 
9669 
9669 
9669 
9669 
9668 
9668 
9670 
9670 
9670 
9670 
9672 
9674 
9674 
9674 
9673 
9675 
9675 
9675 
9675 
9675 
9675 
9674 
9674 
9676 
9675 
9674 
9674 
9673 
9673 
9673 
9673 
9675 
9677 
9677 
9677 
9677 
9676 
9676 
9676 
9676 
9677 
9677 
9677 
9676 
9676 
9676 
9678 
9680 
9680 
9680 
9679 
9679 
9679 
9679 
9679 
9681 
9681 
9683 
9683 
9683 
9683 
9683 
9683 
9682 
9684 
9684 
9684 
9684 
9684 
9684 
9683 
9683 
9682 
9682 
9682 
9682 
9682 
9683 
9683 
9684 
9684 
9684 
9685 
9685 
9685 
9684 
9686 
9687 
9687 
9686 
9688 
9687 
9689 
9689 
9689 
9688 
9688 
9687 
9688 
9687 
9687 
9687 
9687 
9687 
9687 
9687 
9686 
9686 
9686 
9686 
9688 
9690 
9689 
9688 
9688 
9688 
9687 
9686 
9686 
9686 
9686 
9686 
9685 
9687 
9686 
9685 
9685 
9685 
9685 
9686 
9686 
9686 
9688 
9688 
9688 
9688 
9687 
9686 
9685 
9685 
9687 
9687 
9689 
9689 
9689 
9688 
9688 
9688 
9690 
9690 
9690 
9690 
9689 
9689 
9688 
9688 
9688 
9688 
9688 
9690 
9690 
9692 
9692 
9692 
9694 
9696 
9696 
9696 
9696 
9698 
9699 
9699 
9700 
9700 
9700 
9700 
9699 
9699 
9698 
9700 
9700 
9700 
9700 
9699 
9699 
9699 
9700 
9700 
9700 
9700 
9700 
9699 
9698 
9698 
9698 
9698 
9699 
9698 
9700 
9700 
9702 
9702 
9702 
9701 
9701 
9701 
9701 
9701 
9700 
9700 
9699 
9699 
9699 
9701 
9701 
9703 
9703 
9703 
9702 
9702 
9702 
9704 
9704 
9704 
9704 
9704 
9704 
9705 
9704 
9706 
9706 
9706 
9707 
9708 
9708 
9707 
9708 
9708 
9708 
9708 
9708 
9708 
9707 
9707 
9706 
9705 
9705 
9705 
9705 
9707 
9707 
9707 
9707 
9709 
9709 
9708 
9710 
9709 
9709 
9709 
9709 
9708 
9707 
9708 
9708 
9708 
9708 
9710 
9710 
9709 
9710 
9710 
9711 
9711 
9711 
9710 
9712 
9712 
9711 
9710 
9710 
9710 
9709 
9709 
9708 
9708 
9710 
9710 
9710 
9712 
9714 
9713 
9713 
9713 
9713 
9713 
9713 
9713 
9714 
9714 
9714 
9716 
9716 
9716 
9718 
9719 
9718 
9718 
9718 
9718 
9718 
9718 
9717 
9717 
9719 
9718 
9718 
9718 
9718 
9718 
9718 
9718 
9719 
9719 
9718 
9719 
9719 
9719 
9721 
9723 
9723 
9723 
9723 
9723 
9723 
9723 
9722 
9722 
9724 
9724 
9723 
9723 
9725 
9725 
9727 
9727 
9727 
9727 
9727 
9726 
9726 
9728 
9727 
9727 
9726 
9726 
9725 
9725 
9725 
9727 
9727 
9729 
9728 
9728 
9728 
9728 
9727 
9729 
9728 
9728 
9727 
9727 
9727 
9727 
9727 
9728 
9728 
9729 
9729 
9729 
9730 
9730 
9730 
9730 
9730 
9730 
9730 
9730 
9730 
9730 
9731 
9730 
9730 
9731 
9732 
9732 
9734 
9734 
9733 
9735 
9735 
9737 
9739 
9739 
9739 
9739 
9739 
9739 
9741 
9741 
9741 
9741 
9741 
9740 
9739 
9739 
9738 
9738 
9740 
9740 
9740 
9739 
9739 
9739 
9741 
9741 
9741 
9740 
9739 
9739 
9739 
9739 
9741 
9740 
9739 
9738 
9738 
9738 
9738 
9738 
9738 
9737 
9736 
9735 
9735 
9735 
9735 
9735 
9734 
9736 
9736 
9736 
9735 
9735 
9736 
9735 
9736 
9735 
9734 
9735 
9735 
9735 
9735 
9735 
9735 
9735 
9735 
9736 
9736 
9736 
9735 
9737 
9737 
9737 
9737 
9738 
9738 
9740 
9740 
9740 
9742 
9741 
9741 
9741 
9740 
9739 
9739 
9738 
9738 
9738 
9738 
9739 
9738 
9738 
9740 
9740 
9739 
9738 
9740 
9739 
9739 
9740 
9740 
9740 
9740 
9740 
9740 
9740 
9740 
9741 
9741 
9741 
9743 
9743 
9743 
9745 
9744 
9744 
9744 
9744 
9744 
9746 
9746 
9745 
9746 
9748 
9748 
9749 
9749 
9749 
9751 
9750 
9750 
9752 
9752 
9752 
9752 
9751 
9751 
9750 
9752 
9752 
9752 
9752 
9752 
9752 
9752 
9752 
9751 
9751 
9753 
9753 
9754 
9754 
9753 
9753 
9753 
9753 
9753 
9753 
9754 
9754 
9754 
9755 
9757 
9757 
9756 
9756 
9756 
9755 
9755 
9757 
9756 
9756 
9758 
9759 
9759 
9759 
9760 
9759 
9761 
9761 
9761 
9761 
9761 
9760 
9759 
9758 
9760 
9759 
9759 
9759 
9759 
9759 
9759 
9761 
9761 
9763 
9763 
9765 
9765 
9765 
9765 
9765 
9765 
9765 
9765 
9765 
9765 
9764 
9766 
9765 
9765 
9764 
9764 
9764 
9764 
9764 
9765 
9765 
9766 
9766 
9766 
9767 
9767 
9767 
9767 
9766 
9766 
9766 
9766 
9766 
9765 
9766 
9766 
9766 
9768 
9768 
9767 
9768 
9768 
9768 
9770 
9769 
9771 
9771 
9771 
9771 
9771 
9773 
9773 
9775 
9775 
9775 
9775 
9774 
9774 
9774 
9775 
9775 
9775 
9774 
9774 
9776 
9776 
9776 
9777 
9777 
9777 
9776 
9777 
9777 
9777 
9777 
9776 
9776 
9775 
9775 
9777 
9777 
9777 
9777 
9777 
9777 
9777 
9779 
9779 
9778 
9779 
9778 
9780 
9780 
9780 
9780 
9781 
9780 
9780 
9780 
9780 
9780 
9782 
9781 
9781 
9780 
9780 
9779 
9781 
9781 
9782 
9782 
9782 
9782 
9782 
9782 
9781 
9782 
9782 
9782 
9781 
9781 
9781 
9781 
9780 
9780 
9779 
9779 
9778 
9777 
9777 
9777 
9777 
9776 
9777 
9777 
9778 
9778 
9780 
9779 
9778 
9779 
9781 
9781 
9781 
9781 
9781 
9782 
9781 
9782 
9782 
9782 
9781 
9780 
9780 
9779 
9779 
9781 
9781 
9781 
9781 
9781 
9781 
9781 
9783 
9783 
9785 
9785 
9785 
9785 
9785 
9785 
9787 
9787 
9788 
9790 
9790 
9790 
9792 
9792 
9794 
9794 
9794 
9794 
9794 
9794 
9793 
9793 
9793 
9792 
9791 
9791 
9790 
9790 
9791 
9790 
9790 
9791 
9790 
9790 
9790 
9789 
9791 
9790 
9790 
9790 
9790 
9790 
9792 
9792 
9792 
9792 
9791 
9791 
9791 
9791 
9791 
9791 
9791 
9793 
9793 
9793 
9793 
9793 
9793 
9793 
9793 
9793 
9792 
9792 
9792 
9791 
9792 
9792 
9793 
9793 
9792 
9793 
9795 
9795 
9794 
9796 
9795 
9795 
9794 
9794 
9794 
9795 
9795 
9797 
9797 
9799 
9799 
9799 
9798 
9798 
9798 
9798 
9798 
9798 
9798 
9797 
9797 
9797 
9799 
9799 
9798 
9798 
9797 
9797 
9797 
9797 
9797 
9798 
9798 
9800 
9800 
9800 
9801 
9803 
9803 
9802 
9803 
9803 
9804 
9804 
9804 
9803 
9803 
9802 
9801 
9803 
9802 
9802 
9804 
9804 
9804 
9806 
9806 
9806 
9808 
9807 
9807 
9806 
9806 
9806 
9805 
9805 
9805 
9805 
9805 
9805 
9807 
9807 
9807 
9808 
9808 
9808 
9808 
9809 
9811 
9811 
9811 
9813 
9814 
9814 
9813 
9814 
9813 
9813 
9813 
9812 
9811 
9811 
9811 
9811 
9813 
9813 
9813 
9813 
9813 
9813 
9813 
9815 
9815 
9815 
9815 
9815 
9815 
9814 
9816 
9816 
9817 
9816 
9816 
9817 
9818 
9818 
9817 
9817 
9817 
9817 
9817 
9817 
9816 
9818 
9818 
9818 
9819 
9821 
9821 
9821 
9823 
9823 
9823 
9825 
9825 
9825 
9827 
9827 
9827 
9827 
9826 
9825 
9826 
9825 
9825 
9827 
9827 
9826 
9825 
9827 
9826 
9826 
9826 
9825 
9825 
9825 
9824 
9824 
9824 
9824 
9826 
9825 
9827 
9827 
9826 
9826 
9825 
9825 
9825 
9825 
9824 
9824 
9824 
9824 
9824 
9824 
9823 
9825 
9825 
9825 
9824 
9823 
9823 
9823 
9822 
9823 
9823 
9825 
9825 
9824 
9824 
9824 
9824 
9823 
9823 
9824 
9823 
9822 
9821 
9821 
9820 
9822 
9822 
9823 
9822 
9822 
9823 
9824 
9824 
9824 
9823 
9822 
9821 
9821 
9821 
9821 
9821 
9821 
9821 
9823 
9822 
9822 
9823 
9822 
9822 
9822 
9824 
9824 
9826 
9825 
9825 
9825 
9825 
9824 
9824 
9826 
9826 
9826 
9827 
9827 
9829 
9829 
9829 
9829 
9829 
9828 
9828 
9829 
9829 
9828 
9828 
9828 
9828 
9827 
9826 
9825 
9825 
9824 
9826 
9826 
9828 
9828 
9827 
9827 
9827 
9827 
9827 
9829 
9829 
9829 
9829 
9829 
9828 
9828 
9828 
9827 
9827 
9827 
9827 
9827 
9827 
9826 
9826 
9826 
9825 
9824 
9823 
9822 
9822 
9822 
9822 
9824 
9824 
9824 
9823 
9823 
9823 
9823 
9822 
9822 
9823 
9822 
9822 
9822 
9822 
9823 
9823 
9823 
9825 
9825 
9825 
9827 
9827 
9829 
9829 
9829 
9829 
9829 
9828 
9828 
9830 
9830 
9830 
9830 
9830 
9830 
9830 
9830 
9830 
9829 
9829 
9831 
9831 
9831 
9832 
9832 
9831 
9831 
9831 
9831 
9831 
9831 
9831 
9831 
9831 
9831 
9831 
9833 
9835 
9835 
9835 
9834 
9834 
9834 
9834 
9834 
9833 
9833 
9835 
9835 
9836 
9836 
9836 
9836 
9836 
9836 
9836 
9837 
9837 
9838 
9838 
9839 
9839 
9839 
9838 
9839 
9841 
9841 
9841 
9840 
9839 
9839 
9838 
9838 
9837 
9837 
9837 
9837 
9839 
9839 
9839 
9840 
9840 
9840 
9840 
9840 
9840 
9841 
9841 
9843 
9843 
9843 
9845 
9845 
9846 
9846 
9847 
9847 
9847 
9847 
9847 
9846 
9845 
9847 
9847 
9846 
9847 
9849 
9849 
9849 
9850 
9849 
9850 
9850 
9849 
9848 
9848 
9848 
9847 
9847 
9847 
9846 
9846 
9845 
9845 
9847 
9847 
9849 
9848 
9848 
9848 
9847 
9847 
9849 
9849 
9849 
9848 
9848 
9848 
9848 
9848 
9850 
9850 
9850 
9850 
9850 
9850 
9852 
9852 
9852 
9851 
9851 
9851 
9850 
9851 
9851 
9851 
9851 
9851 
9851 
9851 
9850 
9851 
9851 
9852 
9852 
9852 
9853 
9853 
9852 
9852 
9851 
9851 
9852 
9852 
9851 
9851 
9853 
9853 
9853 
9855 
9855 
9854 
9854 
9854 
9855 
9855 
9855 
9855 
9855 
9855 
9857 
9857 
9857 
9857 
9857 
9857 
9857 
9858 
9857 
9857 
9857 
9857 
9857 
9859 
9861 
9861 
9861 
9861 
9861 
9861 
9861 
9860 
9860 
9860 
9860 
9861 
9863 
9863 
9863 
9864 
9863 
9865 
9865 
9865 
9865 
9864 
9864 
9864 
9864 
9864 
9866 
9866 
9868 
9867 
9867 
9866 
9866 
9866 
9865 
9865 
9866 
9865 
9864 
9863 
9863 
9863 
9864 
9863 
9862 
9862 
9862 
9862 
9864 
9864 
9864 
9863 
9863 
9862 
9862 
9862 
9862 
9864 
9864 
9866 
9866 
9866 
9866 
9866 
9866 
9867 
9867 
9866 
9866 
9866 
9865 
9864 
9865 
9865 
9866 
9865 
9865 
9866 
9868 
9868 
9868 
9870 
9870 
9870 
9869 
9869 
9869 
9869 
9871 
9871 
9871 
9871 
9871 
9872 
9872 
9873 
9873 
9872 
9872 
9872 
9873 
9873 
9875 
9875 
9874 
9874 
9876 
9876 
9876 
9875 
9875 
9875 
9875 
9874 
9874 
9873 
9873 
9873 
9873 
9874 
9876 
9876 
9876 
9877 
9877 
9877 
9879 
9879 
9880 
9882 
9882 
9882 
9882 
9882 
9882 
9884 
9884 
9886 
9886 
9886 
9886 
9886 
9885 
9884 
9884 
9883 
9885 
9885 
9887 
9887 
9887 
9886 
9886 
9886 
9888 
9887 
9887 
9889 
9889 
9889 
9889 
9889 
9888 
9889 
9890 
9890 
9890 
9892 
9893 
9893 
9892 
9891 
9893 
9893 
9893 
9893 
9893 
9893 
9892 
9892 
9893 
9893 
9893 
9892 
9892 
9892 
9894 
9893 
9893 
9893 
9894 
9896 
9896 
9896 
9896 
9896 
9897 
9899 
9899 
9899 
9899 
9898 
9898 
9898 
9897 
9897 
9896 
9896 
9895 
9896 
9896 
9896 
9897 
9897 
9897 
9897 
9896 
9895 
9895 
9894 
9893 
9893 
9895 
9894 
9895 
9895 
9895 
9894 
9894 
9894 
9894 
9893 
9893 
9893 
9892 
9892 
9893 
9893 
9893 
9892 
9892 
9892 
9892 
9892 
9892 
9891 
9891 
9891 
9890 
9890 
9892 
9892 
9894 
9894 
9894 
9893 
9893 
9893 
9893 
9894 
9894 
9894 
9894 
9894 
9896 
9896 
9896 
9898 
9900 
9900 
9900 
9900 
9900 
9900 
9899 
9898 
9898 
9898 
9898 
9899 
9899 
9898 
9899 
9899 
9899 
9899 
9901 
9901 
9900 
9900 
9900 
9900 
9900 
9900 
9900 
9902 
9904 
9904 
9904 
9904 
9903 
9903 
9903 
9903 
9903 
9903 
9903 
9905 
9905 
9905 
9907 
9907 
9907 
9907 
9907 
9907 
9907 
9909 
9909 
9908 
9909 
9909 
9911 
9911 
9911 
9910 
9912 
9912 
9912 
9911 
9911 
9911 
9911 
9913 
9913 
9914 
9913 
9913 
9914 
9916 
9916 
9916 
9917 
9917 
9919 
9919 
9919 
9919 
9919 
9918 
9917 
9916 
9916 
9916 
9918 
9918 
9918 
9917 
9917 
9917 
9917 
9916 
9916 
9916 
9915 
9915 
9917 
9917 
9918 
9918 
9918 
9917 
9917 
9917 
9918 
9918 
9918 
9917 
9919 
9918 
9918 
9918 
9920 
9920 
9920 
9920 
9920 
9919 
9919 
9919 
9919 
9920 
9922 
9921 
9921 
9921 
9921 
9921 
9920 
9920 
9920 
9920 
9919 
9919 
9920 
9920 
9922 
9922 
9922 
9922 
9922 
9921 
9921 
9921 
9921 
9923 
9923 
9923 
9922 
9921 
9921 
9921 
9921 
9920 
9920 
9920 
9920 
9922 
9922 
9922 
9924 
9924 
9924 
9923 
9923 
9925 
9925 
9927 
9927 
9927 
9927 
9927 
9926 
9926 
9928 
9928 
9927 
9927 
9927 
9927 
9927 
9927 
9927 
9928 
9928 
9928 
9928 
9928 
9930 
9930 
9931 
9930 
9930 
9931 
9933 
9933 
9933 
9935 
9935 
9937 
9937 
9936 
9936 
9935 
9935 
9935 
9936 
9936 
9936 
9936 
9936 
9936 
9935 
9934 
9934 
9934 
9933 
9933 
9933 
9933 
9932 
9931 
9930 
9930 
9932 
9932 
9931 
9931 
9931 
9931 
9933 
9932 
9932 
9932 
9932 
9932 
9934 
9934 
9934 
9934 
9934 
9934 
9934 
9934 
9935 
9934 
9934 
9936 
9936 
9936 
9938 
9939 
9939 
9939 
9940 
9939 
9941 
9941 
9941 
9941 
9941 
9941 
9940 
9939 
9941 
9941 
9941 
9941 
9940 
9940 
9942 
9942 
9942 
9944 
9944 
9943 
9944 
9943 
9945 
9947 
9947 
9947 
9949 
9948 
9950 
9950 
9950 
9950 
9950 
9949 
9949 
9948 
9949 
9948 
9949 
9949 
9948 
9947 
9946 
9948 
9949 
9948 
9947 
9946 
9946 
9946 
9946 
9945 
9945 
9945 
9944 
9943 
9943 
9942 
9942 
9941 
9941 
9941 
9942 
9941 
9942 
9942 
9942 
9944 
9944 
9943 
9945 
9944 
9944 
9944 
9944 
9944 
9944 
9946 
9946 
9948 
9948 
9950 
9950 
9950 
9949 
9949 
9948 
9948 
9948 
9948 
9948 
9947 
9946 
9948 
9948 
9947 
9949 
9949 
9949 
9949 
9949 
9949 
9950 
9950 
9952 
9952 
9952 
9953 
9955 
9955 
9954 
9956 
9955 
9955 
9955 
9955 
9955 
9954 
9954 
9956 
9956 
9956 
9958 
9958 
9958 
9960 
9960 
9960 
9960 
9960 
9960 
9959 
9959 
9959 
9958 
9958 
9958 
9958 
9960 
9959 
9959 
9960 
9960 
9960 
9960 
9960 
9962 
9964 
9964 
9964 
9966 
9966 
9968 
9968 
9967 
9967 
9967 
9966 
9966 
9966 
9967 
9967 
9967 
9968 
9967 
9967 
9967 
9967 
9967 
9969 
9969 
9969 
9968 
9968 
9968 
9967 
9967 
9969 
9969 
9971 
9971 
9970 
9970 
9970 
9970 
9970 
9969 
9969 
9969 
9968 
9968 
9970 
9970 
9970 
9970 
9970 
9970 
9969 
9968 
9968 
9970 
9970 
9971 
9971 
9971 
9972 
9972 
9973 
9975 
9975 
9975 
9976 
9976 
9976 
9976 
9976 
9976 
9975 
9975 
9975 
9975 
9975 
9974 
9974 
9976 
9975 
9974 
9975 
9975 
9975 
9977 
9977 
9977 
9977 
9977 
9977 
9977 
9976 
9978 
9980 
9980 
9980 
9982 
9983 
9983 
9982 
9983 
9983 
9982 
9982 
9982 
9981 
9980 
9981 
9981 
9980 
9980 
9980 
9980 
9982 
9982 
9984 
9984 
9984 
9984 
9986 
9986 
9987 
9989 
9989 
9989 
9989 
9989 
9988 
9987 
9987 
9987 
9987 
9987 
9987 
9987 
9989 
9989 
9989 
9990 
9990 
9992 
9992 
9992 
9991 
9992 
9992 
9992 
9992 
9992 
9992 
9992 
9994 
9994 
9993 
9994 
9995 
9995 
9995 
9997 
9997 
9998 
9998 
9998 
9998 
9998 
10000 
9999 
9999 
9998 
9997 
9996 
9998 
9998 
9998 
9997 
9997 
9997 
9997 
9997 
9996 
9996 
9996 
9997 
9997 
9997 
9996 
9996 
9995 
9997 
9996 
9998 
9997 
9996 
9996 
9996 
9996 
9996 
9996 
9995 
9995 
9995 
9994 
9993 
9994 
9993 
9995 
9995 
9995 
9995 
9995 
9995 
9995 
9997 
9997 
9997 
9997 
9997 
9997 
9996 
9996 
9997 
9999 
9998 
9998 
9997 
9997 
9996 
9996 
9996 
9996 
9996 
9996 
9997 
9997 
9998 
9998 
9998 
9998 
10000 
10000 
10000 
10000 
10000 
10002 
10002 
10004 
10004 
10004 
10006 
10006 
10006 
10006 
10006 
10006 
10005 
10004 
10004 
10003 
10003 
10003 
10005 
10004 
10004 
10004 
10004 
10005 
10004 
10004 
10003 
10002 
10002 
10002 
10002 
10002 
10002 
10002 
10004 
10004 
10004 
10006 
10008 
10008 
10008 
10008 
10008 
10007 
10007 
10007 
10007 
10006 
10006 
10008 
10008 
10007 
10009 
10008 
10008 
10008 
10008 
10009 
10009 
10008 
10008 
10010 
10010 
10010 
10009 
10009 
10009 
10009 
10009 
10009 
10009 
10009 
10009 
10009 
10008 
10007 
10009 
10009 
10009 
10009 
10009 
10009 
10009 
10009 
10009 
10009 
10008 
10009 
10008 
10008 
10007 
10007 
10009 
10009 
10009 
10011 
10013 
10013 
10013 
10015 
10015 
10017 
10016 
10016 
10016 
10015 
10015 
10014 
10013 
10014 
10014 
10013 
10013 
10012 
10012 
10012 
10012 
10014 
10014 
10016 
10016 
10015 
10015 
10015 
10015 
10014 
10014 
10013 
10013 
10012 
10012 
10014 
10014 
10016 
10016 
10018 
10018 
10018 
10018 
10018 
10017 
10017 
10017 
10016 
10016 
10018 
10018 
10018 
10018 
10018 
10018 
10018 
10018 
10019 
10019 
10020 
10020 
10020 
10021 
10021 
10021 
10020 
10020 
10020 
10019 
10019 
10019 
10021 
10020 
10020 
10022 
10022 
10023 
10023 
10025 
10025 
10024 
10023 
10023 
10023 
10025 
10025 
10025 
10025 
10027 
10027 
10027 
10027 
10027 
10027 
10027 
10028 
10028 
10029 
10031 
10031 
10030 
10031 
10031 
10031 
10031 
10031 
10030 
10031 
10031 
10031 
10031 
10031 
10031 
10032 
10032 
10031 
10031 
10031 
10033 
10033 
10033 
10033 
10033 
10033 
10033 
10035 
10035 
10037 
10037 
10036 
10036 
10036 
10036 
10035 
10035 
10035 
10035 
10035 
10037 
10037 
10039 
10039 
10038 
10038 
10037 
10036 
10036 
10036 
10037 
10036 
10035 
10034 
10034 
10034 
10036 
10036 
10036 
10036 
10037 
10036 
10035 
10035 
10035 
10035 
10034 
10033 
10033 
10033 
10033 
10035 
10035 
10037 
10037 
10037 
10037 
10037 
10037 
10038 
10038 
10038 
10037 
10037 
10036 
10035 
10036 
10035 
10036 
10036 
10036 
10037 
10039 
10039 
10039 
10041 
10040 
10040 
10040 
10040 
10040 
10040 
10039 
10039 
10040 
10042 
10042 
10041 
10041 
10043 
10043 
10043 
10043 
10043 
10045 
10045 
10047 
10047 
10049 
10049 
10049 
10049 
10048 
10048 
10048 
10047 
10046 
10048 
10048 
10050 
10050 
10050 
10049 
10049 
10049 
10049 
10049 
10048 
10048 
10048 
10048 
10050 
10050 
10050 
10050 
10050 
10051 
10051 
10052 
10054 
10054 
10054 
10053 
10053 
10053 
10054 
10054 
10053 
10053 
10055 
10055 
10055 
10054 
10054 
10054 
10055 
10055 
10055 
10057 
10058 
10058 
10057 
10058 
10057 
10057 
10057 
10057 
10056 
10056 
10056 
10056 
10057 
10059 
10058 
10058 
10060 
10060 
10060 
10060 
10060 
10059 
10058 
10058 
10058 
10059 
10059 
10059 
10059 
10060 
10061 
10061 
10060 
10060 
10060 
10059 
10059 
10059 
10061 
10060 
10060 
10061 
10061 
10061 
10063 
10063 
10063 
10065 
10065 
10065 
10065 
10065 
10064 
10064 
10063 
10063 
10062 
10062 
10062 
10061 
10063 
10062 
10061 
10062 
10062 
10062 
10062 
10061 
10061 
10061 
10061 
10060 
10059 
10059 
10059 
10060 
10060 
10060 
10059 
10059 
10059 
10058 
10057 
10057 
10056 
10056 
10055 
10055 
10057 
10057 
10057 
10057 
10057 
10057 
10057 
10057 
10059 
10059 
10059 
10058 
10058 
10058 
10060 
10060 
10061 
10061 
10061 
10063 
10064 
10064 
10064 
10064 
10063 
10064 
10064 
10066 
10066 
10066 
10066 
10066 
10066 
10066 
10066 
10066 
10068 
10068 
10068 
10070 
10072 
10072 
10072 
10072 
10071 
10070 
10070 
10070 
10070 
10072 
10072 
10072 
10071 
10071 
10071 
10071 
10073 
10073 
10074 
10076 
10076 
10075 
10075 
10077 
10077 
10078 
10080 
10080 
10080 
10080 
10079 
10079 
10079 
10079 
10078 
10077 
10077 
10077 
10079 
10079 
10080 
10080 
10079 
10078 
10078 
10078 
10079 
10078 
10078 
10078 
10079 
10081 
10081 
10081 
10083 
10083 
10085 
10084 
10084 
10084 
10084 
10084 
10083 
10084 
10084 
10083 
10082 
10081 
10081 
10081 
10080 
10080 
10080 
10080 
10080 
10079 
10079 
10079 
10078 
10078 
10078 
10080 
10080 
10079 
10079 
10079 
10079 
10079 
10081 
10081 
10080 
10080 
10080 
10082 
10082 
10082 
10082 
10082 
10082 
10082 
10082 
10082 
10083 
10085 
10085 
10085 
10087 
10087 
10088 
10088 
10087 
10089 
10088 
10088 
10090 
10090 
10090 
10090 
10090 
10089 
10089 
10091 
10090 
10090 
10090 
10090 
10090 
10089 
10089 
10088 
10088 
10088 
10088 
10089 
10089 
10089 
10089 
10090 
10090 
10092 
10092 
10092 
10092 
10092 
10092 
10092 
10092 
10092 
10094 
10094 
10094 
10093 
10092 
10092 
10091 
10091 
10091 
10091 
10093 
10093 
10095 
10095 
10095 
10095 
10097 
10097 
10096 
10096 
10098 
10098 
10098 
10098 
10098 
10098 
10097 
10099 
10099 
10099 
10099 
10098 
10098 
10098 
10098 
10099 
10099 
10099 
10099 
10099 
10099 
10101 
10102 
10102 
10102 
10101 
10103 
10104 
10104 
10104 
10104 
10103 
10103 
10103 
10102 
10104 
10104 
10104 
10104 
10104 
10103 
10105 
10105 
10107 
10107 
10107 
10106 
10108 
10107 
10108 
10110 
10110 
10110 
10112 
10111 
10113 
10113 
10113 
10113 
10113 
10113 
10112 
10111 
10112 
10111 
10111 
10110 
10109 
10111 
10112 
10111 
10111 
10110 
10109 
10109 
10109 
10109 
10108 
10108 
10107 
10106 
10106 
10105 
10105 
10104 
10104 
10104 
10105 
10105 
10106 
10105 
10105 
10107 
10107 
10106 
10108 
10107 
10107 
10107 
10107 
10107 
10106 
10108 
10108 
10110 
10110 
10110 
10109 
10109 
10109 
10109 
10109 
10108 
10108 
10108 
10110 
10111 
10111 
10112 
10112 
10112 
10113 
10115 
10115 
10115 
10115 
10116 
10116 
10116 
10116 
10116 
10115 
10115 
10117 
10117 
10117 
10119 
10120 
10120 
10119 
10118 
10118 
10118 
10118 
10117 
10118 
10118 
10118 
10118 
10118 
10117 
10116 
10118 
10118 
10118 
10118 
10118 
10118 
10118 
10119 
10119 
10120 
10120 
10120 
10121 
10122 
10122 
10121 
10121 
10121 
10121 
10121 
10121 
10121 
10123 
10123 
10123 
10124 
10126 
10126 
10126 
10128 
10128 
10128 
10129 
10129 
10128 
10130 
10129 
10130 
10131 
10131 
10131 
10133 
10133 
10133 
10134 
10134 
10136 
10135 
10135 
10134 
10133 
10133 
10133 
10133 
10133 
10135 
10134 
10136 
10136 
10136 
10136 
10135 
10135 
10135 
10134 
10133 
10133 
10132 
10132 
10132 
10131 
10131 
10133 
10133 
10133 
10132 
10132 
10132 
10132 
10132 
10134 
10134 
10136 
10136 
10135 
10135 
10135 
10135 
10134 
10134 
10134 
10133 
10133 
10132 
10134 
10133 
10135 
10135 
10135 
10135 
10135 
10135 
10135 
10137 
10137 
10138 
10138 
10137 
10139 
10139 
10140 
10142 
10142 
10141 
10141 
10141 
10141 
10141 
10140 
10140 
10140 
10139 
10139 
10139 
10139 
10141 
10141 
10142 
10142 
10142 
10142 
10144 
10144 
10144 
10144 
10146 
10145 
10144 
10144 
10144 
10144 
10143 
10143 
10145 
10145 
10145 
10147 
10147 
10149 
10149 
10149 
10149 
10149 
10148 
10148 
10148 
10147 
10147 
10147 
10147 
10147 
10146 
10146 
10147 
10149 
10148 
10150 
10149 
10149 
10148 
10148 
10148 
10148 
10147 
10147 
10147 
10146 
10146 
10145 
10146 
10146 
10148 
10148 
10148 
10148 
10148 
10147 
10149 
10149 
10149 
10149 
10149 
10149 
10148 
10148 
10148 
10149 
10150 
10149 
10148 
10148 
10148 
10147 
10147 
10146 
10146 
10146 
10148 
10147 
10147 
10147 
10147 
10147 
10147 
10147 
10147 
10147 
10147 
10148 
10148 
10149 
10149 
10149 
10149 
10149 
10151 
10151 
10151 
10153 
10153 
10153 
10155 
10155 
10157 
10157 
10157 
10157 
10157 
10156 
10156 
10158 
10158 
10158 
10157 
10157 
10157 
10157 
10157 
10157 
10156 
10156 
10158 
10158 
10157 
10159 
10158 
10157 
10157 
10157 
10156 
10156 
10156 
10156 
10156 
10156 
10158 
10158 
10158 
10160 
10160 
10160 
10160 
10160 
10160 
10160 
10160 
10159 
10158 
10160 
10160 
10160 
10160 
10160 
10160 
10160 
10160 
10160 
10160 
10159 
10158 
10158 
10157 
10156 
10156 
10156 
10156 
10155 
10156 
10156 
10156 
10158 
10158 
10158 
10157 
10157 
10157 
10159 
10159 
10159 
10161 
10163 
10163 
10163 
10165 
10165 
10167 
10167 
10166 
10165 
10164 
10164 
10163 
10162 
10163 
10162 
10162 
10162 
10162 
10162 
10161 
10161 
10163 
10163 
10165 
10164 
10164 
10164 
10164 
10164 
10166 
10166 
10166 
10165 
10164 
10164 
10164 
10163 
10165 
10165 
10164 
10164 
10164 
10166 
10166 
10166 
10166 
10166 
10166 
10165 
10167 
10167 
10167 
10167 
10167 
10167 
10167 
10167 
10168 
10168 
10169 
10169 
10169 
10170 
10170 
10170 
10169 
10169 
10168 
10167 
10167 
10169 
10168 
10169 
10169 
10171 
10171 
10171 
10171 
10173 
10172 
10171 
10171 
10171 
10173 
10173 
10173 
10173 
10175 
10175 
10175 
10177 
10177 
10178 
10178 
10177 
10176 
10176 
10176 
10176 
10176 
10175 
10174 
10174 
10175 
10175 
10174 
10173 
10172 
10172 
10172 
10174 
10173 
10174 
10174 
10173 
10173 
10173 
10175 
10175 
10176 
10178 
10178 
10178 
10178 
10179 
10179 
10179 
10179 
10179 
10178 
10177 
10176 
10178 
10178 
10178 
10177 
10177 
10176 
10176 
10176 
10177 
10177 
10177 
10176 
10177 
10176 
10175 
10175 
10175 
10175 
10175 
10174 
10174 
10175 
10175 
10175 
10177 
10177 
10177 
10178 
10177 
10176 
10176 
10175 
10176 
10175 
10175 
10174 
10174 
10174 
10174 
10174 
10176 
10175 
10177 
10176 
10175 
10175 
10174 
10174 
10174 
10174 
10174 
10173 
10174 
10174 
10174 
10173 
10173 
10174 
10174 
10174 
10175 
10175 
10174 
10173 
10174 
10174 
10176 
10176 
10176 
10176 
10175 
10175 
10174 
10174 
10174 
10174 
10174 
10174 
10173 
10173 
10173 
10172 
10172 
10172 
10172 
10174 
10175 
10175 
10175 
10174 
10174 
10174 
10174 
10175 
10176 
10176 
10176 
10178 
10177 
10177 
10177 
10177 
10178 
10177 
10179 
10181 
10181 
10181 
10181 
10181 
10181 
10180 
10181 
10181 
10183 
10183 
10183 
10184 
10183 
10183 
10183 
10183 
10183 
10185 
10185 
10184 
10183 
10182 
10182 
10182 
10182 
10183 
10183 
10183 
10183 
10183 
10183 
10185 
10185 
10184 
10183 
10183 
10183 
10183 
10183 
10183 
10183 
10185 
10185 
10184 
10184 
10184 
10183 
10182 
10182 
10182 
10184 
10184 
10184 
10185 
10187 
10187 
10187 
10189 
10191 
10191 
10191 
10191 
10190 
10189 
10189 
10188 
10188 
10190 
10190 
10191 
10190 
10190 
10189 
10189 
10189 
10189 
10189 
10189 
10189 
10190 
10190 
10190 
10191 
10193 
10193 
10193 
10195 
10195 
10195 
10197 
10197 
10199 
10199 
10199 
10199 
10199 
10199 
10201 
10201 
10201 
10201 
10200 
10199 
10198 
10198 
10198 
10200 
10200 
10202 
10202 
10202 
10201 
10200 
10200 
10200 
10200 
10200 
10200 
10201 
10201 
10200 
10202 
10202 
10201 
10202 
10202 
10204 
10204 
10206 
10206 
10207 
10207 
10207 
10207 
10207 
10206 
10205 
10205 
10205 
10207 
10207 
10208 
10209 
10208 
10207 
10207 
10207 
10207 
10207 
10209 
10209 
10208 
10208 
10207 
10209 
10208 
10208 
10208 
10207 
10206 
10206 
10205 
10205 
10205 
10205 
10205 
10205 
10205 
10204 
10206 
10205 
10205 
10204 
10205 
10205 
10204 
10206 
10205 
10204 
10204 
10204 
10204 
10204 
10205 
10205 
10206 
10206 
10205 
10205 
10205 
10205 
10205 
10205 
10205 
10204 
10204 
10206 
10206 
10206 
10206 
10206 
10206 
10206 
10207 
10207 
10207 
10207 
10207 
10208 
10208 
10207 
10208 
10210 
10210 
10210 
10209 
10209 
10209 
10209 
10208 
10208 
10208 
10208 
10208 
10208 
10207 
10209 
10211 
10211 
10210 
10212 
10213 
10212 
10211 
10210 
10210 
10210 
10210 
10209 
10208 
10207 
10207 
10209 
10208 
10207 
10207 
10208 
10209 
10209 
10209 
10209 
10209 
10209 
10209 
10211 
10211 
10211 
10212 
10211 
10213 
10213 
10213 
10212 
10212 
10212 
10212 
10212 
10212 
10211 
10211 
10213 
10213 
10213 
10214 
10215 
10215 
10215 
10217 
10217 
10218 
10218 
10218 
10217 
10217 
10218 
10217 
10217 
10216 
10215 
10215 
10217 
10217 
10219 
10218 
10218 
10217 
10217 
10217 
10217 
10217 
10216 
10216 
10217 
10216 
10216 
10218 
10220 
10220 
10220 
10221 
10221 
10223 
10222 
10222 
10222 
10222 
10221 
10221 
10223 
10223 
10223 
10223 
10223 
10222 
10221 
10221 
10221 
10221 
10222 
10224 
10224 
10223 
10222 
10222 
10222 
10221 
10220 
10219 
10220 
10220 
10222 
10222 
10222 
10222 
10222 
10222 
10224 
10223 
10223 
10223 
10223 
10223 
10223 
10223 
10222 
10221 
10221 
10223 
10222 
10224 
10224 
10223 
10223 
10223 
10223 
10225 
10225 
10225 
10225 
10224 
10224 
10223 
10223 
10223 
10223 
10224 
10226 
10226 
10226 
10226 
10226 
10225 
10225 
10225 
10226 
10226 
10226 
10227 
10227 
10228 
10228 
10228 
10227 
10226 
10226 
10226 
10226 
10227 
10227 
10227 
10228 
10228 
10228 
10227 
10226 
10226 
10225 
10224 
10224 
10224 
10226 
10225 
10224 
10224 
10225 
10225 
10225 
10226 
10226 
10228 
10228 
10230 
10230 
10230 
10230 
10231 
10231 
10231 
10231 
10230 
10229 
10228 
10227 
10227 
10227 
10226 
10226 
10225 
10225 
10226 
10226 
10226 
10226 
10228 
10228 
10228 
10229 
10231 
10231 
10231 
10230 
10230 
10229 
10229 
10229 
10229 
10230 
10230 
10229 
10230 
10230 
10230 
10230 
10230 
10230 
10232 
10231 
10230 
10229 
10229 
10228 
10229 
10228 
10230 
10229 
10229 
10228 
10227 
10227 
10227 
10227 
10227 
10226 
10227 
10228 
10228 
10227 
10226 
10225 
10225 
10225 
10224 
10226 
10226 
10227 
10229 
10229 
10229 
10229 
10229 
10229 
10229 
10228 
10227 
10228 
10228 
10229 
10229 
10228 
10228 
10228 
10228 
10228 
10230 
10230 
10231 
10231 
10231 
10231 
10231 
10231 
10233 
10233 
10232 
10231 
10231 
10231 
10230 
10230 
10232 
10232 
10232 
10232 
10231 
10230 
10230 
10230 
10230 
10230 
10232 
10232 
10231 
10231 
10230 
10230 
10232 
10231 
10232 
10232 
10232 
10232 
10231 
10231 
10230 
10230 
10230 
10230 
10229 
10229 
10228 
10228 
10228 
10230 
10231 
10230 
10229 
10228 
10228 
10228 
10228 
10229 
10230 
10230 
10230 
10232 
10232 
10232 
10231 
10231 
10231 
10232 
10231 
10231 
10233 
10233 
10233 
10234 
10236 
10236 
10236 
10238 
10238 
10240 
10240 
10240 
10239 
10239 
10239 
10241 
10241 
10241 
10241 
10240 
10240 
10239 
10238 
10238 
10240 
10240 
10242 
10242 
10242 
10241 
10240 
10240 
10240 
10240 
10239 
10238 
10238 
10238 
10240 
10240 
10240 
10241 
10243 
10243 
10243 
10245 
10247 
10247 
10247 
10247 
10247 
10246 
10245 
10244 
10244 
10246 
10246 
10247 
10247 
10246 
10245 
10245 
10245 
10245 
10245 
10245 
10246 
10246 
10248 
10248 
10247 
10247 
10249 
10248 
10249 
10249 
10251 
10251 
10252 
10252 
10252 
10252 
10252 
10251 
10252 
10251 
10250 
10250 
10250 
10250 
10250 
10252 
10252 
10251 
10251 
10253 
10253 
10254 
10253 
10253 
10253 
10252 
10254 
10253 
10252 
10252 
10252 
10251 
10251 
10251 
10251 
10251 
10251 
10250 
10252 
10252 
10252 
10251 
10250 
10249 
10248 
10249 
10249 
10248 
10250 
10249 
10248 
10248 
10248 
10248 
10248 
10249 
10249 
10250 
10250 
10250 
10249 
10249 
10249 
10249 
10249 
10249 
10248 
10248 
10250 
10250 
10251 
10251 
10251 
10251 
10251 
10251 
10251 
10251 
10252 
10251 
10251 
10251 
10250 
10251 
10253 
10253 
10252 
10252 
10252 
10252 
10251 
10251 
10253 
10253 
10252 
10254 
10255 
10254 
10253 
10252 
10252 
10252 
10251 
10250 
10250 
10249 
10249 
10251 
10251 
10251 
10251 
10251 
10251 
10250 
10252 
10252 
10252 
10252 
10252 
10252 
10252 
10254 
10254 
10256 
10256 
10256 
10257 
10258 
10257 
10256 
10256 
10255 
10255 
10254 
10254 
10254 
10254 
10254 
10253 
10253 
10253 
10254 
10255 
10255 
10255 
10257 
10257 
10257 
10258 
10258 
10260 
10259 
10259 
10259 
10258 
10260 
10260 
10260 
10260 
10260 
10259 
10260 
10259 
10261 
10260 
10260 
10260 
10259 
10259 
10259 
10259 
10258 
10259 
10258 
10258 
10258 
10260 
10262 
10262 
10262 
10264 
10264 
10265 
10265 
10264 
10264 
10264 
10263 
10263 
10265 
10265 
10264 
10263 
10262 
10261 
10261 
10261 
10260 
10261 
10263 
10263 
10263 
10263 
10263 
10263 
10263 
10265 
10265 
10264 
10264 
10264 
10264 
10264 
10266 
10265 
10265 
10265 
10265 
10264 
10266 
10266 
10265 
10265 
10267 
10267 
10267 
10267 
10267 
10267 
10266 
10266 
10265 
10265 
10265 
10264 
10263 
10263 
10265 
10265 
10265 
10265 
10266 
10268 
10268 
10268 
10267 
10267 
10267 
10267 
10267 
10267 
10268 
10268 
10268 
10269 
10270 
10270 
10270 
10270 
10269 
10268 
10267 
10267 
10267 
10267 
10269 
10268 
10267 
10267 
10268 
10267 
10266 
10267 
10266 
10266 
10266 
10266 
10265 
10266 
10266 
10268 
10268 
10268 
10269 
10270 
10270 
10272 
10271 
10271 
10271 
10271 
10273 
10273 
10273 
10273 
10273 
10272 
10274 
10274 
10274 
10274 
10274 
10274 
10273 
10273 
10274 
10274 
10273 
10273 
10273 
10273 
10275 
10277 
10277 
10277 
10277 
10277 
10277 
10277 
10277 
10277 
10278 
10278 
10278 
10278 
10278 
10278 
10277 
10276 
10278 
10278 
10280 
10280 
10280 
10280 
10279 
10279 
10279 
10279 
10281 
10282 
10282 
10282 
10282 
10282 
10282 
10281 
10281 
10281 
10281 
10281 
10281 
10283 
10285 
10284 
10284 
10283 
10283 
10283 
10283 
10283 
10285 
10284 
10286 
10286 
10286 
10286 
10286 
10286 
10286 
10286 
10287 
10289 
10289 
10289 
10289 
10289 
10289 
10289 
10289 
10289 
10289 
10289 
10289 
10288 
10289 
10288 
10289 
10289 
10289 
10290 
10291 
10291 
10291 
10292 
10292 
10292 
10293 
10293 
10295 
10294 
10293 
10293 
10293 
10293 
10293 
10293 
10293 
10293 
10293 
10292 
10292 
10292 
10292 
10294 
10294 
10294 
10294 
10294 
10293 
10292 
10292 
10294 
10294 
10294 
10294 
10294 
10294 
10296 
10295 
10295 
10295 
10295 
10295 
10295 
10296 
10296 
10295 
10294 
10293 
10293 
10295 
10294 
10296 
10296 
10296 
10296 
10296 
10296 
10298 
10298 
10297 
10297 
10296 
10295 
10295 
10294 
10293 
10293 
10293 
10293 
10293 
10295 
10295 
10295 
10297 
10298 
10298 
10298 
10298 
10300 
10301 
10300 
10300 
10302 
10302 
10302 
10302 
10302 
10302 
10301 
10301 
10301 
10301 
10301 
10301 
10300 
10301 
10301 
10301 
10301 
10301 
10302 
10302 
10302 
10303 
10303 
10305 
10305 
10305 
10305 
10305 
10305 
10304 
10304 
10305 
10306 
10306 
10306 
10306 
10306 
10307 
10307 
10307 
10307 
10307 
10309 
10308 
10308 
10308 
10308 
10308 
10308 
10308 
10309 
10309 
10309 
10309 
10311 
10311 
10311 
10313 
10315 
10315 
10315 
10314 
10314 
10314 
10314 
10314 
10315 
10315 
10315 
10317 
10316 
10316 
10316 
10315 
10315 
10317 
10317 
10317 
10317 
10316 
10318 
10318 
10320 
10320 
10320 
10320 
10320 
10320 
10320 
10320 
10320 
10320 
10320 
10320 
10320 
10321 
10322 
10321 
10321 
10321 
10321 
10321 
10321 
10322 
10322 
10323 
10322 
10322 
10323 
10325 
10325 
10324 
10326 
10326 
10325 
10324 
10324 
10323 
10323 
10323 
10322 
10321 
10321 
10321 
10322 
10321 
10323 
10322 
10323 
10323 
10322 
10322 
10321 
10321 
10321 
10320 
10320 
10321 
10321 
10322 
10321 
10320 
10320 
10320 
10320 
10319 
10319 
10320 
10322 
10322 
10322 
10322 
10322 
10323 
10323 
10325 
10327 
10327 
10327 
10327 
10326 
10326 
10326 
10326 
10328 
10328 
10328 
10330 
10330 
10330 
10329 
10329 
10329 
10329 
10330 
10332 
10332 
10332 
10331 
10332 
10331 
10330 
10330 
10332 
10331 
10331 
10331 
10331 
10333 
10333 
10333 
10333 
10333 
10333 
10333 
10332 
10331 
10331 
10331 
10333 
10333 
10335 
10335 
10335 
10334 
10333 
10334 
10334 
10334 
10334 
10336 
10338 
10338 
10338 
10340 
10340 
10342 
10342 
10342 
10342 
10342 
10342 
10341 
10341 
10342 
10344 
10344 
10343 
10342 
10342 
10341 
10341 
10341 
10342 
10342 
10341 
10341 
10341 
10340 
10340 
10339 
10339 
10340 
10339 
10339 
10339 
10339 
10339 
10341 
10341 
10341 
10341 
10341 
10341 
10343 
10342 
10342 
10344 
10344 
10344 
10344 
10344 
10343 
10342 
10341 
10341 
10340 
10342 
10344 
10344 
10344 
10344 
10344 
10344 
10344 
10344 
10344 
10345 
10345 
10347 
10347 
10347 
10349 
10349 
10351 
10351 
10351 
10353 
10354 
10354 
10353 
10355 
10355 
10356 
10356 
10356 
10356 
10355 
10355 
10357 
10357 
10356 
10356 
10356 
10355 
10355 
10354 
10354 
10354 
10354 
10356 
10356 
10355 
10355 
10354 
10354 
10353 
10352 
10352 
10353 
10353 
10355 
10355 
10355 
10355 
10355 
10355 
10355 
10355 
10355 
10355 
10355 
10355 
10354 
10354 
10354 
10356 
10356 
10358 
10358 
10358 
10358 
10358 
10358 
10360 
10360 
10360 
10359 
10358 
10358 
10358 
10358 
10358 
10358 
10358 
10360 
10362 
10362 
10361 
10361 
10363 
10363 
10363 
10363 
10363 
10363 
10362 
10364 
10364 
10364 
10364 
10364 
10364 
10364 
10364 
10365 
10365 
10365 
10366 
10366 
10366 
10368 
10368 
10367 
10367 
10367 
10367 
10367 
10369 
10369 
10371 
10371 
10371 
10371 
10371 
10371 
10371 
10372 
10372 
10373 
10373 
10373 
10375 
10375 
10376 
10378 
10378 
10377 
10377 
10376 
10376 
10376 
10375 
10374 
10374 
10373 
10373 
10373 
10373 
10375 
10375 
10377 
10377 
10377 
10377 
10377 
10377 
10376 
10376 
10376 
10378 
10378 
10378 
10377 
10377 
10378 
10378 
10378 
10378 
10379 
10381 
10381 
10381 
10381 
10383 
10383 
10383 
10383 
10383 
10382 
10381 
10381 
10381 
10381 
10383 
10383 
10383 
10383 
10382 
10381 
10380 
10380 
10382 
10382 
10382 
10381 
10381 
10381 
10381 
10380 
10379 
10381 
10382 
10382 
10382 
10381 
10382 
10381 
10381 
10381 
10381 
10381 
10381 
10381 
10381 
10380 
10381 
10381 
10381 
10383 
10383 
10383 
10385 
10385 
10386 
10386 
10385 
10384 
10384 
10384 
10383 
10385 
10387 
10387 
10387 
10387 
10386 
10386 
10386 
10386 
10386 
10386 
10388 
10388 
10389 
10388 
10388 
10388 
10388 
10388 
10387 
10389 
10389 
10389 
10388 
10390 
10392 
10391 
10391 
10390 
10390 
10390 
10390 
10390 
10390 
10390 
10389 
10389 
10391 
10392 
10392 
10391 
10391 
10391 
10393 
10393 
10393 
10393 
10393 
10395 
10395 
10395 
10395 
10396 
10396 
10396 
10395 
10394 
10394 
10394 
10396 
10396 
10396 
10398 
10398 
10398 
10398 
10397 
10397 
10396 
10396 
10397 
10396 
10396 
10396 
10396 
10396 
10395 
10397 
10397 
10397 
10399 
10399 
10401 
10401 
10402 
10401 
10401 
10403 
10403 
10404 
10404 
10404 
10404 
10404 
10403 
10403 
10403 
10403 
10403 
10403 
10404 
10406 
10406 
10405 
10404 
10404 
10404 
10404 
10403 
10403 
10404 
10404 
10403 
10403 
10403 
10405 
10405 
10405 
10405 
10405 
10405 
10405 
10407 
10407 
10409 
10408 
10409 
10409 
10409 
10408 
10408 
10408 
10410 
10410 
10412 
10412 
10412 
10411 
10410 
10410 
10410 
10412 
10411 
10411 
10411 
10410 
10410 
10410 
10410 
10412 
10412 
10412 
10412 
10414 
10413 
10412 
10411 
10411 
10411 
10413 
10413 
10412 
10412 
10412 
10412 
10412 
10414 
10414 
10414 
10414 
10414 
10414 
10414 
10414 
10415 
10417 
10417 
10417 
10417 
10417 
10417 
10416 
10416 
10416 
10416 
10416 
10416 
10417 
10417 
10418 
10418 
10418 
10419 
10421 
10421 
10421 
10423 
10423 
10423 
10422 
10422 
10422 
10423 
10425 
10425 
10424 
10424 
10426 
10426 
10426 
10426 
10426 
10428 
10428 
10430 
10430 
10432 
10432 
10432 
10432 
10431 
10431 
10431 
10430 
10430 
10432 
10432 
10434 
10434 
10434 
10433 
10433 
10433 
10433 
10433 
10433 
10433 
10433 
10435 
10435 
10436 
10436 
10436 
10435 
10435 
10437 
10437 
10439 
10441 
10441 
10441 
10441 
10441 
10441 
10442 
10442 
10442 
10442 
10444 
10444 
10444 
10443 
10443 
10443 
10442 
10442 
10444 
10445 
10445 
10444 
10445 
10445 
10445 
10445 
10444 
10444 
10444 
10443 
10445 
10445 
10445 
10447 
10447 
10446 
10446 
10446 
10446 
10446 
10446 
10446 
10446 
10445 
10445 
10446 
10447 
10447 
10447 
10447 
10447 
10447 
10447 
10446 
10448 
10448 
10448 
10449 
10450 
10450 
10452 
10452 
10452 
10454 
10454 
10454 
10455 
10454 
10454 
10454 
10454 
10454 
10453 
10453 
10453 
10452 
10452 
10452 
10452 
10454 
10454 
10454 
10455 
10454 
10454 
10453 
10455 
10455 
10455 
10455 
10455 
10455 
10456 
10458 
10458 
10458 
10457 
10457 
10457 
10457 
10456 
10455 
10455 
10455 
10457 
10457 
10457 
10456 
10456 
10456 
10456 
10456 
10455 
10455 
10454 
10453 
10455 
10454 
10454 
10454 
10456 
10456 
10456 
10456 
10456 
10456 
10456 
10456 
10456 
10457 
10457 
10459 
10460 
10459 
10459 
10458 
10458 
10458 
10460 
10460 
10460 
10462 
10462 
10462 
10462 
10462 
10462 
10462 
10464 
10464 
10464 
10463 
10463 
10463 
10464 
10463 
10463 
10464 
10465 
10465 
10465 
10466 
10466 
10467 
10469 
10469 
10469 
10468 
10468 
10468 
10467 
10466 
10466 
10466 
10468 
10470 
10469 
10469 
10469 
10470 
10470 
10470 
10469 
10469 
10471 
10471 
10470 
10470 
10470 
10472 
10472 
10474 
10474 
10474 
10476 
10476 
10477 
10479 
10479 
10481 
10480 
10480 
10480 
10479 
10478 
10478 
10478 
10478 
10478 
10478 
10477 
10479 
10479 
10479 
10480 
10480 
10481 
10481 
10481 
10482 
10481 
10480 
10480 
10480 
10481 
10481 
10482 
10481 
10481 
10482 
10484 
10484 
10484 
10486 
10486 
10488 
10488 
10488 
10488 
10488 
10487 
10486 
10485 
10485 
10486 
10486 
10488 
10488 
10488 
10487 
10487 
10487 
10487 
10486 
10486 
10486 
10485 
10485 
10487 
10488 
10488 
10488 
10487 
10486 
10486 
10487 
10486 
10486 
10486 
10488 
10488 
10488 
10488 
10490 
10490 
10492 
10492 
10492 
10492 
10492 
10491 
10491 
10490 
10489 
10488 
10488 
10488 
10488 
10489 
10489 
10489 
10489 
10489 
10488 
10487 
10487 
10487 
10486 
10486 
10487 
10487 
10486 
10486 
10486 
10486 
10486 
10488 
10488 
10487 
10487 
10487 
10487 
10489 
10489 
10491 
10491 
10493 
10493 
10495 
10495 
10495 
10495 
10495 
10494 
10494 
10496 
10496 
10496 
10496 
10496 
10496 
10496 
10496 
10496 
10497 
10499 
10499 
10499 
10501 
10501 
10503 
10503 
10503 
10505 
10506 
10506 
10506 
10508 
10508 
10509 
10509 
10509 
10509 
10508 
10508 
10507 
10507 
10507 
10507 
10506 
10506 
10505 
10505 
10505 
10505 
10507 
10507 
10506 
10505 
10505 
10505 
10505 
10506 
10506 
10508 
10508 
10508 
10508 
10508 
10508 
10508 
10508 
10508 
10508 
10508 
10508 
10510 
10510 
10510 
10510 
10509 
10509 
10509 
10509 
10509 
10509 
10511 
10513 
10513 
10513 
10515 
10515 
10516 
10516 
10516 
10516 
10516 
10515 
10517 
10517 
10517 
10517 
10517 
10517 
10517 
10517 
10518 
10518 
10518 
10519 
10519 
10519 
10521 
10520 
10520 
10520 
10520 
10520 
10519 
10519 
10521 
10521 
10523 
10523 
10523 
10523 
10523 
10523 
10523 
10525 
10525 
10525 
10525 
10525 
10525 
10525 
10525 
10525 
10525 
10525 
10525 
10525 
10525 
10525 
10526 
10527 
10527 
10526 
10527 
10527 
10527 
10529 
10529 
10529 
10528 
10530 
10529 
10530 
10530 
10530 
10530 
10529 
10529 
10529 
10529 
10531 
10530 
10529 
10529 
10529 
10529 
10531 
10531 
10533 
10533 
10533 
10533 
10533 
10534 
10536 
10536 
10536 
10538 
10538 
10540 
10540 
10540 
10540 
10540 
10540 
10539 
10539 
10538 
10537 
10538 
10537 
10537 
10537 
10536 
10538 
10537 
10537 
10537 
10537 
10537 
10538 
10538 
10538 
10538 
10537 
10537 
10537 
10537 
10537 
10537 
10536 
10537 
10536 
10536 
10536 
10535 
10535 
10535 
10535 
10535 
10536 
10536 
10537 
10537 
10537 
10538 
10540 
10540 
10540 
10542 
10544 
10544 
10544 
10546 
10547 
10547 
10546 
10545 
10544 
10544 
10543 
10543 
10543 
10543 
10545 
10545 
10545 
10545 
10545 
10544 
10544 
10546 
10546 
10546 
10546 
10546 
10545 
10546 
10546 
10546 
10546 
10547 
10548 
10548 
10548 
10548 
10548 
10547 
10547 
10547 
10547 
10548 
10548 
10548 
10549 
10551 
10550 
10550 
10552 
10552 
10552 
10552 
10551 
10553 
10552 
10553 
10554 
10554 
10554 
10555 
10554 
10555 
10555 
10557 
10556 
10556 
10556 
10555 
10555 
10555 
10555 
10555 
10555 
10557 
10556 
10558 
10558 
10557 
10556 
10556 
10556 
10556 
10558 
10558 
10557 
10557 
10557 
10557 
10557 
10559 
10559 
10561 
10561 
10560 
10560 
10560 
10560 
10560 
10560 
10560 
10559 
10559 
10559 
10561 
10562 
10562 
10562 
10562 
10562 
10562 
10562 
10564 
10564 
10565 
10565 
10564 
10566 
10566 
10567 
10569 
10569 
10568 
10569 
10569 
10569 
10569 
10569 
10568 
10568 
10568 
10568 
10568 
10568 
10568 
10567 
10568 
10568 
10568 
10569 
10569 
10569 
10569 
10570 
10570 
10570 
10569 
10569 
10571 
10571 
10571 
10573 
10573 
10575 
10575 
10575 
10575 
10575 
10574 
10574 
10574 
10574 
10573 
10573 
10573 
10573 
10574 
10574 
10574 
10573 
10573 
10574 
10576 
10576 
10578 
10578 
10577 
10577 
10577 
10577 
10577 
10577 
10576 
10575 
10574 
10576 
10576 
10576 
10575 
10575 
10577 
10577 
10577 
10577 
10576 
10575 
10575 
10575 
10576 
10575 
10574 
10574 
10574 
10574 
10574 
10574 
10574 
10574 
10573 
10573 
10573 
10573 
10572 
10572 
10572 
10572 
10572 
10573 
10573 
10573 
10573 
10573 
10575 
10575 
10575 
10577 
10577 
10577 
10579 
10579 
10580 
10580 
10580 
10580 
10579 
10578 
10580 
10580 
10580 
10580 
10580 
10580 
10582 
10582 
10581 
10583 
10582 
10582 
10582 
10582 
10582 
10582 
10582 
10582 
10583 
10583 
10583 
10584 
10585 
10585 
10585 
10585 
10585 
10585 
10585 
10585 
10584 
10584 
10586 
10586 
10587 
10587 
10587 
10587 
10587 
10587 
10588 
10588 
10588 
10588 
10587 
10588 
10588 
10588 
10587 
10587 
10587 
10587 
10587 
10587 
10587 
10587 
10587 
10586 
10585 
10585 
10585 
10585 
10587 
10587 
10587 
10587 
10589 
10589 
10589 
10589 
10589 
10588 
10587 
10589 
10588 
10588 
10590 
10592 
10592 
10592 
10594 
10594 
10596 
10596 
10595 
10594 
10593 
10593 
10593 
10592 
10594 
10593 
10593 
10593 
10593 
10593 
10592 
10592 
10594 
10594 
10596 
10595 
10595 
10595 
10595 
10595 
10597 
10597 
10597 
10596 
10596 
10596 
10596 
10596 
10598 
10598 
10598 
10598 
10600 
10600 
10600 
10600 
10600 
10600 
10599 
10601 
10601 
10601 
10600 
10600 
10600 
10600 
10601 
10601 
10602 
10602 
10602 
10603 
10603 
10602 
10602 
10602 
10601 
10601 
10603 
10602 
10602 
10604 
10604 
10604 
10604 
10606 
10606 
10606 
10605 
10605 
10605 
10607 
10607 
10607 
10607 
10609 
10609 
10609 
10611 
10611 
10612 
10612 
10611 
10611 
10611 
10611 
10611 
10611 
10610 
10609 
10609 
10610 
10610 
10610 
10610 
10609 
10609 
10608 
10608 
10608 
10608 
10608 
10610 
10610 
10611 
10613 
10613 
10613 
10614 
10614 
10614 
10615 
10615 
10615 
10614 
10613 
10612 
10613 
10613 
10613 
10612 
10612 
10611 
10611 
10611 
10611 
10610 
10609 
10609 
10610 
10610 
10610 
10610 
10610 
10609 
10609 
10609 
10608 
10607 
10607 
10606 
10606 
10605 
10605 
10604 
10606 
10605 
10605 
10604 
10604 
10603 
10602 
10602 
10601 
10601 
10602 
10602 
10604 
10604 
10604 
10604 
10603 
10604 
10603 
10603 
10603 
10603 
10603 
10602 
10601 
10601 
10600 
10599 
10599 
10599 
10599 
10601 
10600 
10599 
10598 
10598 
10598 
10598 
10598 
10599 
10599 
10598 
10597 
10597 
10597 
10597 
10598 
10597 
10599 
10601 
10601 
10601 
10601 
10601 
10601 
10601 
10601 
10601 
10603 
10603 
10603 
10602 
10602 
10602 
10602 
10602 
10604 
10604 
10603 
10603 
10603 
10603 
10603 
10604 
10604 
10604 
10604 
10603 
10603 
10605 
10605 
10604 
10604 
10604 
10604 
10603 
10603 
10604 
10604 
10604 
10604 
10604 
10604 
10604 
10604 
10604 
10605 
10606 
10606 
10606 
10608 
10608 
10608 
10607 
10606 
10606 
10605 
10605 
10607 
10606 
10606 
10606 
10605 
10605 
10605 
10607 
10607 
10607 
10608 
10610 
10610 
10610 
10612 
10612 
10612 
10613 
10613 
10615 
10615 
10615 
10615 
10615 
10617 
10617 
10617 
10617 
10616 
10615 
10614 
10614 
10614 
10616 
10616 
10617 
10617 
10617 
10616 
10615 
10615 
10615 
10615 
10615 
10617 
10617 
10617 
10616 
10618 
10618 
10618 
10619 
10619 
10621 
10621 
10623 
10623 
10625 
10625 
10625 
10625 
10625 
10624 
10623 
10624 
10623 
10623 
10623 
10625 
10625 
10624 
10625 
10626 
10626 
10625 
10625 
10625 
10625 
10625 
10627 
10627 
10626 
10626 
10625 
10627 
10627 
10626 
10626 
10626 
10625 
10625 
10625 
10624 
10624 
10624 
10624 
10626 
10627 
10627 
10628 
10628 
10628 
10630 
10630 
10630 
10629 
10631 
10631 
10631 
10630 
10630 
10630 
10630 
10630 
10632 
10632 
10634 
10634 
10634 
10633 
10633 
10633 
10633 
10635 
10634 
10634 
10633 
10633 
10633 
10633 
10634 
10634 
10635 
10635 
10635 
10636 
10636 
10635 
10634 
10633 
10633 
10633 
10633 
10633 
10634 
10634 
10633 
10633 
10633 
10633 
10633 
10633 
10633 
10632 
10632 
10634 
10634 
10634 
10634 
10634 
10634 
10634 
10635 
10635 
10635 
10635 
10635 
10635 
10635 
10636 
10638 
10638 
10638 
10638 
10638 
10638 
10637 
10637 
10636 
10636 
10636 
10636 
10637 
10639 
10639 
10639 
10641 
10642 
10642 
10641 
10640 
10640 
10640 
10640 
10640 
10640 
10639 
10639 
10641 
10640 
10640 
10641 
10642 
10642 
10642 
10642 
10642 
10642 
10642 
10644 
10644 
10644 
10645 
10644 
10646 
10646 
10646 
10646 
10646 
10646 
10646 
10646 
10645 
10644 
10644 
10644 
10644 
10645 
10645 
10647 
10647 
10647 
10647 
10647 
10647 
10647 
10648 
10647 
10647 
10646 
10645 
10645 
10647 
10647 
10649 
10648 
10648 
10647 
10647 
10647 
10647 
10647 
10646 
10645 
10645 
10647 
10649 
10649 
10650 
10650 
10652 
10651 
10651 
10651 
10651 
10651 
10651 
10651 
10651 
10651 
10650 
10649 
10649 
10649 
10649 
10650 
10652 
10652 
10651 
10650 
10650 
10650 
10650 
10649 
10649 
10650 
10652 
10652 
10652 
10652 
10652 
10652 
10654 
10653 
10653 
10653 
10653 
10653 
10653 
10653 
10652 
10651 
10650 
10650 
10652 
10652 
10654 
10654 
10654 
10654 
10654 
10654 
10656 
10656 
10656 
10656 
10656 
10656 
10655 
10657 
10656 
10656 
10656 
10657 
10659 
10659 
10659 
10659 
10659 
10658 
10658 
10659 
10659 
10659 
10659 
10659 
10658 
10657 
10656 
10655 
10655 
10655 
10654 
10656 
10656 
10656 
10657 
10657 
10657 
10656 
10655 
10654 
10654 
10654 
10654 
10656 
10656 
10656 
10658 
10658 
10659 
10659 
10661 
10661 
10663 
10663 
10663 
10663 
10665 
10664 
10664 
10664 
10664 
10663 
10662 
10662 
10661 
10661 
10660 
10660 
10660 
10659 
10659 
10660 
10660 
10660 
10660 
10662 
10662 
10662 
10663 
10665 
10665 
10665 
10664 
10664 
10664 
10664 
10664 
10664 
10665 
10665 
10665 
10666 
10665 
10665 
10665 
10665 
10666 
10666 
10666 
10665 
10665 
10664 
10666 
10666 
10666 
10665 
10665 
10665 
10665 
10665 
10665 
10664 
10665 
10665 
10664 
10663 
10664 
10664 
10664 
10663 
10662 
10662 
10662 
10662 
10662 
10662 
10661 
10660 
10660 
10661 
10660 
10659 
10659 
10659 
10659 
10659 
10660 
10660 
10660 
10660 
10660 
10662 
10662 
10662 
10661 
10660 
10662 
10662 
10662 
10662 
10662 
10662 
10662 
10663 
10663 
10663 
10663 
10665 
10665 
10666 
10666 
10666 
10666 
10665 
10665 
10664 
10664 
10665 
10664 
10663 
10663 
10663 
10663 
10663 
10665 
10667 
10667 
10668 
10667 
10666 
10665 
10665 
10665 
10665 
10665 
10666 
10666 
10666 
10668 
10667 
10667 
10667 
10666 
10666 
10666 
10668 
10668 
10670 
10670 
10670 
10671 
10673 
10673 
10673 
10675 
10675 
10677 
10677 
10677 
10676 
10676 
10676 
10678 
10678 
10678 
10678 
10677 
10677 
10677 
10676 
10676 
10678 
10678 
10680 
10680 
10680 
10679 
10678 
10678 
10678 
10678 
10678 
10678 
10678 
10678 
10680 
10680 
10680 
10681 
10683 
10683 
10683 
10685 
10684 
10686 
10686 
10686 
10686 
10686 
10685 
10684 
10683 
10683 
10685 
10685 
10686 
10686 
10685 
10684 
10684 
10683 
10683 
10683 
10683 
10682 
10681 
10682 
10682 
10684 
10684 
10686 
10686 
10686 
10686 
10685 
10685 
10685 
10687 
10686 
10686 
10686 
10686 
10686 
10686 
10686 
10687 
10687 
10688 
10688 
10688 
10689 
10690 
10690 
10690 
10690 
10690 
10690 
10692 
10694 
10694 
10694 
10694 
10696 
10696 
10697 
10697 
10699 
10699 
10699 
10699 
10699 
10699 
10699 
10698 
10697 
10698 
10698 
10697 
10697 
10697 
10697 
10697 
10699 
10699 
10700 
10699 
10699 
10701 
10701 
10700 
10701 
10700 
10700 
10700 
10699 
10701 
10700 
10699 
10698 
10698 
10698 
10698 
10698 
10698 
10698 
10700 
10699 
10698 
10698 
10698 
10699 
10698 
10698 
10697 
10699 
10699 
10699 
10701 
10703 
10703 
10703 
10705 
10705 
10704 
10703 
10703 
10703 
10703 
10702 
10702 
10702 
10702 
10704 
10704 
10704 
10704 
10704 
10704 
10706 
10706 
10706 
10706 
10706 
10705 
10704 
10706 
10707 
10707 
10707 
10708 
10707 
10707 
10707 
10707 
10707 
10706 
10706 
10706 
10707 
10708 
10708 
10708 
10709 
10708 
10709 
10709 
10710 
10709 
10709 
10709 
10708 
10710 
10710 
10710 
10710 
10710 
10710 
10711 
10710 
10712 
10711 
10711 
10711 
10710 
10710 
10710 
10710 
10709 
10710 
10709 
10709 
10709 
10711 
10713 
10713 
10713 
10715 
10715 
10716 
10716 
10715 
10715 
10714 
10716 
10716 
10715 
10714 
10713 
10712 
10712 
10711 
10711 
10711 
10713 
10713 
10713 
10713 
10713 
10713 
10714 
10713 
10713 
10713 
10713 
10715 
10714 
10714 
10714 
10714 
10714 
10716 
10716 
10716 
10716 
10718 
10718 
10718 
10718 
10717 
10716 
10716 
10716 
10717 
10717 
10717 
10716 
10715 
10715 
10714 
10714 
10716 
10716 
10715 
10715 
10716 
10717 
10717 
10717 
10716 
10716 
10716 
10716 
10716 
10716 
10717 
10717 
10717 
10718 
10718 
10718 
10718 
10718 
10718 
10720 
10720 
10720 
10720 
10722 
10722 
10722 
10721 
10721 
10721 
10721 
10721 
10721 
10721 
10722 
10722 
10724 
10724 
10724 
10725 
10727 
10726 
10728 
10728 
10728 
10728 
10728 
10727 
10727 
10726 
10727 
10727 
10727 
10729 
10731 
10731 
10730 
10731 
10731 
10733 
10733 
10733 
10733 
10732 
10732 
10732 
10732 
10734 
10734 
10734 
10734 
10733 
10733 
10733 
10733 
10733 
10732 
10732 
10734 
10733 
10734 
10734 
10734 
10734 
10734 
10733 
10733 
10733 
10733 
10732 
10732 
10732 
10732 
10732 
10734 
10734 
10736 
10736 
10736 
10736 
10736 
10736 
10736 
10737 
10736 
10736 
10736 
10736 
10736 
10736 
10736 
10737 
10737 
10738 
10738 
10738 
10739 
10740 
10739 
10739 
10741 
10741 
10742 
10741 
10741 
10741 
10740 
10742 
10742 
10742 
10741 
10741 
10741 
10741 
10743 
10744 
10744 
10744 
10745 
10745 
10745 
10745 
10745 
10745 
10745 
10745 
10744 
10744 
10744 
10743 
10743 
10743 
10743 
10744 
10744 
10743 
10743 
10743 
10743 
10743 
10742 
10743 
10743 
10743 
10744 
10746 
10746 
10746 
10748 
10748 
10748 
10749 
10749 
10749 
10751 
10751 
10751 
10751 
10751 
10751 
10750 
10750 
10750 
10751 
10751 
10751 
10752 
10754 
10754 
10756 
10755 
10754 
10754 
10753 
10754 
10754 
10754 
10754 
10754 
10754 
10756 
10755 
10756 
10755 
10755 
10754 
10754 
10754 
10753 
10752 
10751 
10751 
10752 
10752 
10752 
10752 
10751 
10750 
10750 
10750 
10749 
10748 
10748 
10748 
10748 
10750 
10750 
10750 
10750 
10750 
10750 
10752 
10752 
10752 
10752 
10752 
10752 
10754 
10754 
10755 
10755 
10755 
10756 
10756 
10758 
10758 
10760 
10760 
10760 
10760 
10760 
10760 
10759 
10760 
10760 
10760 
10760 
10762 
10764 
10764 
10764 
10765 
10765 
10767 
10767 
10767 
10767 
10767 
10767 
10766 
10766 
10768 
10767 
10767 
10766 
10766 
10765 
10765 
10767 
10766 
10766 
10766 
10766 
10766 
10766 
10767 
10766 
10766 
10766 
10766 
10768 
10770 
10770 
10770 
10772 
10772 
10772 
10772 
10771 
10771 
10771 
10771 
10773 
10775 
10775 
10775 
10777 
10778 
10778 
10778 
10778 
10777 
10777 
10777 
10776 
10775 
10775 
10774 
10774 
10774 
10774 
10776 
10776 
10778 
10778 
10778 
10779 
10781 
10781 
10781 
10783 
10784 
10785 
10785 
10785 
10785 
10785 
10785 
10785 
10785 
10786 
10786 
10786 
10787 
10787 
10787 
10787 
10787 
10786 
10786 
10786 
10786 
10786 
10787 
10787 
10789 
10788 
10788 
10788 
10788 
10788 
10788 
10787 
10786 
10786 
10787 
10786 
10786 
10785 
10785 
10785 
10785 
10784 
10784 
10784 
10784 
10784 
10783 
10784 
10784 
10784 
10784 
10784 
10785 
10785 
10785 
10785 
10784 
10784 
10785 
10785 
10785 
10785 
10785 
10785 
10784 
10784 
10786 
10785 
10784 
10784 
10784 
10784 
10784 
10785 
10785 
10787 
10787 
10786 
10786 
10786 
10787 
10789 
10789 
10789 
10788 
10789 
10789 
10789 
10789 
10789 
10789 
10788 
10789 
10788 
10788 
10788 
10787 
10786 
10786 
10785 
10785 
10785 
10785 
10784 
10786 
10785 
10786 
10785 
10785 
10785 
10784 
10784 
10784 
10784 
10783 
10783 
10783 
10783 
10783 
10783 
10782 
10781 
10782 
10782 
10783 
10783 
10783 
10785 
10784 
10784 
10784 
10783 
10785 
10785 
10785 
10784 
10784 
10784 
10784 
10784 
10784 
10786 
10787 
10787 
10787 
10787 
10787 
10787 
10787 
10787 
10788 
10788 
10789 
10790 
10790 
10790 
10792 
10792 
10794 
10794 
10793 
10794 
10794 
10793 
10795 
10795 
10797 
10797 
10797 
10797 
10796 
10796 
10796 
10797 
10796 
10796 
10796 
10796 
10796 
10796 
10797 
10796 
10798 
10797 
10796 
10795 
10795 
10795 
10795 
10794 
10794 
10794 
10794 
10794 
10796 
10798 
10798 
10798 
10798 
10798 
10798 
10798 
10800 
10800 
10800 
10800 
10800 
10800 
10800 
10800 
10801 
10801 
10801 
10802 
10802 
10802 
10803 
10802 
10801 
10800 
10801 
10801 
10803 
10803 
10802 
10802 
10801 
10801 
10800 
10802 
10802 
10801 
10801 
10801 
10801 
10802 
10801 
10801 
10800 
10800 
10800 
10801 
10801 
10803 
10803 
10803 
10802 
10802 
10802 
10802 
10804 
10804 
10804 
10804 
10805 
10805 
10805 
10805 
10804 
10805 
10804 
10803 
10802 
10802 
10802 
10802 
10804 
10804 
10803 
10805 
10805 
10805 
10805 
10805 
10807 
10807 
10809 
10809 
10811 
10810 
10810 
10812 
10814 
10814 
10814 
10814 
10814 
10813 
10813 
10813 
10815 
10815 
10815 
10817 
10817 
10817 
10816 
10816 
10816 
10816 
10817 
10817 
10817 
10816 
10816 
10818 
10817 
10817 
10817 
10817 
10819 
10819 
10819 
10818 
10818 
10818 
10818 
10818 
10818 
10818 
10817 
10817 
10817 
10817 
10817 
10817 
10816 
10817 
10817 
10818 
10818 
10819 
10820 
10820 
10821 
10823 
10823 
10823 
10822 
10822 
10822 
10822 
10824 
10824 
10824 
10824 
10824 
10824 
10823 
10822 
10822 
10822 
10822 
10822 
10822 
10822 
10823 
10823 
10823 
10823 
10823 
10825 
10825 
10824 
10824 
10824 
10824 
10826 
10826 
10826 
10826 
10826 
10826 
10826 
10825 
10826 
10828 
10827 
10827 
10827 
10827 
10827 
10827 
10828 
10828 
10828 
10828 
10828 
10828 
10828 
10829 
10828 
10829 
10830 
10830 
10830 
10831 
10833 
10833 
10834 
10834 
10836 
10836 
10837 
10839 
10838 
10837 
10838 
10838 
10838 
10838 
10837 
10836 
10835 
10835 
10835 
10835 
10835 
10835 
10837 
10837 
10839 
10839 
10839 
10839 
10839 
10839 
10839 
10839 
10838 
10838 
10838 
10839 
10839 
10838 
10838 
10837 
10838 
10838 
10838 
10838 
10838 
10839 
10841 
10841 
10840 
10842 
10842 
10841 
10840 
10839 
10838 
10840 
10840 
10840 
10842 
10842 
10842 
10842 
10842 
10842 
10841 
10840 
10841 
10840 
10840 
10840 
10840 
10839 
10839 
10840 
10840 
10842 
10842 
10841 
10841 
10841 
10840 
10841 
10840 
10840 
10840 
10840 
10840 
10840 
10840 
10840 
10839 
10839 
10839 
10840 
10840 
10840 
10840 
10840 
10841 
10840 
10840 
10842 
10843 
10845 
10845 
10845 
10845 
10844 
10844 
10844 
10844 
10846 
10846 
10846 
10846 
10846 
10846 
10846 
10847 
10847 
10847 
10846 
10846 
10845 
10847 
10847 
10847 
10846 
10848 
10847 
10847 
10846 
10846 
10846 
10845 
10845 
10845 
10845 
10844 
10844 
10844 
10843 
10843 
10844 
10844 
10844 
10843 
10845 
10845 
10845 
10845 
10847 
10847 
10847 
10847 
10847 
10847 
10846 
10846 
10846 
10847 
10847 
10847 
10847 
10846 
10845 
10845 
10846 
10845 
10845 
10845 
10844 
10844 
10844 
10844 
10844 
10845 
10845 
10846 
10846 
10847 
10847 
10847 
10846 
10846 
10847 
10847 
10847 
10846 
10846 
10846 
10846 
10847 
10846 
10845 
10845 
10845 
10845 
10845 
10846 
10845 
10845 
10845 
10845 
10845 
10847 
10847 
10847 
10847 
10848 
10847 
10847 
10846 
10845 
10845 
10845 
10845 
10844 
10844 
10845 
10845 
10845 
10844 
10844 
10845 
10846 
10845 
10845 
10845 
10845 
10845 
10845 
10845 
10845 
10846 
10846 
10845 
10844 
10845 
10846 
10846 
10848 
10848 
10848 
10847 
10847 
10847 
10847 
10846 
10846 
10846 
10846 
10846 
10846 
10846 
10846 
10846 
10847 
10847 
10846 
10848 
10848 
10848 
10848 
10848 
10848 
10848 
10847 
10846 
10845 
10847 
10847 
10847 
10847 
10847 
10847 
10849 
10849 
10848 
10849 
10848 
10848 
10848 
10848 
10848 
10850 
10850 
10850 
10850 
10850 
10850 
10850 
10850 
10851 
10851 
10851 
10851 
10851 
10851 
10851 
10851 
10852 
10852 
10853 
10854 
10854 
10854 
10854 
10854 
10854 
10856 
10856 
10857 
10857 
10856 
10856 
10855 
10854 
10854 
10855 
10855 
10855 
10857 
10856 
10856 
10857 
10856 
10856 
10856 
10858 
10858 
10858 
10859 
10859 
10861 
10861 
10861 
10861 
10861 
10860 
10860 
10862 
10862 
10862 
10862 
10861 
10860 
10860 
10860 
10859 
10858 
10858 
10858 
10858 
10858 
10859 
10861 
10861 
10861 
10860 
10862 
10862 
10862 
10862 
10862 
10864 
10864 
10864 
10864 
10864 
10863 
10862 
10862 
10862 
10864 
10863 
10864 
10863 
10862 
10861 
10861 
10863 
10862 
10863 
10862 
10862 
10863 
10863 
10865 
10865 
10864 
10864 
10863 
10862 
10864 
10866 
10865 
10865 
10865 
10865 
10865 
10866 
10866 
10866 
10866 
10865 
10865 
10866 
10865 
10865 
10865 
10865 
10865 
10867 
10867 
10867 
10867 
10866 
10868 
10867 
10866 
10866 
10866 
10866 
10866 
10866 
10865 
10865 
10867 
10867 
10867 
10867 
10867 
10867 
10868 
10868 
10869 
10868 
10867 
10867 
10868 
10868 
10868 
10867 
10867 
10867 
10867 
10867 
10868 
10867 
10869 
10869 
10868 
10869 
10869 
10871 
10871 
10872 
10872 
10874 
10874 
10875 
10875 
10875 
10875 
10875 
10875 
10874 
10875 
10874 
10873 
10873 
10873 
10873 
10873 
10875 
10875 
10875 
10875 
10875 
10874 
10873 
10874 
10873 
10873 
10875 
10875 
10874 
10876 
10875 
10875 
10874 
10876 
10875 
10875 
10874 
10874 
10874 
10873 
10873 
10873 
10873 
10872 
10872 
10872 
10872 
10872 
10871 
10873 
10873 
10873 
10873 
10872 
10872 
10873 
10872 
10873 
10872 
10871 
10870 
10870 
10869 
10869 
10870 
10870 
10870 
10870 
10870 
10869 
10869 
10868 
10868 
10868 
10870 
10870 
10870 
10869 
10869 
10869 
10869 
10869 
10869 
10869 
10868 
10868 
10870 
10869 
10868 
10867 
10866 
10865 
10865 
10867 
10867 
10866 
10866 
10868 
10868 
10868 
10868 
10868 
10867 
10869 
10869 
10869 
10869 
10869 
10869 
10869 
10869 
10870 
10869 
10869 
10869 
10869 
10869 
10871 
10871 
10871 
10871 
10872 
10872 
10871 
10870 
10870 
10870 
10870 
10869 
10869 
10869 
10869 
10871 
10871 
10871 
10871 
10871 
10871 
10871 
10873 
10872 
10872 
10872 
10872 
10874 
10873 
10874 
10874 
10873 
10873 
10872 
10872 
10871 
10870 
10870 
10869 
10869 
10868 
10868 
10868 
10868 
10867 
10868 
10869 
10869 
10869 
10870 
10871 
10871 
10871 
10870 
10870 
10870 
10869 
10871 
10871 
10871 
10871 
10871 
10871 
10873 
10872 
10874 
10874 
10873 
10872 
10872 
10872 
10872 
10871 
10871 
10873 
10872 
10874 
10874 
10874 
10876 
10876 
10875 
10875 
10874 
10874 
10874 
10873 
10875 
10874 
10873 
10873 
10872 
10873 
10873 
10875 
10875 
10875 
10875 
10875 
10874 
10874 
10874 
10873 
10875 
10875 
10875 
10875 
10874 
10874 
10876 
10878 
10878 
10877 
10876 
10876 
10876 
10876 
10876 
10876 
10877 
10877 
10877 
10876 
10877 
10878 
10879 
10880 
10881 
10881 
10882 
10883 
10884 
10885 
10886 
10887 
10888 
10889 
10890 
10891 
10891 
10892 
10892 
10893 
10894 
10895 
10896 
10897 
10898 
10898 
10899 
10900 
10900 
10901 
10902 
10902 
10903 
10904 
10905 
10905 
10906 
10907 
10907 
10908 
10909 
10910 
10911 
10912 
10913 
10914 
10914 
10914 
10915 
10914 
10915 
10915 
10915 
10915 
10915 
10915 
10915 
10915 
10916 
10917 
10918 
10918 
10918 
10918 
10918 
10919 
10920 
10921 
10922 
10923 
10924 
10925 
10926 
10927 
10928 
10927 
10928 
10928 
10929 
10930 
10931 
10932 
10933 
10933 
10933 
10933 
10934 
10934 
10934 
10935 
10936 
10937 
10938 
10939 
10940 
10939 
10940 
10940 
10941 
10942 
10943 
10944 
10945 
10945 
10946 
10947 
10948 
10949 
10950 
10951 
10951 
10952 
10953 
10953 
10954 
10955 
10955 
10955 
10956 
10956 
10957 
10957 
10958 
10958 
10959 
10960 
10961 
10962 
10963 
10964 
10964 
10965 
10965 
10966 
10967 
10967 
10968 
10969 
10969 
10968 
10969 
10970 
10970 
10971 
10972 
10973 
10974 
10975 
10976 
10976 
10977 
10978 
10979 
10979 
10980 
10981 
10982 
10983 
10984 
10985 
10986 
10987 
10988 
10989 
10990 
10991 
10992 
10992 
10993 
10994 
10995 
10995 
10996 
10996 
10997 
10997 
10998 
10998 
10999 
10998 
10999 
11000 
11001 
11002 
11003 
11004 
11005 
11006 
11007 
11008 
11009 
11009 
11010 
11011 
11012 
11013 
11014 
11015 
11016 
11016 
11017 
11017 
11018 
11018 
11018 
11018 
11018 
11019 
11019 
11020 
11021 
11022 
11023 
11024 
11024 
11025 
11026 
11027 
11028 
11029 
11029 
11030 
11031 
11032 
11033 
11034 
11035 
11036 
11036 
11036 
11037 
11038 
11039 
11039 
11040 
11041 
11041 
11042 
11043 
11044 
11045 
11046 
11047 
11048 
11049 
11049 
11049 
11049 
11050 
11050 
11051 
11052 
11051 
11051 
11052 
11053 
11052 
11052 
11053 
11053 
11054 
11054 
11054 
11055 
11055 
11056 
11057 
11058 
11058 
11059 
11060 
11061 
11061 
11061 
11061 
11061 
11062 
11063 
11064 
11065 
11066 
11066 
11066 
11067 
11068 
11069 
11069 
11070 
11070 
11071 
11072 
11073 
11073 
11074 
11074 
11074 
11075 
11076 
11077 
11078 
11078 
11078 
11079 
11080 
11081 
11082 
11082 
11083 
11083 
11083 
11084 
11085 
11085 
11086 
11087 
11088 
11089 
11090 
11090 
11091 
11092 
11092 
11093 
11092 
11092 
11093 
11094 
11095 
11096 
11097 
11097 
11098 
11099 
11100 
11101 
11102 
11103 
11104 
11105 
11106 
11107 
11108 
11108 
11109 
11110 
11111 
11111 
11111 
11112 
11113 
11113 
11114 
11115 
11116 
11117 
11118 
11119 
11120 
11121 
11122 
11122 
11123 
11123 
11124 
11125 
11126 
11127 
11128 
11129 
11130 
11131 
11132 
11133 
11133 
11134 
11133 
11134 
11135 
11136 
11136 
11135 
11135 
11136 
11137 
11137 
11138 
11139 
11140 
11141 
11142 
11143 
11143 
11144 
11144 
11145 
11145 
11146 
11147 
11148 
11149 
11150 
11150 
11151 
11152 
11153 
11154 
11155 
11156 
11157 
11158 
11159 
11159 
11160 
11161 
11162 
11163 
11164 
11165 
11166 
11167 
11167 
11168 
11168 
11169 
11169 
11170 
11170 
11171 
11172 
11172 
11173 
11174 
11175 
11176 
11177 
11176 
11177 
11178 
11179 
11180 
11180 
11180 
11181 
11182 
11181 
11182 
11182 
11183 
11184 
11185 
11186 
11186 
11187 
11187 
11187 
11188 
11189 
11190 
11191 
11192 
11192 
11193 
11194 
11195 
11196 
11196 
11197 
11198 
11199 
11200 
11201 
11202 
11203 
11204 
11204 
11205 
11206 
11207 
11206 
11207 
11207 
11207 
11208 
11209 
11210 
11211 
11212 
11213 
11213 
11214 
11215 
11216 
11216 
11217 
11216 
11216 
11217 
11218 
11217 
11218 
11218 
11219 
11220 
11221 
11222 
11223 
11224 
11225 
11226 
11227 
11228 
11229 
11230 
11230 
11230 
11231 
11232 
11232 
11233 
11234 
11235 
11235 
11235 
11235 
11236 
11237 
11238 
11238 
11239 
11240 
11241 
11241 
11242 
11243 
11243 
11244 
11245 
11246 
11245 
11246 
11247 
11248 
11249 
11248 
11249 
11249 
11249 
11249 
11250 
11250 
11251 
11252 
11253 
11254 
11255 
11255 
11256 
11257 
11257 
11258 
11259 
11260 
11261 
11262 
11263 
11263 
11263 
11264 
11265 
11266 
11267 
11268 
11269 
11270 
11271 
11271 
11271 
11272 
11273 
11274 
11275 
11276 
11276 
11277 
11278 
11278 
11279 
11280 
11281 
11282 
11282 
11283 
11284 
11284 
11285 
11286 
11287 
11288 
11289 
11290 
11291 
11292 
11293 
11293 
11294 
11295 
11296 
11297 
11298 
11299 
11300 
11300 
11300 
11301 
11302 
11303 
11304 
11305 
11306 
11306 
11305 
11305 
11305 
11306 
11306 
11307 
11308 
11309 
11309 
11310 
11311 
11311 
11311 
11312 
11312 
11313 
11314 
11315 
11316 
11316 
11316 
11317 
11317 
11318 
11319 
11320 
11320 
11320 
11321 
11321 
11322 
11323 
11324 
11325 
11326 
11327 
11328 
11328 
11329 
11330 
11331 
11330 
11330 
11331 
11331 
11332 
11333 
11334 
11334 
11335 
11335 
11336 
11336 
11337 
11337 
11336 
11336 
11337 
11337 
11338 
11338 
11339 
11340 
11340 
11341 
11342 
11343 
11343 
11344 
11344 
11345 
11346 
11347 
11348 
11348 
11349 
11350 
11351 
11351 
11352 
11353 
11354 
11355 
11356 
11357 
11358 
11358 
11357 
11358 
11359 
11359 
11360 
11361 
11362 
11363 
11364 
11365 
11366 
11367 
11367 
11368 
11368 
11368 
11368 
11369 
11369 
11370 
11370 
11371 
11371 
11372 
11373 
11374 
11375 
11376 
11377 
11378 
11379 
11379 
11379 
11380 
11381 
11382 
11382 
11383 
11383 
11384 
11385 
11386 
11387 
11386 
11387 
11388 
11389 
11388 
11389 
11390 
11391 
11392 
11393 
11394 
11395 
11396 
11396 
11396 
11395 
11396 
11397 
11397 
11397 
11398 
11399 
11400 
11400 
11401 
11402 
11402 
11403 
11404 
11404 
11405 
11405 
11406 
11407 
11408 
11409 
11410 
11411 
11412 
11413 
11414 
11415 
11416 
11417 
11417 
11418 
11418 
11418 
11419 
11419 
11420 
11419 
11420 
11421 
11421 
11422 
11423 
11424 
11425 
11426 
11426 
11427 
11428 
11427 
11427 
11428 
11429 
11430 
11431 
11432 
11432 
11433 
11434 
11435 
11435 
11435 
11436 
11436 
11437 
11438 
11438 
11439 
11440 
11441 
11442 
11443 
11444 
11445 
11446 
11446 
11447 
11448 
11449 
11450 
11451 
11452 
11453 
11454 
11455 
11456 
11457 
11457 
11458 
11458 
11459 
11460 
11461 
11461 
11462 
11462 
11463 
11463 
11464 
11464 
11465 
11466 
11466 
11467 
11468 
11469 
11470 
11471 
11471 
11471 
11472 
11473 
11473 
11474 
11475 
11476 
11476 
11476 
11477 
11477 
11478 
11479 
11480 
11481 
11481 
11482 
11483 
11483 
11483 
11483 
11483 
11484 
11485 
11486 
11486 
11487 
11488 
11489 
11490 
11491 
11491 
11491 
11491 
11491 
11491 
11492 
11493 
11493 
11494 
11495 
11495 
11495 
11496 
11497 
11496 
11497 
11496 
11496 
11496 
11496 
11497 
11498 
11499 
11500 
11501 
11502 
11503 
11503 
11504 
11504 
11505 
11505 
11505 
11506 
11507 
11508 
11509 
11510 
11510 
11511 
11512 
11512 
11513 
11514 
11515 
11515 
11515 
11515 
11516 
11517 
11518 
11519 
11520 
11520 
11521 
11522 
11522 
11523 
11524 
11524 
11525 
11526 
11527 
11528 
11529 
11529 
11530 
11531 
11532 
11533 
11533 
11534 
11535 
11536 
11536 
11537 
11538 
11539 
11540 
11541 
11542 
11543 
11544 
11545 
11546 
11547 
11548 
11549 
11550 
11551 
11552 
11553 
11554 
11555 
11555 
11556 
11557 
11558 
11559 
11560 
11561 
11561 
11562 
11563 
11564 
11563 
11564 
11565 
11565 
11566 
11567 
11568 
11568 
11568 
11569 
11570 
11571 
11571 
11572 
11573 
11573 
11574 
11575 
11576 
11576 
11576 
11577 
11577 
11578 
11579 
11579 
11580 
11581 
11582 
11583 
11584 
11584 
11585 
11586 
11587 
11587 
11587 
11588 
11589 
11590 
11591 
11591 
11590 
11591 
11592 
11593 
11594 
11595 
11596 
11597 
11598 
11598 
11599 
11599 
11600 
11600 
11600 
11600 
11601 
11601 
11602 
11603 
11604 
11605 
11606 
11607 
11607 
11608 
11609 
11609 
11610 
11611 
11612 
11613 
11614 
11614 
11614 
11615 
11616 
11617 
11618 
11619 
11619 
11620 
11621 
11622 
11623 
11624 
11625 
11625 
11626 
11626 
11627 
11627 
11628 
11629 
11629 
11630 
11630 
11631 
11632 
11633 
11634 
11635 
11635 
11636 
11637 
11638 
11638 
11639 
11640 
11640 
11641 
11642 
11642 
11642 
11642 
11643 
11644 
11645 
11646 
11647 
11648 
11649 
11650 
11651 
11652 
11653 
11654 
11655 
11656 
11656 
11656 
11657 
11658 
11659 
11660 
11661 
11661 
11662 
11663 
11664 
11665 
11666 
11666 
11667 
11668 
11669 
11670 
11671 
11672 
11673 
11674 
11674 
11674 
11675 
11675 
11676 
11677 
11678 
11679 
11680 
11681 
11682 
11683 
11684 
11684 
11684 
11685 
11686 
11687 
11688 
11689 
11690 
11690 
11691 
11692 
11692 
11691 
11692 
11692 
11693 
11694 
11694 
11695 
11695 
11696 
11696 
11697 
11698 
11699 
11700 
11701 
11702 
11703 
11704 
11705 
11705 
11706 
11707 
11708 
11709 
11710 
11711 
11712 
11713 
11714 
11714 
11715 
11715 
11716 
11717 
11718 
11718 
11718 
11719 
11720 
11721 
11722 
11723 
11724 
11725 
11726 
11727 
11727 
11727 
11728 
11728 
11728 
11729 
11730 
11731 
11731 
11732 
11733 
11734 
11735 
11735 
11736 
11737 
11737 
11737 
11738 
11738 
11737 
11737 
11738 
11739 
11740 
11741 
11742 
11743 
11744 
11744 
11745 
11746 
11747 
11747 
11748 
11749 
11749 
11750 
11751 
11751 
11752 
11752 
11753 
11753 
11754 
11754 
11755 
11756 
11757 
11758 
11759 
11760 
11761 
11762 
11762 
11763 
11764 
11764 
11764 
11764 
11764 
11763 
11763 
11764 
11765 
11766 
11767 
11767 
11767 
11768 
11769 
11770 
11771 
11771 
11771 
11772 
11773 
11773 
11774 
11775 
11775 
11775 
11776 
11777 
11777 
11778 
11779 
11779 
11779 
11779 
11779 
11780 
11779 
11779 
11780 
11780 
11780 
11780 
11781 
11782 
11783 
11782 
11782 
11782 
11782 
11783 
11784 
11785 
11786 
11787 
11788 
11789 
11790 
11791 
11792 
11792 
11793 
11793 
11794 
11795 
11796 
11797 
11797 
11798 
11798 
11798 
11799 
11800 
11801 
11800 
11800 
11800 
11800 
11800 
11801 
11802 
11803 
11804 
11804 
11805 
11805 
11806 
11807 
11807 
11807 
11808 
11808 
11809 
11809 
11810 
11810 
11811 
11812 
11813 
11814 
11814 
11815 
11816 
11815 
11816 
11817 
11818 
11818 
11819 
11819 
11820 
11821 
11821 
11822 
11823 
11823 
11824 
11824 
11825 
11826 
11827 
11827 
11827 
11828 
11829 
11830 
11831 
11831 
11832 
11833 
11834 
11834 
11835 
11836 
11836 
11837 
11838 
11838 
11839 
11840 
11841 
11841 
11841 
11842 
11843 
11844 
11845 
11845 
11845 
11846 
11847 
11848 
11849 
11850 
11851 
11852 
11852 
11853 
11854 
11855 
11855 
11856 
11856 
11857 
11858 
11859 
11860 
11861 
11861 
11861 
11862 
11862 
11862 
11863 
11864 
11865 
11865 
11866 
11867 
11868 
11869 
11870 
11870 
11871 
11872 
11872 
11873 
11874 
11875 
11875 
11875 
11876 
11877 
11877 
11878 
11878 
11879 
11880 
11881 
11881 
11882 
11883 
11884 
11885 
11885 
11885 
11886 
11887 
11888 
11889 
11889 
11890 
11890 
11891 
11892 
11893 
11894 
11895 
11896 
11897 
11898 
11898 
11898 
11898 
11897 
11897 
11898 
11899 
11900 
11901 
11901 
11901 
11901 
11901 
11902 
11903 
11904 
